{
  "growth": {
    "mean": 0.04384785862012798,
    "median": 0.04274617036271407,
    "std": 0.01156425632382603,
    "q025": 0.025178359033217308,
    "q975": 0.06979452197642101,
    "support_lower": 0.0,
    "support_upper": 0.3
  },
  "margin": {
    "mean": 0.2510489097120451,
    "median": 0.2495735169212123,
    "std": 0.04624522355516831,
    "q025": 0.16445864308575867,
    "q975": 0.3438756408744358,
    "support_lower": 0.05,
    "support_upper": 0.5
  },
  "lease_multiple": {
    "mean": 3.05161185271212,
    "median": 2.9521753042943324,
    "std": 0.7477025169631649,
    "q025": 1.8576461784270577,
    "q975": 4.772325842483599,
    "support_lower": 0.0,
    "support_upper": Infinity
  },
  "rate": {
    "mean": 0.0573163853312633,
    "median": 0.05727594919199906,
    "std": 0.0038647057445592324,
    "q025": 0.04987456119174478,
    "q975": 0.06497035551324253,
    "support_lower": 0.01,
    "support_upper": 0.15
  },
  "diagnostics": {
    "n_samples": 2000,
    "n_firms": 5,
    "method": "laplace_approximation"
  }
}