year,opening_cash,opening_financial_debt,opening_revolver,opening_lease_liability,entry_enterprise_value,transaction_fees,purchase_price,total_uses,debt_sources,cash_sources,opening_cash_use,total_sources,sponsor_equity,revenue,ebitda,da,ebit,negative_ebitda_flag,operating_cash_generation,cash_before_financing,cash_taxes,capex,working_capital,delta_working_capital,cash_interest,lease_interest_cash_payment,lease_interest,lease_principal_cash_payment,lease_additions,scheduled_debt_amortisation,actual_mandatory_amortisation,unpaid_amortisation,payment_default_flag,cash_after_mandatory_amortisation,revolver_draw_for_amortisation,revolver_draw_for_liquidity,revolver_draw,revolver_repayment,cash_sweep,funding_deficit,insolvency_flag,cash_after_financing,debt_balance,revolver_balance,lease_liability,cash,ending_cash,exit_enterprise_value,exit_equity,scenario_id,scenario_type,analytic_leverage,analytic_icr,simulated_leverage,simulated_icr,leverage_difference,icr_difference
1,27.0,624.0,0.0,429.00000000000006,9000.0,270.0,9000.0,9297.0,624.0,0.0,27.0,9297.0,8673.0,1200.0,182.92409870305465,36.0,146.92409870305465,False,54.025574027291,35.36394646314451,22.008524675763663,48.0,24.0,0.0,37.44,21.450000000000003,21.450000000000003,45.66162756414649,14.655056046481512,30.0,30.0,0.0,False,5.363946463144508,0.0,19.636053536855492,19.636053536855492,0.0,0.0,0.0,False,25.0,594.0,19.636053536855492,397.99342848233505,25.0,25.0,0.0,0.0,0000,distressed,3.9919717249680695,4.495285336636744,5.393655013278547,3.106199672322205,-1.4016832883104775,1.389085664314539
2,25.0,594.0,19.636053536855492,397.99342848233505,9000.0,270.0,9000.0,9297.0,624.0,0.0,27.0,9297.0,8673.0,1096.537005342717,167.15253616405263,32.89611016028151,134.25642600377114,False,49.257833365300804,31.896463425118625,19.38464784186077,43.86148021370868,21.93074010685434,-2.0692598931456594,36.818163212211324,19.899671424116754,19.899671424116754,42.36136994018217,13.391509391948762,30.0,30.0,0.0,False,1.8964634251186254,0.0,23.103536574881375,23.103536574881375,0.0,0.0,0.0,False,25.0,564.0,42.73959011173687,369.02356793410166,25.0,25.0,0.0,0.0,0000,distressed,3.9737433308164856,4.5053958327750125,5.6879972022243654,2.947089521943606,-1.7142538714078799,1.5583063108314064
3,25.0,564.0,42.73959011173687,369.02356793410166,9000.0,270.0,9000.0,9297.0,624.0,0.0,27.0,9297.0,8673.0,1001.9945034049783,152.74078453397541,30.05983510214935,122.68094943182606,False,42.73995172601754,28.46205727054094,16.95634890710419,40.07978013619913,20.039890068099567,-1.890850038754774,36.40437540670421,18.451178396705085,18.451178396705085,39.2778944554766,12.23690467138864,30.0,30.0,0.0,False,0.0,1.5379427294590613,25.0,26.53794272945906,0.0,0.0,0.0,False,25.0,534.0,69.27753284119592,341.9825781500137,25.0,25.0,0.0,0.0,0000,distressed,3.956999209401591,4.513376401235591,6.0249796005631255,2.7844178746488657,-2.0679803911615346,1.7289585265867249
4,25.0,534.0,69.27753284119592,341.9825781500137,9000.0,270.0,9000.0,9297.0,624.0,0.0,27.0,9297.0,8673.0,915.603376777965,139.5716020554855,27.468101303338948,112.10350075214654,False,36.6775786703912,25.27785578714517,14.701929968543528,36.6241350711186,18.3120675355593,-1.7278225325402659,36.196651970471756,17.099128907500685,17.099128907500685,36.39972288324603,11.181849002524004,30.0,30.0,0.0,False,0.0,4.722144212854829,25.0,29.72214421285483,0.0,0.0,0.0,False,25.0,504.0,98.99967705405075,316.76470426929166,25.0,25.0,0.0,0.0,0000,distressed,3.9419132420696683,4.518935383668133,6.410791078887498,2.618811466053057,-2.4688778368178297,1.9001239176150757
5,25.0,504.0,98.99967705405075,316.76470426929166,9000.0,270.0,9000.0,9297.0,624.0,0.0,27.0,9297.0,8673.0,836.660820711491,127.53785545733959,25.09982462134473,102.43803083599485,False,31.027104163679994,22.31150520840867,12.604953749821806,33.466432828459645,16.733216414229823,-1.5788511213294782,36.17998062324304,15.838235213464584,15.838235213464584,33.715598955271325,10.217759349518435,30.0,23.31182815435792,6.688171845642081,True,0.0,1.0003229459492502,0.0,1.0003229459492502,0.0,0.0,25.0,True,0.0,480.6881718456421,100.0,293.26686466353874,0.0,0.0,1020.3028436587167,131.04326449465518,0000,distressed,3.928691955598786,4.5217401410644245,6.8525147563070945,2.4517921925215305,-2.9238228007083085,2.069947948542894
1,30.0,390.0,0.0,300.0,5700.0,171.0,5700.0,5901.0,390.0,0.0,30.0,5901.0,5511.0,760.0,137.55966476535917,22.8,114.75966476535918,False,49.669748574019366,38.14882416164718,19.089916191339796,30.400000000000002,15.200000000000001,0.0,23.4,15.0,15.0,41.52092441237219,5.941709435121445,30.0,30.0,0.0,False,8.148824161647177,0.0,16.851175838352823,16.851175838352823,0.0,0.0,0.0,False,25.0,360.0,16.851175838352823,264.4207850227492,25.0,25.0,0.0,0.0,0001,base,4.087263061909535,4.379048081679494,4.4800338959265495,3.5822829365978954,-0.3927708340170142,0.7967651450815989
2,25.0,360.0,16.851175838352823,264.4207850227492,5700.0,171.0,5700.0,5901.0,390.0,0.0,30.0,5901.0,5511.0,767.3933728010301,138.89786198114209,23.021801184030902,115.87606079711118,False,52.21116206272352,40.614510636091225,20.01098774891814,30.695734912041203,15.347867456020602,0.14786745602060059,22.61107055030117,13.221039251137462,13.221039251137462,36.59665142663229,5.999511110028354,30.0,30.0,0.0,False,10.614510636091225,0.0,14.385489363908775,14.385489363908775,0.0,0.0,0.0,False,25.0,330.0,31.236665202261598,233.8236447061453,25.0,25.0,0.0,0.0,0001,base,3.6747577361595694,4.833504273906709,4.10416907630877,3.8763517624509354,-0.42941134014920035,0.957152511455774
3,25.0,330.0,31.236665202261598,233.8236447061453,5700.0,171.0,5700.0,5901.0,390.0,0.0,30.0,5901.0,5511.0,774.8586692354484,140.2490773428429,23.24576007706345,117.00331726577944,False,54.83055871770952,47.46864579214542,20.90948377958412,30.994346769417934,15.497173384708967,0.14930592868836534,21.674199912135695,11.691182235307267,11.691182235307267,32.3619129255641,6.057875086686725,30.0,30.0,0.0,False,17.468645792145423,0.0,7.5313542078545765,7.5313542078545765,0.0,0.0,0.0,False,25.0,300.0,38.768019410116175,207.51960686726792,25.0,25.0,0.0,0.0,0001,base,3.2892377041305623,5.362393720404772,3.716870272187827,4.203430871047021,-0.4276325680572648,1.158962849357751
4,25.0,300.0,38.768019410116175,207.51960686726792,5700.0,171.0,5700.0,5901.0,390.0,0.0,30.0,5901.0,5511.0,782.3965889851428,141.61343749257466,23.471897669554284,118.14153982302038,False,57.6048844514422,53.88353141537212,21.859869578762503,31.295863559405714,15.647931779702857,0.15075839499388977,20.32608116460697,10.375980343363397,10.375980343363397,28.72135303607008,6.116806835236655,30.0,30.0,0.0,False,23.88353141537212,0.0,1.1164685846278815,1.1164685846278815,0.0,0.0,0.0,False,25.0,270.0,39.884487994744056,184.9150606664345,25.0,25.0,0.0,0.0,0001,base,2.925002923165783,5.9923350569066,3.317478602168752,4.6125058232917455,-0.3924756790029691,1.3798292336148545
5,25.0,270.0,39.884487994744056,184.9150606664345,5700.0,171.0,5700.0,5901.0,390.0,0.0,30.0,5901.0,5511.0,790.0078385385921,142.9910703044404,23.70023515615776,119.29083514828264,False,60.53670625000231,59.943892061201495,22.86300320881907,31.600313541543684,15.800156770771842,0.15222499106898546,18.59306927968464,9.245753033321725,9.245753033321725,25.592814188800816,6.176311879032436,30.0,30.0,0.0,False,29.943892061201495,0.0,0.0,0.0,4.943892061201495,0.0,0.0,False,25.0,240.0,34.94059593354256,165.4985583566661,25.0,25.0,1143.9285624355232,711.3304797087817,0001,base,2.5770994830874177,6.763789972926391,2.905350336952529,5.1363907817908885,-0.3282508538651112,1.6273991911355026
1,30.0,390.0,0.0,300.0,5700.0,171.0,5700.0,5901.0,390.0,0.0,30.0,5901.0,5511.0,760.0,142.96892067340872,22.8,120.16892067340872,False,53.726690505056524,44.510301981914914,20.442230168352182,30.400000000000002,15.200000000000001,0.0,23.4,15.0,15.0,39.21638852314161,8.67275662333453,30.0,30.0,0.0,False,14.510301981914914,0.0,10.489698018085086,10.489698018085086,0.0,0.0,0.0,False,25.0,360.0,10.489698018085086,269.4563681001929,25.0,25.0,0.0,0.0,0002,base,4.045328835061214,4.4250563128583895,4.301256967051119,3.7231489758700187,-0.2559281319899043,0.7019073369883708
2,25.0,360.0,10.489698018085086,269.4563681001929,5700.0,171.0,5700.0,5901.0,390.0,0.0,30.0,5901.0,5511.0,784.2339528886265,147.52773921043132,23.527018586658794,124.00072062377252,False,57.896871666599544,47.67318626176012,22.074630084419443,31.36935811554506,15.68467905777253,0.48467905777252973,22.229381881085107,13.472818405009646,13.472818405009646,35.223685404839415,8.949302906787704,30.0,30.0,0.0,False,17.673186261760122,0.0,7.326813738239878,7.326813738239878,0.0,0.0,0.0,False,25.0,330.0,17.816511756324964,243.18198560214117,25.0,25.0,0.0,0.0,0002,base,3.59975622149513,4.93603650594925,3.8365564360146163,4.132174992808223,-0.2368002145194863,0.8038615131410269
3,25.0,330.0,17.816511756324964,243.18198560214117,5700.0,171.0,5700.0,5901.0,390.0,0.0,30.0,5901.0,5511.0,809.240648504369,152.23192379173548,24.277219455131068,127.95470433660441,False,62.60242036597986,55.813356268637875,23.731653587779462,32.369625940174764,16.184812970087382,0.5001339123148512,20.8689907053795,12.159099280107059,12.159099280107059,31.789064097341992,9.234667360773416,30.0,30.0,0.0,False,25.813356268637875,0.0,0.0,0.0,0.8133562686378752,0.0,0.0,False,25.0,300.0,17.00315548768709,220.6275888655726,25.0,25.0,0.0,0.0,0002,base,3.1889073467656224,5.535015656320519,3.367432609303265,4.609165224468939,-0.17852526253764278,0.9258504318515799
4,25.0,300.0,17.00315548768709,220.6275888655726,5700.0,171.0,5700.0,5901.0,390.0,0.0,30.0,5901.0,5511.0,835.0447271246538,157.08610967241168,25.051341813739615,132.03476785867207,False,67.6208704709469,63.780146324692744,25.49579977153305,33.401789084986156,16.700894542493078,0.516081572405696,19.020189329261225,11.031379443278631,11.031379443278631,28.840724146254153,9.52913116835647,30.0,30.0,0.0,False,33.780146324692744,0.0,0.0,0.0,8.780146324692744,0.0,0.0,False,25.0,270.0,8.223009162994344,201.3159958876749,25.0,25.0,0.0,0.0,0002,base,2.8062594114779404,6.253195169690786,2.893565866508297,5.227218281394742,-0.08730645503035639,1.0259768882960438
5,25.0,270.0,8.223009162994344,201.3159958876749,5700.0,171.0,5700.0,5901.0,390.0,0.0,30.0,5901.0,5511.0,861.6716147260155,162.09507991091016,25.850148441780465,136.24493146912968,False,72.96505944443732,71.64877174225653,27.371437781241568,34.46686458904062,17.23343229452031,0.5325377520272312,16.69338054977966,10.065799794383745,10.065799794383745,26.31628770218079,9.832984478624224,30.0,30.0,0.0,False,41.64877174225653,0.0,0.0,0.0,8.223009162994344,8.425762579262184,0.0,False,25.0,231.5742374207378,0.0,184.8326926641183,25.0,25.0,1296.7606392872813,885.9022996131159,0002,base,2.4462873011095803,7.138218371663936,2.4146749568215093,6.057550262232365,0.031612344288070915,1.0806681094315715
1,55.0,610.0,0.0,470.0,10875.0,326.25,10875.0,11256.25,610.0,0.0,55.0,11256.25,10646.25,1450.0,379.9515878483066,43.5,336.4515878483066,False,192.76369088622994,205.5741291015527,69.08789696207664,58.0,29.0,0.0,36.6,23.5,23.5,42.18956178467724,13.829849012059976,30.0,30.0,0.0,False,175.5741291015527,0.0,0.0,0.0,0.0,117.26478189236767,0.0,False,58.309347209185034,462.73521810763236,0.0,441.6402872273827,58.309347209185034,58.309347209185034,0.0,0.0,0003,base,2.7747144668075134,6.561254819875864,2.2267735816480307,6.321989814447697,0.5479408851594827,0.23926500542816687
2,58.309347209185034,462.73521810763236,0.0,441.6402872273827,10875.0,326.25,10875.0,11256.25,610.0,0.0,55.0,11256.25,10646.25,1501.7005683302698,393.49897614468307,45.05101704990809,348.447959094775,False,207.90035668530282,226.56585243792983,74.65045791173698,60.068022733210796,30.034011366605398,1.034011366605398,27.76411308645794,22.082014361369136,22.082014361369136,39.64385145655801,14.322960083677437,30.0,30.0,0.0,False,196.56585243792983,0.0,0.0,0.0,0.0,129.23900194302965,0.0,False,67.32685049490019,303.49621616460274,0.0,416.31939585450215,67.32685049490019,67.32685049490019,0.0,0.0,0003,base,2.3189704885339895,7.9032173759132345,1.6581714339309879,7.894273763925803,0.6607990546030016,0.008943611987431765
3,67.32685049490019,303.49621616460274,0.0,416.31939585450215,10875.0,326.25,10875.0,11256.25,610.0,0.0,55.0,11256.25,10646.25,1555.244549602383,407.52940421644814,46.657336488071486,360.87206772837663,False,224.7614186028654,254.71734809018471,80.46158124144384,62.209781984095315,31.104890992047658,1.0708796254422595,18.209772969876163,20.81596979272511,20.81596979272511,37.37092100758089,14.833653308848398,30.0,30.0,0.0,False,224.71734809018471,0.0,0.0,0.0,0.0,145.2973406650915,0.0,False,79.42000742509322,128.19887549951125,0.0,393.78212815576967,79.42000742509322,79.42000742509322,0.0,0.0,0003,base,1.8726013850209549,9.90691549705639,1.0859608942355814,10.442579061095728,0.7866404907853735,-0.5356635640393375
4,79.42000742509322,128.19887549951125,0.0,393.78212815576967,10875.0,326.25,10875.0,11256.25,610.0,0.0,55.0,11256.25,10646.25,1610.6976717451398,422.0600951194044,48.320930152354194,373.7391649670502,False,242.55255536166175,286.62470017924534,86.58953150732276,64.4279068698056,32.2139534349028,1.1090624428551408,7.691932529970675,19.689106407788486,19.689106407788486,35.34786260750965,15.362555589180568,30.0,30.0,0.0,False,256.62470017924534,0.0,0.0,0.0,0.0,98.19887549951125,0.0,False,158.4258246797341,0.0,0.0,373.7968211374406,158.4258246797341,158.4258246797341,0.0,0.0,0003,base,1.4333011422105895,13.239924332421854,0.5102851441019938,15.414319963490232,0.9230159981085957,-2.1743956310683785
5,158.4258246797341,0.0,0.0,373.7968211374406,10875.0,326.25,10875.0,11256.25,610.0,0.0,55.0,11256.25,10646.25,1668.128006253737,437.1088860071292,50.04384018761211,387.0650458195171,False,258.45151681927445,383.32346047710644,92.09380119066127,66.72512025014949,33.362560125074744,1.1486066901719454,0.0,18.68984105687203,18.68984105687203,33.55388102190212,15.910316178812291,0.0,0.0,0.0,False,383.32346047710644,0.0,0.0,0.0,0.0,0.0,0.0,False,383.32346047710644,0.0,0.0,356.1532562943508,383.32346047710644,383.32346047710644,3496.8710880570334,3471.5882259189334,0003,base,0.999013410890065,19.919029014108204,-0.06215889233217853,23.38751221463221,1.0611723032222435,-3.4684832005240054
1,55.0,610.0,0.0,470.0,10875.0,326.25,10875.0,11256.25,610.0,0.0,55.0,11256.25,10646.25,1450.0,357.7182261315228,43.5,314.2182261315228,False,176.08866959864207,177.21114600991012,63.52955653288069,58.0,29.0,0.0,36.6,23.5,23.5,53.87752358873194,7.878880713695597,30.0,30.0,0.0,False,147.21114600991012,0.0,0.0,0.0,0.0,105.31212586053407,0.0,False,41.89902014937606,474.6878741394659,0.0,424.00135712496365,41.89902014937606,41.89902014937606,0.0,0.0,0004,base,2.6203074510471063,6.935150015045805,2.395153918716001,5.952050351606037,0.22515353233110513,0.9830996634397682
2,41.89902014937606,474.6878741394659,0.0,424.00135712496365,10875.0,326.25,10875.0,11256.25,610.0,0.0,55.0,11256.25,10646.25,1559.8746595229588,384.8245490979765,46.79623978568876,338.0283093122877,False,198.46398697006498,191.7584472893249,72.08674225191788,62.394986380918354,31.197493190459177,2.197493190459177,28.481272448367953,21.200067856248182,21.200067856248182,48.60455983011614,8.47590784186064,30.0,30.0,0.0,False,161.7584472893249,0.0,0.0,0.0,0.0,113.9572210352087,0.0,False,47.80122625411619,330.7306531042572,0.0,383.87270513670813,47.80122625411619,47.80122625411619,0.0,0.0,0004,base,2.046595060362653,8.93207364450281,1.7327432294790557,7.745856829515136,0.31385183088359736,1.1862168149876728
3,47.80122625411619,330.7306531042572,0.0,383.87270513670813,10875.0,326.25,10875.0,11256.25,610.0,0.0,55.0,11256.25,10646.25,1678.0751402909425,413.9848706898498,50.34225420872827,363.64261648112154,False,224.3090955102539,228.10583085783108,81.15128550950767,67.1230056116377,33.56150280581885,2.36400961535967,19.843839186255433,19.193635256835407,19.193635256835407,44.00449090653901,9.118175075151958,30.0,30.0,0.0,False,198.10583085783108,0.0,0.0,0.0,0.0,135.55755667579854,0.0,False,62.54827418203254,165.17309642845868,0.0,348.9863893053211,62.54827418203254,62.54827418203254,0.0,0.0,0004,base,1.513496737826124,12.249772340871422,1.0908882027480817,10.604806704218543,0.4226085350780422,1.6449656366528789
4,62.54827418203254,165.17309642845868,0.0,348.9863893053211,10875.0,326.25,10875.0,11256.25,610.0,0.0,55.0,11256.25,10646.25,1805.2323366312244,445.35483394136935,54.15697009893673,391.19786384243264,False,252.2831516504764,274.82605897730934,90.95953964786476,72.20929346524898,36.10464673262449,2.543143926805641,9.91038578570752,17.449319465266054,17.449319465266054,40.00536685519963,9.809110510912683,30.0,30.0,0.0,False,244.82605897730934,0.0,0.0,0.0,0.0,135.17309642845868,0.0,False,109.65296254885067,0.0,0.0,318.79013296103415,109.65296254885067,109.65296254885067,0.0,0.0,0004,base,1.014591986023398,18.89043679194388,0.46959672259831414,16.277764320049528,0.5449952634250839,2.612672471894353
5,109.65296254885067,0.0,0.0,318.79013296103415,10875.0,326.25,10875.0,11256.25,610.0,0.0,55.0,11256.25,10646.25,1942.0249492844596,479.10187583530853,58.260748478533785,420.84112735677473,False,281.52011378563293,354.62919780583866,101.22540517718076,77.68099797137839,38.840498985689194,2.7358522530647065,0.0,15.939506648051708,15.939506648051708,36.54387852864492,10.552402012712413,0.0,0.0,0.0,False,354.62919780583866,0.0,0.0,0.0,0.0,0.0,0.0,False,354.62919780583866,0.0,0.0,292.79865644510164,354.62919780583866,354.62919780583866,3832.8150066824683,3837.153322942968,0004,base,0.5445877370359695,39.02520425488092,-0.12905510180467608,30.05750970930266,0.6736428388406456,8.967694545578258
1,60.0,650.0,0.0,500.0,12600.0,378.0,12600.0,13038.0,650.0,0.0,60.0,13038.0,12388.0,1680.0,390.1023906139662,50.4,339.7023906139662,False,189.97679296047465,196.80103822640262,68.92559765349155,67.2,33.6,0.0,39.0,25.0,25.0,53.17575473407202,12.319997606622183,30.0,30.0,0.0,False,166.80103822640262,0.0,0.0,0.0,0.0,107.24329240980205,0.0,False,59.55774581660057,512.756707590198,0.0,459.1442428725502,59.55774581660057,59.55774581660057,0.0,0.0,0005,base,2.529490818668393,7.196736222143723,2.338727540762434,6.0953498533432215,0.19076327790595915,1.101386368800502
2,59.55774581660057,512.756707590198,0.0,459.1442428725502,12600.0,378.0,12600.0,13038.0,650.0,0.0,60.0,13038.0,12388.0,1692.717334645355,393.05540409455597,50.78152003936065,342.2738840551953,False,199.23193205275626,209.95899457625302,72.13781736403898,67.7086933858142,33.8543466929071,0.25434669290709877,30.765402455411877,22.957212143627512,22.957212143627512,48.83068329310385,12.413258042570629,30.0,30.0,0.0,False,179.95899457625302,0.0,0.0,0.0,0.0,114.4134911702327,0.0,False,65.54550340602032,368.34321641996524,0.0,422.726817622017,65.54550340602032,65.54550340602032,0.0,0.0,0005,base,2.137634931854342,8.567450134043286,1.8458581743896467,7.316386349177878,0.2917767574646952,1.2510637848654076
3,65.54550340602032,368.34321641996524,0.0,422.726817622017,12600.0,378.0,12600.0,13038.0,650.0,0.0,60.0,13038.0,12388.0,1705.5309375052827,396.03077142076773,51.16592812515848,344.86484329560926,False,208.90935063973149,229.49721889898547,75.40697735732762,68.22123750021132,34.11061875010566,0.25627205719855795,22.100592985197913,21.13634088110085,21.13634088110085,44.95763514676634,12.507224445288792,30.0,30.0,0.0,False,199.49721889898547,0.0,0.0,0.0,0.0,125.06050565295403,0.0,False,74.43671324603143,213.28271076701122,0.0,390.27640692053944,74.43671324603143,74.43671324603143,0.0,0.0,0005,base,1.745001853716452,10.614922272999298,1.33606386832842,9.159548006928766,0.40893798538803194,1.4553742660705318
4,74.43671324603143,213.28271076701122,0.0,390.27640692053944,12600.0,378.0,12600.0,13038.0,650.0,0.0,60.0,13038.0,12388.0,1718.4415373149618,399.028661807682,51.55324611944885,347.47541568823317,False,218.93084715279593,251.8610754130244,78.79115817404637,68.73766149259848,34.36883074629924,0.25821199619358026,12.796962646020672,19.513820346026975,19.513820346026975,41.50648498580299,12.601902158833616,30.0,30.0,0.0,False,221.8610754130244,0.0,0.0,0.0,0.0,137.24729910262482,0.0,False,84.61377631039957,46.0354116643864,0.0,361.37182409357007,84.61377631039957,84.61377631039957,0.0,0.0,0005,base,1.349242800842241,14.026963851007906,0.808948053969948,12.34970572845267,0.5402947468722931,1.6772581225552354
5,84.61377631039957,46.0354116643864,0.0,361.37182409357007,12600.0,378.0,12600.0,13038.0,650.0,0.0,60.0,13038.0,12388.0,1731.4498683259812,402.0492457513109,51.943496049779434,350.10574970153147,False,229.38161004426212,275.56294738305394,82.31875844924744,69.25799473303925,34.62899736651963,0.2601666202203887,2.762124699863184,18.068591204678505,18.068591204678505,38.4324389716078,12.697296567715703,30.0,30.0,0.0,False,245.56294738305394,0.0,0.0,0.0,0.0,16.0354116643864,0.0,False,229.52753571866754,0.0,0.0,335.63668168967797,229.52753571866754,229.52753571866754,3216.393966010487,3062.038910549319,0005,base,0.9481429342417452,20.894340455786896,0.2639207686429653,19.300788681182713,0.6842221655987799,1.5935517746041832
1,27.0,624.0,0.0,429.00000000000006,9000.0,270.0,9000.0,9297.0,624.0,0.0,27.0,9297.0,8673.0,1200.0,199.52433233880467,36.0,163.52433233880467,False,66.47574925410349,37.719773728745714,26.158583084701167,48.0,24.0,0.0,37.44,21.450000000000003,21.450000000000003,55.755975525357776,22.489904877626383,30.0,30.0,0.0,False,7.719773728745714,0.0,17.280226271254286,17.280226271254286,0.0,0.0,0.0,False,25.0,594.0,17.280226271254286,395.73392935226866,25.0,25.0,0.0,0.0,0006,distressed,3.987554230874407,4.491074998425734,4.921776427528659,3.3880851135813326,-0.9342221966542521,1.1029898848444017
2,25.0,594.0,17.280226271254286,395.73392935226866,9000.0,270.0,9000.0,9297.0,624.0,0.0,27.0,9297.0,8673.0,1091.252204102038,181.44280619725677,32.737566123061136,148.70524007419564,False,60.443731399669055,34.01125755463699,23.060432507576735,43.65008816408152,21.82504408204076,-2.1749559179592417,36.67681357627526,19.786696467613435,19.786696467613435,51.43247384503206,20.45179855646247,30.0,30.0,0.0,False,4.011257554636991,0.0,20.98874244536301,20.98874244536301,0.0,0.0,0.0,False,25.0,564.0,38.268968716617294,364.75325406369905,25.0,25.0,0.0,0.0,0006,distressed,3.9705250771883174,4.490442003201186,5.191841123511893,3.2134524767628254,-1.221316046323576,1.2769895264383604
3,25.0,564.0,38.268968716617294,364.75325406369905,9000.0,270.0,9000.0,9297.0,624.0,0.0,27.0,9297.0,8673.0,992.3594774646299,164.9998851510128,29.770784323938894,135.2291008270739,False,52.695734758770776,30.28973590942298,20.213825000222975,39.694379098585195,19.847189549292597,-1.977854532748161,36.13613812299704,18.237662703184952,18.237662703184952,47.4059988493478,18.598391877158793,30.0,30.0,0.0,False,0.2897359094229799,0.0,24.71026409057702,24.71026409057702,0.0,0.0,0.0,False,25.0,534.0,62.979232807194315,335.94564709151007,25.0,25.0,0.0,0.0,0006,distressed,3.9611805700141676,4.480419775191731,5.502578859783718,3.0345475696737076,-1.5413982897695502,1.445872205518023
4,25.0,534.0,62.979232807194315,335.94564709151007,9000.0,270.0,9000.0,9297.0,624.0,0.0,27.0,9297.0,8673.0,902.4287225373535,150.04707362302156,27.072861676120603,122.97421194690097,False,45.542959591092355,26.881007896256193,17.589543905973454,36.09714890149414,18.04857445074707,-1.798615098545529,35.81875396843166,16.797282354575504,16.797282354575504,43.66195169483616,16.912946773919145,30.0,30.0,0.0,False,0.0,3.118992103743807,25.0,28.118992103743807,0.0,0.0,0.0,False,25.0,504.0,91.09822491093811,309.19664217059307,25.0,25.0,0.0,0.0,0006,distressed,3.9603953842500443,4.459972139753188,5.860126731232844,2.851736544765368,-1.8997313469827999,1.60823559498782
5,25.0,504.0,91.09822491093811,309.19664217059307,9000.0,270.0,9000.0,9297.0,624.0,0.0,27.0,9297.0,8673.0,820.6477770948945,136.44933317515253,24.619433312846834,111.8298998623057,False,38.92727183224006,23.74181632318087,15.166043564779937,32.82591108379578,16.41295554189789,-1.6356189088491782,35.70589349465629,15.459832108529653,15.459832108529653,40.18545550905919,15.380242037416432,30.0,30.0,0.0,False,0.0,6.2581836768191295,2.643591412242756,8.901775089061886,0.0,0.0,22.356408587757244,True,2.643591412242756,474.0,100.0,284.39142869895034,2.643591412242756,2.643591412242756,1091.5946654012203,219.47290813349437,0006,distressed,3.969213044104117,4.428029597817204,6.271542831127149,2.6668112602053324,-2.3023297870230315,1.7612183376118717
1,18.0,468.0,0.0,330.0,5700.0,171.0,5700.0,5889.0,468.0,0.0,18.0,5889.0,5421.0,760.0,73.99289653288412,22.8,51.19289653288412,False,-2.6403276003369136,-24.857621985812838,1.6532241332210305,30.400000000000002,15.200000000000001,0.0,28.08,16.5,16.5,40.217294385475924,8.932985446790317,30.0,30.0,0.0,False,-24.857621985812838,30.0,49.85762198581284,79.85762198581284,3.552713678800501e-15,0.0,0.0,False,25.0,438.0,79.85762198581284,298.7156910613144,25.0,25.0,0.0,0.0,0007,distressed,5.508898188924476,3.2353111656500495,10.697963590266182,1.659777849548769,-5.189065401341706,1.5755333161012806
2,25.0,438.0,79.85762198581284,298.7156910613144,5700.0,171.0,5700.0,5889.0,468.0,0.0,18.0,5889.0,5421.0,676.7975514387891,65.89238315436795,20.303926543163673,45.58845661120428,False,-5.5227118041738805,-16.927369031367093,0.0,27.071902057551565,13.535951028775782,-1.6640489712242186,31.071457319148767,14.93578455306572,14.93578455306572,36.40465722719321,7.955029838718453,30.0,20.14237801418716,9.857621985812841,True,-16.927369031367093,20.14237801418716,0.0,20.14237801418716,0.0,0.0,41.92736903136709,True,-16.927369031367093,417.85762198581284,100.0,270.26606367283966,-16.927369031367093,-16.927369031367093,0.0,0.0,0007,distressed,5.817841196951851,3.0385314417996545,12.217664867333811,1.4322176351580609,-6.39982367038196,1.6063138066415936
3,-16.927369031367093,417.85762198581284,100.0,270.26606367283966,5700.0,171.0,5700.0,5889.0,468.0,0.0,18.0,5889.0,5421.0,602.7038495178164,58.678688917556244,18.08111548553449,40.597573432021754,False,-8.532351527527705,-58.39720493808987,0.0,24.108153980712654,12.054076990356327,-1.4818740384194555,31.071457319148767,13.513303183641984,13.513303183641984,32.93748437919507,7.084137784825203,30.0,0.0,30.0,True,-58.39720493808987,0.0,0.0,0.0,0.0,0.0,83.39720493808987,True,-58.39720493808987,417.85762198581284,100.0,244.4127170784698,-58.39720493808987,-58.39720493808987,0.0,0.0,0007,distressed,6.190460813185569,2.831758507116775,13.985785284933907,1.3161153778965191,-7.795324471748338,1.515643129220256
4,-58.39720493808987,417.85762198581284,100.0,244.4127170784698,5700.0,171.0,5700.0,5889.0,468.0,0.0,18.0,5889.0,5421.0,536.721696837356,52.25472760663221,16.10165090512068,36.15307670151152,False,-11.186590386325086,-99.37051712532059,0.0,21.468867873494244,10.734433936747122,-1.3196430536092052,31.071457319148767,12.22063585392349,12.22063585392349,29.78672180090563,6.30858829845356,30.0,0.0,30.0,True,-99.37051712532059,0.0,0.0,0.0,0.0,0.0,124.37051712532059,True,-99.37051712532059,417.85762198581284,100.0,220.93458357601773,-99.37051712532059,-99.37051712532059,0.0,0.0,0007,distressed,6.639047858561525,2.6181210695446118,16.039940519769754,1.2070270522085709,-9.400892661208228,1.411094017336041
5,-99.37051712532059,417.85762198581284,100.0,220.93458357601773,5700.0,171.0,5700.0,5889.0,468.0,0.0,18.0,5889.0,5421.0,477.9630660836772,46.534041704302076,14.338891982510315,32.195149721791765,False,-13.527494821921088,-139.8234397884818,0.0,19.118522643347088,9.559261321673544,-1.1751726150735777,31.071457319148767,11.046729178800888,11.046729178800888,26.92542784124012,5.6179435703010085,30.0,0.0,30.0,True,-139.8234397884818,0.0,0.0,0.0,0.0,0.0,164.8234397884818,True,-139.8234397884818,417.85762198581284,100.0,199.62709930507862,-139.8234397884818,-139.8234397884818,372.2723336344166,-490.6199124494729,0007,distressed,7.17827021449671,2.401115762545917,18.42324736215885,1.10484438133554,-11.24497714766214,1.296271381210377
1,35.0,470.0,0.0,360.0,7350.0,220.5,7350.0,7605.5,470.0,0.0,35.0,7605.5,7135.5,980.0,226.69321252343778,29.4,197.29321252343777,False,103.51990939257836,95.89099480591764,37.773303130859446,39.2,19.6,0.0,28.2,18.0,18.0,42.62891458666072,8.715177966692114,30.0,30.0,0.0,False,65.89099480591764,0.0,0.0,0.0,0.0,40.89099480591764,0.0,False,25.0,399.10900519408233,0.0,326.0862633800314,25.0,25.0,0.0,0.0,0008,base,3.555219647162738,5.0660637795925485,3.0887350387772226,4.906779491849302,0.46648460838551564,0.15928428774324654
2,25.0,399.10900519408233,0.0,326.0862633800314,7350.0,220.5,7350.0,7605.5,470.0,0.0,35.0,7605.5,7135.5,997.6012465655972,230.76472591973612,29.928037396967916,200.8366885227682,False,110.11133888462334,96.49827369153803,40.14645876053043,39.904049862623886,19.952024931311943,0.35202493131194146,23.946540311644938,16.30431316900157,16.30431316900157,38.613065193085305,8.87170653429906,30.0,30.0,0.0,False,66.49827369153803,0.0,0.0,0.0,0.0,41.49827369153803,0.0,False,25.0,327.6107315025443,0.0,296.34490472124514,25.0,25.0,0.0,0.0,0008,base,3.131291641936111,5.734241756785526,2.595525090919296,5.733163547220007,0.535766551016815,0.0010782095655184065
3,25.0,327.6107315025443,0.0,296.34490472124514,7350.0,220.5,7350.0,7605.5,470.0,0.0,35.0,7605.5,7135.5,1015.5186195400341,234.90936555193585,30.465558586201023,204.44380696573484,False,116.96390472475088,106.87262241487846,42.49247945987998,40.62074478160137,20.310372390800683,0.3583474594887406,19.656643890152658,14.817245236062258,14.817245236062258,35.09128230987241,9.031046426307038,30.0,30.0,0.0,False,76.87262241487846,0.0,0.0,0.0,0.0,51.872622414878464,0.0,False,25.0,245.73810908766583,0.0,270.28466883767976,25.0,25.0,0.0,0.0,0008,base,2.723740609844937,6.580698673340768,2.0902647996671124,6.814124298302746,0.6334758101778246,-0.23342562496197772
4,25.0,245.73810908766583,0.0,270.28466883767976,7350.0,220.5,7350.0,7605.5,470.0,0.0,35.0,7605.5,7135.5,1033.7577966976658,239.12844480055585,31.012733900929973,208.11571089962587,False,124.19053167423218,117.18513705766182,44.964297728120485,41.35031186790663,20.675155933953317,0.36478354315263317,14.74428654525995,13.514233441883988,13.514233441883988,32.00539461657036,9.193248135383348,30.0,30.0,0.0,False,87.18513705766182,0.0,0.0,0.0,0.0,59.3287188448626,0.0,False,27.85641821279922,156.40939024280323,0.0,247.47252235649273,27.85641821279922,27.85641821279922,0.0,0.0,0008,base,2.328618080768297,7.697478683009275,1.5724833350550134,8.462171582565048,0.7561347457132837,-0.7646928995557731
5,27.85641821279922,156.40939024280323,0.0,247.47252235649273,7350.0,220.5,7350.0,7605.5,470.0,0.0,35.0,7605.5,7135.5,1052.3245577882617,243.42330063502766,31.56973673364785,211.8535639013798,False,131.67694997704567,130.2292431396215,47.52384359224674,42.09298231153047,21.046491155765235,0.37133522181191836,9.384563414568193,12.373626117824637,12.373626117824637,29.304125050223373,9.358363061066612,30.0,30.0,0.0,False,100.2292431396215,0.0,0.0,0.0,0.0,65.93271421279351,0.0,False,34.29652892682799,60.47667603000971,0.0,227.52676036733595,34.29652892682799,34.29652892682799,1947.3864050802213,1664.4687015335003,0008,base,1.9424287555964506,9.251939440201578,1.0422457784799681,11.187663397849697,0.9001829771164824,-1.9357239576481184
1,45.0,520.0,0.0,390.0,9000.0,270.0,9000.0,9315.0,520.0,0.0,45.0,9315.0,8795.0,1200.0,262.7092187803603,36.0,226.7092187803603,False,120.00691408527024,121.598843451526,44.002304695090075,48.0,24.0,0.0,31.2,19.5,19.5,43.40807063374425,15.537862239683008,30.0,30.0,0.0,False,91.598843451526,0.0,0.0,0.0,0.0,66.598843451526,0.0,False,25.0,423.401156548474,0.0,362.12979160593875,25.0,25.0,0.0,0.0,0009,base,3.0026030494089344,6.02852528119025,2.8949534077456924,5.181641396062333,0.10764964166324198,0.8468838851279168
2,25.0,423.401156548474,0.0,362.12979160593875,9000.0,270.0,9000.0,9315.0,520.0,0.0,45.0,9315.0,8795.0,1212.6572203644803,265.48019250859653,36.37971661093441,229.10047589766214,False,126.81272108240816,111.50668115262951,46.39747923111419,48.506288814579214,24.253144407289607,0.2531444072896072,25.404069392908436,18.106489580296937,18.106489580296937,40.306039929778656,15.701750694983511,30.0,30.0,0.0,False,81.50668115262951,0.0,0.0,0.0,0.0,56.50668115262951,0.0,False,25.0,336.89447539584444,0.0,337.5255023711436,25.0,25.0,0.0,0.0,0009,base,2.5490965594104247,7.130202963587038,2.446208779760317,6.101511880646816,0.10288777965010754,1.028691082940222
3,25.0,336.89447539584444,0.0,337.5255023711436,9000.0,270.0,9000.0,9315.0,520.0,0.0,45.0,9315.0,8795.0,1225.4479450850897,268.2803935910848,36.76343835255269,231.51695523853212,False,133.30996475190517,120.74244975801642,48.60675289905607,49.01791780340359,24.508958901701796,0.2558144944121885,20.213668523750666,16.87627511855718,16.87627511855718,37.56751499388876,15.867367793862293,30.0,30.0,0.0,False,90.74244975801642,0.0,0.0,0.0,0.0,65.74244975801642,0.0,False,25.0,241.15202563782802,0.0,315.8253551711171,25.0,25.0,0.0,0.0,0009,base,2.097820542982247,8.737098216886523,1.9829156118646127,7.233238102984393,0.11490493111763445,1.50386011390213
4,25.0,241.15202563782802,0.0,315.8253551711171,9000.0,270.0,9000.0,9315.0,520.0,0.0,45.0,9315.0,8795.0,1238.3735823235409,271.11013030871135,37.15120746970622,233.95892283900514,False,140.1316515886303,129.9794225496682,50.9246333855449,49.534943292941634,24.767471646470817,0.2585127447690212,14.46912153826968,15.791267758555856,15.791267758555856,35.1522290389621,16.034731769504933,30.0,30.0,0.0,False,99.97942254966819,0.0,0.0,0.0,0.0,74.97942254966819,0.0,False,25.0,136.17260308815983,0.0,296.70785790165996,25.0,25.0,0.0,0.0,0009,base,1.6458327241868609,11.318594202787759,1.5044825529955996,8.959241325330607,0.14135017119126125,2.3593528774571517
5,25.0,136.17260308815983,0.0,296.70785790165996,9000.0,270.0,9000.0,9315.0,520.0,0.0,45.0,9315.0,8795.0,1251.4355550943908,273.9697141940116,37.54306665283172,236.42664754117988,False,147.29007883924453,139.26567972800808,53.35522461520182,50.05742220377563,25.028711101887815,0.2612394554169981,8.17035618528959,14.835392895082999,14.835392895082999,33.024399111236434,16.2038610474149,30.0,30.0,0.0,False,109.26567972800808,0.0,0.0,0.0,0.0,84.26567972800808,0.0,False,25.0,21.90692336015175,0.0,279.8873198378384,25.0,25.0,2191.757713552093,1882.0871046508214,0009,base,1.1904095173640852,16.181523936021005,1.0103096395610294,11.908749992746358,0.1800998778030558,4.272773943274647
1,33.0,732.0,0.0,517.0,10875.0,326.25,10875.0,11234.25,732.0,0.0,33.0,11234.25,10502.25,1450.0,218.51161389526123,43.5,175.01161389526123,False,64.43121042144591,34.72702190475611,26.310403473815306,58.0,29.0,0.0,43.92,25.85,25.85,62.704188516689804,9.47696794537392,30.0,30.0,0.0,False,4.727021904756107,0.0,20.272978095243893,20.272978095243893,0.0,0.0,0.0,False,25.0,702.0,20.272978095243893,463.7727794286841,25.0,25.0,0.0,0.0,0010,distressed,3.6859153856007456,4.87814519533692,5.313428136961406,3.13188496338342,-1.6275127513606602,1.7462602319534999
2,25.0,702.0,20.272978095243893,463.7727794286841,10875.0,326.25,10875.0,11234.25,732.0,0.0,33.0,11234.25,10502.25,1333.2049461608594,200.91087202672708,39.99614838482578,160.9147236419013,False,59.79613110373856,28.54758992345731,23.597426496188117,53.32819784643438,26.66409892321719,-2.335901076782811,43.33637868571463,23.188638971434205,23.188638971434205,56.24854118028125,8.71361416508995,30.0,30.0,0.0,False,0.0,1.4524100765426908,25.0,26.45241007654269,0.0,0.0,0.0,False,25.0,672.0,46.725388171786584,416.23785241349276,25.0,25.0,0.0,0.0,0010,distressed,3.6192437187626223,4.949183321668421,5.5246549347395275,3.0200799504055,-1.9054112159769052,1.9291033712629213
3,25.0,672.0,46.725388171786584,416.23785241349276,10875.0,326.25,10875.0,11234.25,732.0,0.0,33.0,11234.25,10502.25,1225.8175368743312,184.72784022311998,36.774526106229935,147.95331411689006,False,52.902996471418426,27.419714526509793,21.004474551477056,49.032701474973244,24.516350737486622,-2.147748185730567,43.12352329030719,20.81189262067464,20.81189262067464,50.483281944908626,8.01174724402431,30.0,30.0,0.0,False,0.0,2.580285473490207,25.0,27.580285473490207,0.0,0.0,0.0,False,25.0,642.0,74.30567364527678,373.76631771260844,25.0,25.0,0.0,0.0,0010,distressed,3.5542995106628106,5.020355899046315,5.765627910072777,2.88928816041987,-2.211328399409967,2.131067738626445
4,25.0,642.0,74.30567364527678,373.76631771260844,10875.0,326.25,10875.0,11234.25,732.0,0.0,33.0,11234.25,10502.25,1127.080002242469,169.84832433039762,33.81240006727407,136.03592426312355,False,46.48090163929492,26.148766925483756,18.592316989694126,45.08320008969876,22.54160004484938,-1.9747506926372438,42.978340418716606,18.688315885630423,18.688315885630423,45.33213471381117,7.366414519395755,30.0,30.0,0.0,False,0.0,3.8512330745162444,21.843093280206972,25.694326354723216,0.0,0.0,3.156906719793028,True,21.843093280206972,612.0,100.0,335.800597518193,21.843093280206972,21.843093280206972,0.0,0.0,0010,distressed,3.4908417659871125,5.0918843254897155,6.040433476648502,2.7542976141293494,-2.5495917106613897,2.337586711360366
5,21.843093280206972,612.0,100.0,335.800597518193,10875.0,326.25,10875.0,11234.25,732.0,0.0,33.0,11234.25,10502.25,1036.2956094542428,156.16732834097925,31.088868283627285,125.07846005735198,False,40.629054397303854,21.744673846180355,16.39210754536058,41.45182437816971,20.725912189084855,-1.8156878557645229,42.72,16.79002987590965,16.79002987590965,40.72747383133047,6.77306225705489,30.0,21.744673846180355,8.255326153819645,True,0.0,0.0,0.0,0.0,0.0,0.0,25.0,True,0.0,590.2553261538196,100.0,301.8461859439174,0.0,0.0,1249.338626727834,238.49703522917946,0010,distressed,3.4286169193078067,5.164039231294473,6.352810940913072,2.624218617712333,-2.924194021605265,2.5398206135821404
1,36.0,780.0,0.0,550.0,12600.0,378.0,12600.0,13014.0,780.0,0.0,36.0,13014.0,12234.0,1680.0,333.70085323257456,50.4,283.3008532325746,False,139.9506399244309,121.8121483615504,52.25021330814364,67.2,33.6,0.0,46.8,27.5,27.5,54.1384915628805,13.234556868277412,30.0,30.0,0.0,False,91.8121483615504,0.0,0.0,0.0,0.0,66.8121483615504,0.0,False,25.0,683.1878516384496,0.0,509.0960653053969,25.0,25.0,0.0,0.0,0011,distressed,3.2537199108316064,5.555023219487174,3.4979950025189237,4.491263165983507,-0.24427509168731731,1.0637600535036666
2,25.0,683.1878516384496,0.0,509.0960653053969,12600.0,378.0,12600.0,13014.0,780.0,0.0,36.0,13014.0,12234.0,1559.7078819284827,309.8070541625633,46.79123645785448,263.0158177047088,False,134.23607104799453,109.12390189120927,49.142435835282996,62.38831527713931,31.194157638569656,-2.405842361430345,40.991271098306974,25.454803265269845,25.454803265269845,50.11216915678526,12.286930155525605,30.0,30.0,0.0,False,79.12390189120927,0.0,0.0,0.0,0.0,54.12390189120927,0.0,False,25.0,599.0639497472404,0.0,471.27082630413724,25.0,25.0,0.0,0.0,0011,distressed,3.1096965954081783,5.8223269846398695,3.3741477542434035,4.66253359780706,-0.2644511588352252,1.1597933868328099
3,25.0,599.0639497472404,0.0,471.27082630413724,12600.0,378.0,12600.0,13014.0,780.0,0.0,36.0,13014.0,12234.0,1448.028974374901,287.6241096752347,43.44086923124703,244.18324044398767,False,126.26018501528239,104.87129109946738,46.1689655359866,57.92115897499605,28.960579487498023,-2.233578151071633,35.94383698483442,23.563541315206862,23.563541315206862,46.38889391581501,11.40715583826074,30.0,30.0,0.0,False,74.87129109946738,0.0,0.0,0.0,0.0,49.871291099467385,0.0,False,25.0,519.192658647773,0.0,436.289088226583,25.0,25.0,0.0,0.0,0011,distressed,2.9505052694012357,6.152241204337657,3.235061719704206,4.833419281639487,-0.2845564503029703,1.3188219226981701
4,25.0,519.192658647773,0.0,436.289088226583,12600.0,378.0,12600.0,13014.0,780.0,0.0,36.0,13014.0,12234.0,1344.3465503531845,267.02951838876544,40.330396510595534,226.6991218781699,False,118.93001393788327,100.98449917073475,43.43327698699359,53.77386201412738,26.88693100706369,-2.0736484804343327,31.151559518866378,21.81445441132915,21.81445441132915,42.94551476714853,10.590375518643919,30.0,30.0,0.0,False,70.98449917073475,0.0,0.0,0.0,0.0,45.98449917073475,0.0,False,25.0,443.20815947703824,0.0,403.9339489780783,25.0,25.0,0.0,0.0,0011,distressed,2.773817613795632,6.5684294500568505,3.0788435429006342,5.041525660977367,-0.30502592910500237,1.5269037890794834
5,25.0,443.20815947703824,0.0,403.9339489780783,12600.0,378.0,12600.0,13014.0,780.0,0.0,36.0,13014.0,12234.0,1248.088042041207,247.9095503205501,37.44264126123621,210.46690905931388,False,112.20258127716826,97.441900024967,40.919430510446915,49.92352168164828,24.96176084082414,-1.9251701662395497,26.592489568622295,20.19669744890392,20.19669744890392,39.760681252201266,9.832078672030574,30.0,30.0,0.0,False,67.441900024967,0.0,0.0,0.0,0.0,42.441900024967,0.0,False,25.0,370.76625945207127,0.0,374.0053463979076,25.0,25.0,1983.2764025644008,1233.7556506759558,0011,distressed,2.5769756188015593,7.107718285948385,2.903363766822639,5.298436799675287,-0.3263881480210795,1.8092814862730986
1,18.0,468.0,0.0,330.0,5700.0,171.0,5700.0,5889.0,468.0,0.0,18.0,5889.0,5421.0,760.0,99.48425109882015,22.8,76.68425109882016,False,16.478188324115113,-4.20461768063015,8.02606277470504,30.400000000000002,15.200000000000001,0.0,28.08,16.5,16.5,38.68280600474526,10.273500452406433,30.0,30.0,0.0,False,-4.20461768063015,30.0,29.20461768063015,59.20461768063015,0.0,0.0,0.0,False,25.0,438.0,59.20461768063015,301.5906944476612,25.0,25.0,0.0,0.0,0012,distressed,5.146442064224989,3.4622853692072706,7.77806842371122,2.2315893023512823,-2.631626359486231,1.2306960668559883
2,25.0,438.0,59.20461768063015,301.5906944476612,5700.0,171.0,5700.0,5889.0,468.0,0.0,18.0,5889.0,5421.0,731.3507436563191,95.73405397791329,21.940522309689573,73.79353166822372,False,14.920767604062565,4.568118130864747,7.220429971250713,29.254029746252765,14.627014873126383,-0.5729851268736184,29.832277060837807,15.079534722383059,15.079534722383059,35.352649473197815,9.886226573448651,30.0,30.0,0.0,False,0.0,25.431881869135253,15.363500450234596,40.79538231936985,0.0,0.0,9.636499549765404,True,15.363500450234596,408.0,100.0,276.12427154791203,15.363500450234596,15.363500450234596,0.0,0.0,0012,distressed,5.059888659362702,3.4935139085712086,8.030170447759765,2.1316008011433576,-2.970281788397063,1.361913107427851
3,15.363500450234596,408.0,100.0,276.12427154791203,5700.0,171.0,5700.0,5889.0,468.0,0.0,18.0,5889.0,5421.0,703.7814608508565,92.1252257499751,21.113443825525696,71.01178192444941,False,13.557747307891027,-3.4462117251758357,6.68139208676345,28.15125843403426,14.07562921701713,-0.551385656109252,30.48,13.806213577395603,13.806213577395603,32.36745948330146,9.513551521640176,30.0,0.0,30.0,True,-3.4462117251758357,0.0,0.0,0.0,0.0,0.0,28.446211725175836,True,-3.4462117251758357,408.0,100.0,253.27036358625077,-3.4462117251758357,-3.4462117251758357,0.0,0.0,0012,distressed,4.9932047845442575,3.51265160336183,8.300838007027988,2.0802235799404016,-3.30763322248373,1.4324280234214282
4,-3.4462117251758357,408.0,100.0,253.27036358625077,5700.0,171.0,5700.0,5889.0,468.0,0.0,18.0,5889.0,5421.0,677.251440480006,88.65243731809285,20.317543214400178,68.33489410369268,False,12.651617945902053,-20.48310390460177,6.297843981095033,27.090057619200238,13.545028809600119,-0.5306004074170119,30.48,12.66351817931254,12.66351817931254,29.688510125327987,9.154924973900327,30.0,0.0,30.0,True,-20.48310390460177,0.0,0.0,0.0,0.0,0.0,45.48310390460177,True,-20.48310390460177,408.0,100.0,232.73677843482312,-20.48310390460177,-20.48310390460177,0.0,0.0,0012,distressed,4.9460872156302536,3.519301172613531,8.58656462662273,2.0548263345060716,-3.6404774109924762,1.4644748381074595
5,-20.48310390460177,408.0,100.0,232.73677843482312,5700.0,171.0,5700.0,5889.0,468.0,0.0,18.0,5889.0,5421.0,651.7215061017969,85.31056047306896,19.551645183053907,65.75891529001505,False,11.724940902751637,-36.039713457497534,5.910519092068473,26.068860244071875,13.034430122035937,-0.5105986875641815,30.48,11.636838921741157,11.636838921741157,27.2815504556474,8.809817352341858,30.0,0.0,30.0,True,-36.039713457497534,0.0,0.0,0.0,0.0,0.0,61.039713457497534,True,-36.039713457497534,408.0,100.0,214.2650453315176,-36.039713457497534,-36.039713457497534,682.4844837845517,-86.05754226123172,0012,distressed,4.918397321404509,3.5132206839142155,8.888756029546876,2.02556893292936,-3.970358708142367,1.4876517509848557
1,25.5,409.5,0.0,312.0,5700.0,171.0,5700.0,5896.5,409.5,0.0,25.5,5896.5,5487.0,760.0,127.3966974431298,22.8,104.5966974431298,False,40.72002308234735,21.58529764822206,16.10667436078245,30.400000000000002,15.200000000000001,0.0,24.57,15.600000000000001,15.600000000000001,44.63472543412529,10.380192103109591,30.0,30.0,0.0,False,0.0,8.41470235177794,25.0,33.41470235177794,0.0,0.0,0.0,False,25.0,379.5,33.41470235177794,277.7454666689843,25.0,25.0,0.0,0.0,0013,downside,4.386466251617729,4.0776383573787465,5.225097529062043,3.171438821088618,-0.8386312774443141,0.9061995362901283
2,25.0,379.5,33.41470235177794,277.7454666689843,5700.0,171.0,5700.0,5896.5,409.5,0.0,25.5,5896.5,5487.0,750.8796813157907,125.86788365365987,22.52639043947372,103.34149321418616,False,41.18311286524897,26.448841566072325,16.169834434907568,30.035187252631626,15.017593626315813,-0.18240637368418788,24.774882141106673,13.887273333449215,13.887273333449215,39.73427129917665,10.255625445236339,30.0,30.0,0.0,False,0.0,3.551158433927675,25.0,28.551158433927675,0.0,0.0,0.0,False,25.0,349.5,61.965860785705615,248.26682081504399,25.0,25.0,0.0,0.0,0013,downside,4.057318087908238,4.371620385076011,5.042848605822995,3.2555837125143037,-0.9855305179147571,1.1160366725617075
3,25.0,349.5,61.965860785705615,248.26682081504399,5700.0,171.0,5700.0,5896.5,409.5,0.0,25.5,5896.5,5487.0,741.8688102801359,124.35741627072781,22.256064308404078,102.10135196232373,False,41.51157377373363,30.994518063853278,16.2500148186073,29.674752411205436,14.837376205602718,-0.18021742071309532,24.687951647142334,12.4133410407522,12.4133410407522,35.51705570988035,10.13255363949102,30.0,30.0,0.0,False,0.9945180638532776,0.0,24.005481936146722,24.005481936146722,0.0,0.0,0.0,False,25.0,319.5,85.97134272185234,222.88231874465464,25.0,25.0,0.0,0.0,0013,downside,3.750749719664957,4.691659356430897,4.851770642717422,3.3518351319145094,-1.1010209230524648,1.3398242245163874
4,25.0,319.5,85.97134272185234,222.88231874465464,5700.0,171.0,5700.0,5896.5,409.5,0.0,25.5,5896.5,5487.0,732.9660734753595,122.86507512976213,21.988982204260786,100.87609292550135,False,41.90116632006004,35.01561791849319,16.35092410623937,29.31864293901438,14.65932146950719,-0.17805473609552713,24.32828056331114,11.144115937232733,11.144115937232733,31.88554840156685,10.010958747021277,30.0,30.0,0.0,False,5.0156179184931915,0.0,19.98438208150681,19.98438208150681,0.0,0.0,0.0,False,25.0,289.5,105.95572480335915,201.00772909010908,25.0,25.0,0.0,0.0,0013,downside,3.462194310662482,5.045075932294891,4.651146416424078,3.4636812634826724,-1.188952105761596,1.5813946688122185
5,25.0,289.5,105.95572480335915,201.00772909010908,5700.0,171.0,5700.0,5896.5,409.5,0.0,25.5,5896.5,5487.0,724.1701732453478,121.3906427082585,21.72510519736043,99.66553751089806,False,42.350071948290065,38.59390272369372,16.471951892047763,28.966806929813913,14.483403464906957,-0.1759180046002342,23.727343488201548,10.050386454505455,10.050386454505455,28.75616922459634,9.890823044248505,30.0,30.0,0.0,False,8.593902723693724,0.0,16.406097276306276,16.406097276306276,0.0,0.0,0.0,False,25.0,259.5,122.36182207966542,182.14238290976124,25.0,25.0,971.125141666068,417.55405955165025,0013,downside,3.187573201540389,5.441855589777479,4.440245087793384,3.5938070117251355,-1.2526718862529953,1.8480485780523432
1,25.5,409.5,0.0,312.0,5700.0,171.0,5700.0,5896.5,409.5,0.0,25.5,5896.5,5487.0,760.0,135.71709786461653,22.8,112.91709786461654,False,46.96032339846241,31.328631954330056,18.186774466154134,30.400000000000002,15.200000000000001,0.0,24.57,15.600000000000001,15.600000000000001,41.13169144413235,7.08821060767726,30.0,30.0,0.0,False,1.3286319543300564,0.0,23.671368045669944,23.671368045669944,0.0,0.0,0.0,False,25.0,379.5,23.671368045669944,277.9565191635449,25.0,25.0,0.0,0.0,0014,downside,4.1753986594766745,4.290692178592516,4.834526360589656,3.3785685303613775,-0.6591277011129817,0.9121236482311383
2,25.0,379.5,23.671368045669944,277.9565191635449,5700.0,171.0,5700.0,5896.5,409.5,0.0,25.5,5896.5,5487.0,786.8389709822758,140.50987056381013,23.605169129468273,116.90470143434186,False,50.707275915600036,39.063616360728275,19.704148348356103,31.473558839291034,15.736779419645517,0.5367794196455158,24.190282082740197,13.897825958177245,13.897825958177245,36.64365955487176,7.338526764013719,30.0,30.0,0.0,False,9.063616360728275,0.0,15.936383639271725,15.936383639271725,0.0,0.0,0.0,False,25.0,349.5,39.60775168494167,248.65138637268683,25.0,25.0,0.0,0.0,0014,downside,3.653872477765615,4.872095956433386,4.3609686323022725,3.6890745639784113,-0.7070961545366576,1.1830213924549744
3,25.0,349.5,39.60775168494167,248.65138637268683,5700.0,171.0,5700.0,5896.5,409.5,0.0,25.5,5896.5,5487.0,814.6257450742719,145.4718973253699,24.438772352228156,121.03312497314174,False,55.23857498247553,47.45827978556177,21.313522638352723,32.58502980297088,16.29251490148544,0.5557354818399229,23.3464651010965,12.432569318634343,12.432569318634343,32.780295196913755,7.59768269410848,30.0,30.0,0.0,False,17.45827978556177,0.0,7.541720214438229,7.541720214438229,0.0,0.0,0.0,False,25.0,319.5,47.1494718993799,223.46877386988155,25.0,25.0,0.0,0.0,0014,downside,3.1700778518272297,5.585649748665111,3.884724514902621,4.065841901120378,-0.7146466630753912,1.5198078475447332
4,25.0,319.5,47.1494718993799,223.46877386988155,5700.0,171.0,5700.0,5896.5,409.5,0.0,25.5,5896.5,5487.0,843.393793407776,150.60915526096488,25.30181380223328,125.3073414587316,False,60.09190193770822,55.63148958445645,23.033733612818683,33.73575173631104,16.86787586815552,0.575360966670079,21.99896831396279,11.173438693494077,11.173438693494077,29.460412353251776,7.865990569581791,30.0,30.0,0.0,False,25.631489584456453,0.0,0.0,0.0,0.6314895844564532,0.0,0.0,False,25.0,289.5,46.517982314923444,201.87435208621156,25.0,25.0,0.0,0.0,0014,downside,2.7167087576441884,6.490551678668434,3.40545256702643,4.540193758840269,-0.6887438093822418,1.950357919828165
5,25.0,289.5,46.517982314923444,201.87435208621156,5700.0,171.0,5700.0,5896.5,409.5,0.0,25.5,5896.5,5487.0,873.1777691287007,155.9278325605887,26.19533307386102,129.7324994867277,False,65.28082000193577,63.667250897787724,24.86942573588043,34.92711076514803,17.463555382574015,0.5956795144184959,20.161078938895404,10.093717604310578,10.093717604310578,26.613569104148045,8.14377358621845,30.0,30.0,0.0,False,33.667250897787724,0.0,0.0,0.0,8.667250897787724,0.0,0.0,False,25.0,259.5,37.85073141713572,183.40455656828198,25.0,25.0,1247.4226604847097,772.9560325920214,0014,downside,2.2876079641546085,7.686979178210436,2.922860406004331,5.153821885330241,-0.6352524418497225,2.533157292880195
1,30.0,390.0,0.0,300.0,5700.0,171.0,5700.0,5901.0,390.0,0.0,30.0,5901.0,5511.0,760.0,178.19971895590612,22.8,155.3997189559061,False,80.14978921692958,72.29935118033754,29.249929738976526,30.400000000000002,15.200000000000001,0.0,23.4,15.0,15.0,37.85043803659204,13.212092986312221,30.0,30.0,0.0,False,42.29935118033754,0.0,0.0,0.0,0.0,17.29935118033754,0.0,False,25.0,342.70064881966243,0.0,275.36165494972016,25.0,25.0,0.0,0.0,0015,base,3.7703421073873926,4.755222711570444,3.3280765381910085,4.640617681143389,0.44226556919638416,0.11460503042705561
2,25.0,342.70064881966243,0.0,275.36165494972016,5700.0,171.0,5700.0,5901.0,390.0,0.0,30.0,5901.0,5511.0,837.9352614247875,196.47345801202746,25.138057842743624,171.33540016928384,False,92.81590102671994,83.07403683229387,34.25131962315452,33.5174104569915,16.75870522849575,1.5587052284957483,20.562038929179746,13.768082747486009,13.768082747486009,34.741864194426064,14.566945513755439,30.0,30.0,0.0,False,53.07403683229387,0.0,0.0,0.0,0.0,28.07403683229387,0.0,False,25.0,284.62661198736856,0.0,255.18673626904956,25.0,25.0,0.0,0.0,0015,base,3.103177376327396,5.748458088509598,2.620269187835554,5.723063258047548,0.4829081884918418,0.0253948304620506
3,25.0,284.62661198736856,0.0,255.18673626904956,5700.0,171.0,5700.0,5901.0,390.0,0.0,30.0,5901.0,5511.0,923.8625030776672,216.621103160974,27.715875092330013,188.905228068644,False,108.34405103812779,101.14761854175507,39.76707363398735,36.95450012310669,18.477250061553345,1.7185448330575959,17.077596719242113,12.759336813452478,12.759336813452478,32.196432496372715,16.060733285828025,30.0,30.0,0.0,False,71.14761854175507,0.0,0.0,0.0,0.0,46.147618541755065,0.0,False,25.0,208.4789934456135,0.0,239.05103705850485,25.0,25.0,0.0,0.0,0015,base,2.514217404531774,7.072641025401989,1.950548789284536,7.260166428416842,0.5636686152472379,-0.18752540301485343
4,25.0,208.4789934456135,0.0,239.05103705850485,5700.0,171.0,5700.0,5901.0,390.0,0.0,30.0,5901.0,5511.0,1018.6012737328205,238.83481672015344,30.558038211984613,208.27677850816883,False,125.78082713594878,120.62020558339543,45.953871762126695,40.74405094931282,20.37202547465641,1.8947754131030656,12.508739606736809,11.952551852925243,11.952551852925243,30.160621552553348,17.707703611229068,30.0,30.0,0.0,False,90.62020558339543,0.0,0.0,0.0,0.0,57.03155290353714,0.0,False,33.58865267985829,121.44744054207635,0.0,226.59811911718057,33.58865267985829,33.58865267985829,0.0,0.0,0015,base,1.9894166659533976,8.933095467925186,1.316629255724691,9.76378606640637,0.6727874102287066,-0.8306905984811834
5,33.58865267985829,121.44744054207635,0.0,226.59811911718057,5700.0,171.0,5700.0,5901.0,390.0,0.0,30.0,5901.0,5511.0,1123.055163938069,263.3264665601881,33.69165491814207,229.63481164204606,False,144.94391499676115,149.9431074537756,52.75451481341561,44.92220655752276,22.46110327876138,2.0890778041049707,7.28684643252458,11.32990595585903,11.32990595585903,28.589460222843815,19.523564808826162,30.0,30.0,0.0,False,119.94310745377561,0.0,0.0,0.0,0.0,70.89598483032228,0.0,False,49.04712262345333,20.551455711754073,0.0,217.5322237031629,49.04712262345333,49.04712262345333,2106.611732481505,1885.9759997028189,0015,base,1.5175665581240574,11.750112788742406,0.7178790619144083,14.144597353322338,0.7996874962096491,-2.3944845645799315
1,33.0,732.0,0.0,517.0,10875.0,326.25,10875.0,11234.25,732.0,0.0,33.0,11234.25,10502.25,1450.0,220.55291645028106,43.5,177.05291645028106,False,65.96218733771079,49.30229582289486,26.82072911257027,58.0,29.0,0.0,43.92,25.85,25.85,49.659891514815925,13.027719879767687,30.0,30.0,0.0,False,19.302295822894862,0.0,5.6977041771051375,5.6977041771051375,0.0,0.0,0.0,False,25.0,702.0,5.6977041771051375,480.3678283649518,25.0,25.0,0.0,0.0,0016,distressed,3.4089240454359064,5.292668027623444,5.27340808392459,3.161142560560141,-1.8644840384886834,2.131525467063303
2,25.0,702.0,5.6977041771051375,480.3678283649518,10875.0,326.25,10875.0,11234.25,732.0,0.0,33.0,11234.25,10502.25,1445.8841093937915,219.92686701787443,43.376523281813746,176.55034373606068,False,68.17604426857633,47.03481749137862,27.5175225167967,57.83536437575166,28.91768218787583,-0.08231781212417033,42.46186225062631,24.01839141824759,24.01839141824759,46.141226777197716,12.99074010744117,30.0,30.0,0.0,False,17.034817491378618,0.0,7.965182508621382,7.965182508621382,0.0,0.0,0.0,False,25.0,672.0,13.66288668572652,447.2173416951953,25.0,25.0,0.0,0.0,0016,distressed,3.062619861085657,5.89646151239489,5.037493796930593,3.3081532467263184,-1.9748739358449359,2.588308265668571
3,25.0,672.0,13.66288668572652,447.2173416951953,10875.0,326.25,10875.0,11234.25,732.0,0.0,33.0,11234.25,10502.25,1441.779901929295,219.30259465510773,43.25339705787885,176.04919759722887,False,70.07570311349112,52.1187114846173,28.13713932783138,57.6711960771718,28.8355980385859,-0.0820841492899298,41.13977320114359,22.360867084759764,22.360867084759764,42.956991628873816,12.953865303871574,30.0,30.0,0.0,False,22.1187114846173,0.0,2.8812885153826997,2.8812885153826997,0.0,0.0,0.0,False,25.0,642.0,16.54417520110922,417.214215370193,25.0,25.0,0.0,0.0,0016,distressed,2.713552019726421,6.672159287307596,4.791363240475136,3.453549344821192,-2.0778112207487154,3.2186099424864043
4,25.0,642.0,16.54417520110922,417.214215370193,10875.0,326.25,10875.0,11234.25,732.0,0.0,33.0,11234.25,10502.25,1437.6873444433838,218.68009431768832,43.130620333301515,175.5494739843868,False,72.08706223314232,57.01198936327224,28.794028175952647,57.507493777735355,28.753746888867678,-0.08185114971822216,39.51265051206655,20.86071076850965,20.86071076850965,40.07507286987008,12.917095171100335,30.0,30.0,0.0,False,27.011989363272242,0.0,0.0,0.0,2.0119893632722423,0.0,0.0,False,25.0,612.0,14.532185837836977,390.0562376714233,25.0,25.0,0.0,0.0,0016,distressed,2.3596947078499557,7.711088778077022,4.53442471114324,3.6221288607968196,-2.174730003293284,4.088959917280202
5,25.0,612.0,14.532185837836977,390.0562376714233,10875.0,326.25,10875.0,11234.25,732.0,0.0,33.0,11234.25,10502.25,1433.606403867067,218.05936097564214,43.00819211601201,175.05116885963014,False,74.21287414219722,61.74643227093971,29.489106456447185,57.34425615468268,28.67212807734134,-0.08161881152633654,37.59193115027022,19.502811883571166,19.502811883571166,37.466441871257516,12.880429412014657,30.0,30.0,0.0,False,31.746432270939707,0.0,0.0,0.0,6.746432270939707,0.0,0.0,False,25.0,582.0,7.78575356689727,365.4702252121804,25.0,25.0,1744.474887805137,788.0517857089824,0016,distressed,1.9990629646474418,9.182102871230871,4.266067618546264,3.8192546176518087,-2.2670046538988218,5.362848253579062
1,45.0,520.0,0.0,390.0,9000.0,270.0,9000.0,9315.0,520.0,0.0,45.0,9315.0,8795.0,1200.0,297.7795646715292,36.0,261.7795646715292,False,146.30967350364693,145.89831220986719,52.76989116788231,48.0,24.0,0.0,31.2,19.5,19.5,45.41136129377974,4.619380436288319,30.0,30.0,0.0,False,115.89831220986719,0.0,0.0,0.0,0.0,80.77271911657306,0.0,False,35.12559309329413,409.22728088342694,0.0,349.2080191425086,35.12559309329413,35.12559309329413,0.0,0.0,0017,base,2.9328233293543495,6.155132681134892,2.429010559305842,5.873364194704718,0.5038127700485076,0.28176848643017394
2,35.12559309329413,409.22728088342694,0.0,349.2080191425086,9000.0,270.0,9000.0,9315.0,520.0,0.0,45.0,9315.0,8795.0,1252.2035783423487,310.73386369909645,37.56610735027046,273.167756348826,False,159.7991815537507,154.26320663687662,57.78842963467373,50.08814313369395,25.044071566846974,1.0440715668469736,24.553636853005617,17.46040095712543,17.46040095712543,40.66156801016823,4.820337260037394,30.0,30.0,0.0,False,124.26320663687662,0.0,0.0,0.0,0.0,85.4037203787448,0.0,False,38.859486258131824,293.8235605046822,0.0,313.3667883923777,38.859486258131824,38.859486258131824,0.0,0.0,0017,base,2.4333251479136417,7.426209245449174,1.8289955779949345,7.395953350243516,0.6043295699187072,0.030255895205657524
3,38.859486258131824,293.8235605046822,0.0,313.3667883923777,9000.0,270.0,9000.0,9315.0,520.0,0.0,45.0,9315.0,8795.0,1306.6781680111521,324.25171336346017,39.20034504033456,285.0513683231256,False,174.6589379814318,177.03018720069775,62.93840381830645,52.267126720446086,26.133563360223043,1.0894917933760695,17.62941363028093,15.668339419618887,15.668339419618887,36.48823703886587,5.030036304863147,30.0,30.0,0.0,False,147.03018720069775,0.0,0.0,0.0,0.0,98.00805348143872,0.0,False,49.02213371925903,165.81550702324347,0.0,281.908587658375,49.02213371925903,49.02213371925903,0.0,0.0,0017,base,1.9576364902974825,9.273734526377531,1.2296063352345235,9.737945767017326,0.7280301550629591,-0.4642112406397949
4,49.02213371925903,165.81550702324347,0.0,281.908587658375,9000.0,270.0,9000.0,9315.0,520.0,0.0,45.0,9315.0,8795.0,1363.522564771158,338.357629797802,40.905676943134736,297.4519528546673,False,190.28358120485373,206.48045152418032,68.35189826258849,54.540902590846315,27.270451295423157,1.1368879352001144,9.948930421394607,14.09542938291875,14.09542938291875,32.82526339993242,5.248857883451299,30.0,30.0,0.0,False,176.48045152418032,0.0,0.0,0.0,0.0,114.31240883743311,0.0,False,62.168042686747214,21.50309818581036,0.0,254.33218214189387,62.168042686747214,62.168042686747214,0.0,0.0,0017,base,1.5011627221335062,12.228352833075942,0.6314834329837389,14.072224527978635,0.8696792891497673,-1.8438716949026936
5,62.168042686747214,21.50309818581036,0.0,254.33218214189387,9000.0,270.0,9000.0,9315.0,520.0,0.0,45.0,9315.0,8795.0,1422.8398622974842,353.07719566020285,42.685195868924524,310.3919997912783,False,206.8741590212749,239.42791808781456,74.09630119825874,56.91359449189937,28.456797245949684,1.1863459505265261,1.2901858911486215,12.716609107094694,12.716609107094694,29.614283620207537,5.47719885322347,21.50309818581036,21.50309818581036,0.0,False,217.9248199020042,0.0,0.0,0.0,0.0,0.0,0.0,False,217.9248199020042,0.0,0.0,230.1950973749098,217.9248199020042,217.9248199020042,2824.617565281623,2769.978024329493,0017,base,1.059997118660514,17.756369095221405,0.03475239302827807,25.20756502144028,1.025244725632236,-7.451195926218876
1,51.0,682.5,0.0,520.0,12600.0,378.0,12600.0,13029.0,682.5,0.0,51.0,13029.0,12346.5,1680.0,311.8478811697661,50.4,261.4478811697661,False,129.0734108773246,129.8108527689688,48.62447029244153,67.2,33.6,0.0,40.949999999999996,26.0,26.0,50.26255810835578,18.056148813474305,30.0,30.0,0.0,False,99.8108527689688,0.0,0.0,0.0,0.0,73.3267633568969,0.0,False,26.484089412071896,579.1732366431031,0.0,487.79359070511856,26.484089412071896,26.484089412071896,0.0,0.0,0018,downside,2.7915237236422294,6.5178052646855456,3.336507318995456,4.657922048838927,-0.5449835953532265,1.8598832158466188
2,26.484089412071896,579.1732366431031,0.0,487.79359070511856,12600.0,378.0,12600.0,13029.0,682.5,0.0,51.0,13029.0,12346.5,1630.4180601067792,302.6442961102497,48.912541803203375,253.73175430704632,False,130.63121862669976,109.96578169704179,48.64792014330105,65.21672240427117,32.60836120213558,-0.9916387978644181,34.750394198586186,24.38967953525593,24.38967953525593,47.14952634172988,17.523256619919106,30.0,30.0,0.0,False,79.96578169704179,0.0,0.0,0.0,0.0,54.96578169704179,0.0,False,25.0,494.2074549460613,0.0,458.1673209833078,25.0,25.0,0.0,0.0,0018,downside,2.5135772075016747,7.271272074100536,3.064240059530273,5.117414927013619,-0.5506628520285983,2.1538571470869172
3,25.0,494.2074549460613,0.0,458.1673209833078,12600.0,378.0,12600.0,13029.0,682.5,0.0,51.0,13029.0,12346.5,1582.2994349537814,293.7123370038422,47.46898304861344,246.24335395522877,False,130.4012836104969,111.1153959292023,48.42063515232493,63.29197739815126,31.64598869907563,-0.962372503059953,29.65244729676368,22.90836604916539,22.90836604916539,44.28588768129462,17.006091705358205,30.0,30.0,0.0,False,81.1153959292023,0.0,0.0,0.0,0.0,56.11539592920229,0.0,False,25.0,408.092059016859,0.0,430.8875250073713,25.0,25.0,0.0,0.0,0018,downside,2.2218254802638793,8.285973694756283,2.7713496556788564,5.588047792768617,-0.5495241754149771,2.6979259019876656
4,25.0,408.092059016859,0.0,430.8875250073713,12600.0,378.0,12600.0,13029.0,682.5,0.0,51.0,13029.0,12346.5,1535.6009376460697,285.04398733763867,46.06802812938209,238.97595920825657,False,130.28750513235087,113.63844885571893,48.236514854219116,61.42403750584279,30.712018752921395,-0.9339699461542352,24.485523541011542,21.54437625036857,21.54437625036857,41.64905627663193,16.504189909671496,30.0,30.0,0.0,False,83.63844885571893,0.0,0.0,0.0,0.0,58.638448855718934,0.0,False,25.0,319.4536101611401,0.0,405.74265864041087,25.0,25.0,0.0,0.0,0018,downside,1.9141136714755984,9.730130139191779,2.4564498810920665,6.192583269343073,-0.5423362096164681,3.537546869848706
5,25.0,319.4536101611401,0.0,405.74265864041087,12600.0,378.0,12600.0,13029.0,682.5,0.0,51.0,13029.0,12346.5,1490.2806558661048,276.631467190556,44.708419675983144,231.92304751457286,False,130.3551225566012,116.1365380240004,48.11717449322098,59.61122623464419,29.805613117322096,-0.9064056355992989,19.167216609668404,20.287132932020544,20.287132932020544,39.2185845326008,16.017100771524092,30.0,30.0,0.0,False,86.1365380240004,0.0,0.0,0.0,0.0,61.1365380240004,0.0,False,25.0,228.3170721371397,0.0,382.54117487933416,25.0,25.0,2213.051737524448,1593.9977144451072,0018,downside,1.5881428940000355,11.954033516305131,2.117829374099761,7.011431449357866,-0.5296864800997254,4.942602066947265
1,46.75,640.5,0.0,488.8,10875.0,326.25,10875.0,11248.0,640.5,0.0,46.75,11248.0,10607.5,1450.0,275.95908643332626,43.5,232.45908643332626,False,112.69181482499471,105.6603345749058,42.397271608331565,58.0,29.0,0.0,38.43,24.44,24.44,53.781480250088904,15.390802150967078,30.0,30.0,0.0,False,75.6603345749058,0.0,0.0,0.0,0.0,50.660334574905804,0.0,False,25.0,559.8396654250942,0.0,450.4093219008782,25.0,25.0,0.0,0.0,0019,downside,3.032032756569197,5.981238363264825,3.5702719561075797,4.389360369545511,-0.5382391995383826,1.5918779937193142
2,25.0,559.8396654250942,0.0,450.4093219008782,10875.0,326.25,10875.0,11248.0,640.5,0.0,46.75,11248.0,10607.5,1444.0824699278571,274.83288216253294,43.32247409783571,231.51040806469723,False,117.22719743527503,92.66975052392476,43.84989051103692,57.76329879711429,28.881649398557144,-0.11835060144285592,33.59037992550565,22.52046609504391,22.52046609504391,49.557446911350276,15.327991437475527,30.0,30.0,0.0,False,62.66975052392476,0.0,0.0,0.0,0.0,37.66975052392476,0.0,False,25.0,492.16991490116936,0.0,416.17986642700345,25.0,25.0,0.0,0.0,0019,downside,2.673759545660116,6.792735072428635,3.214134256343352,4.898034901521187,-0.5403747106832357,1.8947001709074485
3,25.0,492.16991490116936,0.0,416.17986642700345,10875.0,326.25,10875.0,11248.0,640.5,0.0,46.75,11248.0,10607.5,1438.1890896227176,273.7112739935602,43.14567268868153,230.56560130487867,False,120.9057865269694,100.11452370633002,45.05660327236458,57.527563584908705,28.763781792454353,-0.11786760610279146,29.53019489407016,20.808993321350172,20.808993321350172,45.791262820639375,15.265437057974278,30.0,30.0,0.0,False,70.11452370633002,0.0,0.0,0.0,0.0,45.11452370633002,0.0,False,25.0,417.05539119483933,0.0,385.65404066433837,25.0,25.0,0.0,0.0,0019,downside,2.3143993064132022,7.877864007954274,2.841349647429851,5.437339847878489,-0.526950341016649,2.4405241600757854
4,25.0,417.05539119483933,0.0,385.65404066433837,10875.0,326.25,10875.0,11248.0,640.5,0.0,46.75,11248.0,10607.5,1432.3197605280484,272.5942431694627,42.96959281584145,229.62465035362123,False,124.78315761314838,107.35057747534948,46.32965621217849,57.292790421121936,28.646395210560968,-0.1173865818933848,25.023323471690357,19.28270203321692,19.28270203321692,42.432580137798894,15.203137966350162,30.0,30.0,0.0,False,77.35057747534948,0.0,0.0,0.0,0.0,52.35057747534948,0.0,False,25.0,334.70481371948983,0.0,358.42459849288963,25.0,25.0,0.0,0.0,0019,downside,1.9514675183329242,9.413869384446226,2.4510033830649385,6.152532078041405,-0.4995358647320143,3.261337306404821
5,25.0,334.70481371948983,0.0,358.42459849288963,10875.0,326.25,10875.0,11248.0,640.5,0.0,46.75,11248.0,10607.5,1426.4743844895318,271.48177100984316,42.79423153468595,228.68753947515722,False,128.8651792213825,114.42858866288948,47.67100518183584,57.05897537958127,28.529487689790635,-0.11690752077033295,20.08228882316939,17.921229924644482,17.921229924644482,39.43659055849302,15.141093120759257,30.0,30.0,0.0,False,84.42858866288948,0.0,0.0,0.0,0.0,59.42858866288948,0.0,False,25.0,245.27622505660037,0.0,334.12910105515584,25.0,25.0,2171.8541680787453,1584.8710294458078,0019,downside,1.582571444033198,11.770912989397322,2.042145680903397,7.143595644691716,-0.45957423687019894,4.627317344705606
1,33.0,732.0,0.0,517.0,10875.0,326.25,10875.0,11234.25,732.0,0.0,33.0,11234.25,10502.25,1450.0,226.3176642615496,43.5,182.8176642615496,False,70.28574819616219,50.33203978528997,28.261916065387403,58.0,29.0,0.0,43.92,25.85,25.85,52.95370841087222,13.818094109273643,30.0,30.0,0.0,False,20.33203978528997,0.0,4.667960214710028,4.667960214710028,0.0,0.0,0.0,False,25.0,702.0,4.667960214710028,477.8643856984014,25.0,25.0,0.0,0.0,0020,distressed,3.588022286337063,5.0223521596969585,5.123472574253282,3.243767582937503,-1.5354502879162188,1.7785845767594557
2,25.0,702.0,4.667960214710028,477.8643856984014,10875.0,326.25,10875.0,11234.25,732.0,0.0,33.0,11234.25,10502.25,1378.0290029526293,215.08434843649042,41.340870088578875,173.74347834791155,False,68.24676599900278,44.301521627216076,26.86254536252722,55.12116011810517,27.560580059052587,-1.4394199409474133,42.4000776128826,23.89321928492007,23.89321928492007,48.9452443717867,13.132230653867557,30.0,30.0,0.0,False,14.301521627216076,0.0,10.698478372783924,10.698478372783924,0.0,0.0,0.0,False,25.0,672.0,15.366438587493953,442.05137198048226,25.0,25.0,0.0,0.0,0020,distressed,3.4153628935011464,5.270245415130561,5.1348125449215845,3.2444358404449716,-1.719449651420438,2.0258095746855895
3,25.0,672.0,15.366438587493953,442.05137198048226,10875.0,326.25,10875.0,11234.25,732.0,0.0,33.0,11234.25,10502.25,1309.6302986059432,204.40860015631227,39.28890895817829,165.11969119813398,False,64.60302331376946,44.32592572289815,25.44378407096506,52.385211944237724,26.192605972118862,-1.3679740869337245,41.24198631524963,22.102568599024114,22.102568599024114,45.27709759087131,12.480410147926252,30.0,30.0,0.0,False,14.325925722898148,0.0,10.674074277101852,10.674074277101852,0.0,0.0,0.0,False,25.0,642.0,26.040512864595804,409.2546845375372,25.0,25.0,0.0,0.0,0020,distressed,3.235111918309121,5.560339847368252,5.1479986487723,3.226932455882674,-1.9128867304631791,2.333407391485578
4,25.0,642.0,26.040512864595804,409.2546845375372,10875.0,326.25,10875.0,11234.25,732.0,0.0,33.0,11234.25,10502.25,1244.6265756031048,194.26274446092805,37.338797268093145,156.9239471928349,False,61.137895349587446,44.219997417703034,24.094695548520573,49.78506302412419,24.892531512062096,-1.3000744600567664,40.08243077187575,20.46273422687686,20.46273422687686,41.917897931884404,11.860942863852888,30.0,30.0,0.0,False,14.219997417703034,0.0,10.780002582296966,10.780002582296966,0.0,0.0,0.0,False,25.0,612.0,36.82051544689277,379.19772946950565,25.0,25.0,0.0,0.0,0020,distressed,3.0456844323874015,5.906059295575199,5.1632043380203285,3.2085591717345285,-2.117519905632927,2.6975001238406704
5,25.0,612.0,36.82051544689277,379.19772946950565,10875.0,326.25,10875.0,11234.25,732.0,0.0,33.0,11234.25,10502.25,1182.8493234666842,184.62048004160974,35.485479704000525,149.1350003376092,False,57.84146401105183,44.0021487375644,22.81147073433009,47.31397293866737,23.656986469333685,-1.2355450427284111,38.92923092681356,18.959886473475283,18.959886473475283,38.83931527348744,11.272222943967794,30.0,30.0,0.0,False,14.002148737564397,0.0,10.997851262435603,10.997851262435603,0.0,0.0,0.0,False,25.0,582.0,47.81836670932837,351.630637139986,25.0,25.0,1476.963840332878,498.3603788785703,0020,distressed,2.845348448235622,6.326769727351364,5.180622451169827,3.189208755162133,-2.3352740029342054,3.1375609721892306
1,35.0,470.0,0.0,360.0,7350.0,220.5,7350.0,7605.5,470.0,0.0,35.0,7605.5,7135.5,980.0,210.27327527072254,29.4,180.87327527072253,False,91.2049564530419,76.2483158524279,33.668318817680635,39.2,19.6,0.0,28.2,18.0,18.0,49.95664060061401,9.25146454935707,30.0,30.0,0.0,False,46.24831585242789,0.0,0.0,0.0,0.0,21.248315852427893,0.0,False,25.0,418.7516841475721,0.0,319.2948239487431,25.0,25.0,0.0,0.0,0021,base,3.4224036277520886,5.263234916368074,3.3910467565518365,4.551369594604384,0.0313568712002521,0.7118653217636899
2,25.0,418.7516841475721,0.0,319.2948239487431,7350.0,220.5,7350.0,7605.5,470.0,0.0,35.0,7605.5,7135.5,1008.9339992997658,216.48148629056186,30.26801997899297,186.21346631156888,False,98.1746980699651,78.86665149873265,36.28090601631935,40.35735997199063,20.178679985995316,0.5786799859953149,25.125101048854326,15.964741197437156,15.964741197437156,44.30804657123245,9.524609313431464,30.0,30.0,0.0,False,48.86665149873265,0.0,0.0,0.0,0.0,23.86665149873265,0.0,False,25.0,364.88503264883946,0.0,284.5113866909421,25.0,25.0,0.0,0.0,0021,base,2.8806955228010627,6.239119803219484,2.884294772910583,5.2684915408771165,-0.0035992501095201135,0.9706282623423679
3,25.0,364.88503264883946,0.0,284.5113866909421,7350.0,220.5,7350.0,7605.5,470.0,0.0,35.0,7605.5,7135.5,1038.7222601459387,222.87299156887144,31.16166780437816,191.71132376449327,False,105.711501534879,91.23029850237425,38.898163117753946,41.54889040583755,20.774445202918773,0.5957652169234571,21.893101958930366,14.225569334547107,14.225569334547107,39.48120303250475,9.805818537110412,30.0,30.0,0.0,False,61.230298502374254,0.0,0.0,0.0,0.0,36.230298502374254,0.0,False,25.0,298.6547341464652,0.0,254.8360021955478,25.0,25.0,0.0,0.0,0021,base,2.3671515294833756,7.595125304963905,2.371264156422922,6.170575593934409,-0.004112626939546615,1.4245497110294965
4,25.0,298.6547341464652,0.0,254.8360021955478,7350.0,220.5,7350.0,7605.5,470.0,0.0,35.0,7605.5,7135.5,1069.3900041742181,229.45320277498416,32.08170012522654,197.37150264975762,False,113.72555894608647,103.36236290780795,41.67760462279808,42.77560016696872,21.38780008348436,0.6133548805655877,17.91928404878791,12.74180010977739,12.74180010977739,35.36319603827851,10.095330319443457,30.0,30.0,0.0,False,73.36236290780795,0.0,0.0,0.0,0.0,48.36236290780795,0.0,False,25.0,220.29237123865727,0.0,229.56813647671274,25.0,25.0,0.0,0.0,0021,base,1.8752518626338477,9.629119039823724,1.8516216055263093,7.483531945196577,0.02363025710753841,2.145587094627147
5,25.0,220.29237123865727,0.0,229.56813647671274,7350.0,220.5,7350.0,7605.5,470.0,0.0,35.0,7605.5,7135.5,1100.9631976762114,236.227691355005,33.02889593028634,203.19879542471864,False,122.23603889812071,115.37922532223226,44.62571158164089,44.038527907048454,22.019263953524227,0.631463870039866,13.217542274319436,11.478406823835638,11.478406823835638,31.85681357588846,10.393389789232929,30.0,30.0,0.0,False,85.37922532223226,0.0,0.0,0.0,0.0,60.37922532223226,0.0,False,25.0,129.913145916425,0.0,208.10471269005723,25.0,25.0,1889.82153084004,1548.4563492709572,0021,base,1.3994823856914802,13.056500114781121,1.3250684405837772,9.565442916006516,0.07441394510770305,3.4910571987746053
1,27.0,624.0,0.0,429.00000000000006,9000.0,270.0,9000.0,9297.0,624.0,0.0,27.0,9297.0,8673.0,1200.0,177.82303166487634,36.0,141.82303166487634,False,50.19977374865725,24.836661715046723,20.733257916219085,48.0,24.0,0.0,37.44,21.450000000000003,21.450000000000003,52.36311203361053,9.37529818412301,30.0,30.0,0.0,False,0.0,5.1633382849532765,25.0,30.163338284953277,0.0,0.0,0.0,False,25.0,594.0,30.163338284953277,386.0121861505125,25.0,25.0,0.0,0.0,0022,distressed,4.083664006682129,4.384261880238384,5.540202049260518,3.0195794135655687,-1.456538042578389,1.3646824666728152
2,25.0,594.0,30.163338284953277,386.0121861505125,9000.0,270.0,9000.0,9297.0,624.0,0.0,27.0,9297.0,8673.0,1069.754783911824,158.5225323443377,32.092643517354716,126.42988882698297,False,44.16696589941539,22.05088349909323,17.41986980559004,42.79019135647296,21.39509567823648,-2.60490432176352,37.4498002970972,19.300609307525626,19.300609307525626,47.116082400322156,8.357725069221189,30.0,30.0,0.0,False,0.0,7.949116500906769,25.0,32.94911650090677,0.0,0.0,0.0,False,25.0,564.0,63.112454785860045,347.2538288194115,25.0,25.0,0.0,0.0,0022,distressed,4.173270441626232,4.26908739955597,5.988841267959861,2.793328426151564,-1.8155708263336292,1.4757589734044063
3,25.0,564.0,63.112454785860045,347.2538288194115,9000.0,270.0,9000.0,9297.0,624.0,0.0,27.0,9297.0,8673.0,953.6460814185276,141.31686444431006,28.609382442555827,112.70748200175423,False,36.074245690904704,18.68895165227753,14.429510818408016,38.1458432567411,19.07292162837055,-2.3221740498659287,37.626747287151595,17.362691440970575,17.362691440970575,42.38529403862717,7.450596979515955,30.0,30.0,0.0,False,0.0,11.311048347722469,25.0,36.31104834772247,0.0,0.0,0.0,False,25.0,534.0,99.42350313358251,312.3191317603003,25.0,25.0,0.0,0.0,0022,distressed,4.283690607857008,4.136990467963525,6.515447668008001,2.569891013854614,-2.2317570601509926,1.5670994541089107
4,25.0,534.0,99.42350313358251,312.3191317603003,9000.0,270.0,9000.0,9297.0,624.0,0.0,27.0,9297.0,8673.0,850.1395481301955,125.97865982226618,25.504186443905866,100.47447337836032,False,28.708565136212435,15.587349083521126,11.713276650582587,34.00558192520782,17.00279096260391,-2.0701306657666407,38.00541018801495,15.615956588015017,15.615956588015017,38.12121605269131,6.641926468196815,30.0,16.16384594993861,13.836154050061388,True,0.0,0.5764968664174859,0.0,0.5764968664174859,0.0,0.0,25.0,True,0.0,517.8361540500614,100.0,280.8398421758058,0.0,0.0,0.0,0.0,0022,distressed,4.418900523091735,3.987582680902415,7.133557361967032,2.349411575957472,-2.714656838875297,1.6381711049449432
5,0.0,517.8361540500614,100.0,280.8398421758058,9000.0,270.0,9000.0,9297.0,624.0,0.0,27.0,9297.0,8673.0,757.8673738374274,112.30522834639127,22.736021215122822,89.56920713126846,False,23.109554082086966,-11.169345963025428,9.614261444868621,30.314694953497096,15.157347476748548,-1.8454434858553626,37.07016924300368,14.041992108790291,14.041992108790291,34.278900045112394,5.92102717812009,30.0,0.0,30.0,True,-11.169345963025428,0.0,0.0,0.0,0.0,0.0,36.16934596302543,True,-11.169345963025428,517.8361540500614,100.0,252.48196930881352,-11.169345963025428,-11.169345963025428,898.4418267711302,3.4777300476629005,0022,distressed,4.583642997648739,3.8209897336522776,7.849033231142754,2.197231057661965,-3.2653902334940152,1.6237586759903126
1,51.0,682.5,0.0,520.0,12600.0,378.0,12600.0,13029.0,682.5,0.0,51.0,13029.0,12346.5,1680.0,347.33442506969106,50.4,296.9344250696911,False,155.68831880226833,157.44140382457192,57.496106267422775,67.2,33.6,0.0,40.949999999999996,26.0,26.0,49.24691497769642,9.020621678035354,30.0,30.0,0.0,False,127.44140382457192,0.0,0.0,0.0,0.0,87.77412163687808,0.0,False,39.66728218769384,564.7258783631219,0.0,479.77370670033895,39.66728218769384,39.66728218769384,0.0,0.0,0023,downside,2.9310704716983915,6.205048679640285,2.8929821818673807,5.187967514110397,0.03808828983101087,1.0170811655298877
2,39.66728218769384,564.7258783631219,0.0,479.77370670033895,12600.0,378.0,12600.0,13029.0,682.5,0.0,51.0,13029.0,12346.5,1553.7394050513672,321.23046604859553,46.61218215154101,274.61828389705454,False,149.54735224364669,143.7773749267139,54.186511465062566,62.14957620205469,31.074788101027345,-2.525211898972657,33.88355270178731,23.98868533501695,23.98868533501695,45.43725950462664,8.342675809061975,30.0,30.0,0.0,False,113.77737492671389,0.0,0.0,0.0,0.0,80.15637874716926,0.0,False,33.62099617954463,454.5694996159526,0.0,442.6791230047743,33.62099617954463,33.62099617954463,0.0,0.0,0023,downside,2.789602258264731,6.540215503722458,2.6884985009813276,5.550683314585255,0.10110375728340326,0.9895321891372033
3,33.62099617954463,454.5694996159526,0.0,442.6791230047743,12600.0,378.0,12600.0,13029.0,682.5,0.0,51.0,13029.0,12346.5,1436.9679397674859,297.08835309685605,43.109038193024574,253.9793149038315,False,141.39414149047946,133.0909431834523,51.1427971941589,57.47871759069943,28.739358795349716,-2.3354293056776285,27.274169976957158,22.133956150238717,22.133956150238717,41.92419448657179,7.715681040540705,30.0,30.0,0.0,False,103.09094318345231,0.0,0.0,0.0,0.0,74.1986564650281,0.0,False,28.892286718424216,350.37084315092454,0.0,408.47060955874315,28.892286718424216,28.892286718424216,0.0,0.0,0023,downside,2.6310171300007315,6.964590464698578,2.457010375473276,6.012945164769744,0.1740067545274555,0.9516452999288338
4,28.892286718424216,350.37084315092454,0.0,408.47060955874315,12600.0,378.0,12600.0,13029.0,682.5,0.0,51.0,13029.0,12346.5,1328.972447507275,274.760643445476,39.86917342521825,234.8914700202577,False,133.95445208508028,124.16228230383669,48.36142223831627,53.158897900291,26.5794489501455,-2.159909845204215,21.02225058905547,20.42353047793716,20.42353047793716,38.684456499667796,7.13580813660466,30.0,30.0,0.0,False,94.16228230383669,0.0,0.0,0.0,0.0,69.16228230383669,0.0,False,25.0,251.20856084708785,0.0,376.92196119568,25.0,25.0,0.0,0.0,0023,downside,2.4527104442509176,7.516051013634896,2.195112496751938,6.6293995763128475,0.25759794749897935,0.8866514373220484
5,25.0,251.20856084708785,0.0,376.92196119568,12600.0,378.0,12600.0,13029.0,682.5,0.0,51.0,13029.0,12346.5,1229.0933689997696,254.11097540387183,36.87280106999309,217.23817433387876,False,127.19631984760453,116.4996972010079,45.82989065581737,49.16373475999079,24.581867379995394,-1.997581570150107,15.07251365082527,18.846098059784,18.846098059784,35.696622646596616,6.599515648052875,30.0,30.0,0.0,False,86.4996972010079,0.0,0.0,0.0,0.0,61.499697201007905,0.0,False,25.0,159.70886364607995,0.0,347.8248541971363,25.0,25.0,2032.8878032309747,1519.8607683392938,0023,downside,2.2516939441969197,8.2568582183327,1.8989093921515992,7.491785854088759,0.35278455204532055,0.7650723642439416
1,25.5,409.5,0.0,312.0,5700.0,171.0,5700.0,5896.5,409.5,0.0,25.5,5896.5,5487.0,760.0,106.90091227005695,22.8,84.10091227005695,False,25.348184202542708,14.304942656117689,10.982728067514238,30.400000000000002,15.200000000000001,0.0,24.57,15.600000000000001,15.600000000000001,36.54324154642502,7.3793288811234214,30.0,30.0,0.0,False,0.0,15.695057343882311,25.0,40.69505734388231,0.0,0.0,0.0,False,25.0,379.5,40.69505734388231,282.8360873346984,25.0,25.0,0.0,0.0,0024,downside,4.864379974461949,3.689411504039358,6.342613269433229,2.6612126529762743,-1.4782332949712798,1.0281988510630837
2,25.0,379.5,40.69505734388231,282.8360873346984,5700.0,171.0,5700.0,5896.5,409.5,0.0,25.5,5896.5,5487.0,678.006321128448,95.36775559670563,20.340189633853438,75.0275659628522,False,21.61535398275982,13.487958285587872,8.918514538871083,27.12025284513792,13.56012642256896,-1.6398735774310413,25.211703440632938,14.14180436673492,14.14180436673492,33.12739569717195,6.583199509325523,30.0,30.0,0.0,False,0.0,16.512041714412128,25.0,41.51204171441213,0.0,0.0,0.0,False,25.0,349.5,82.20709905829443,256.291891146852,25.0,25.0,0.0,0.0,0024,downside,5.011178017157358,3.560150078724079,6.952024676022142,2.4233609888989527,-1.9408466588647837,1.1367890898251263
3,25.0,349.5,82.20709905829443,256.291891146852,5700.0,171.0,5700.0,5896.5,409.5,0.0,25.5,5896.5,5487.0,604.8586466975423,85.07886990315703,18.14575940092627,66.93311050223076,False,16.576434522685556,11.558048354193634,7.0540225003476245,24.194345867901692,12.097172933950846,-1.4629534886181137,25.902425943497665,12.8145945573426,12.8145945573426,30.018386168491926,5.872961684963687,30.0,30.0,0.0,False,0.0,18.441951645806366,25.0,43.44195164580637,0.0,0.0,0.0,False,25.0,319.5,125.6490507041008,232.14646666332374,25.0,25.0,0.0,0.0,0024,downside,5.188676932865581,3.416496673910923,7.666950890508005,2.1974539570086646,-2.4782739576424238,1.2190427169022584
4,25.0,319.5,125.6490507041008,232.14646666332374,5700.0,171.0,5700.0,5896.5,409.5,0.0,25.5,5896.5,5487.0,539.6026129607005,75.90001524842808,16.188078388821015,59.711936859607064,False,11.95584740827595,9.765512775497285,5.348917621048708,21.58410451842802,10.79205225921401,-1.3051206747368358,26.708943042246045,11.607323333166187,11.607323333166187,27.190334632778665,5.239348876513896,30.0,30.0,0.0,False,0.0,20.234487224502715,25.0,45.234487224502715,0.0,0.0,0.0,False,25.0,289.5,170.88353792860352,210.19548090705896,25.0,25.0,0.0,0.0,0024,downside,5.402777151704145,3.2589070468644463,8.50565071327878,1.980882336101869,-3.1028735615746346,1.2780247107625773
5,25.0,289.5,170.88353792860352,210.19548090705896,5700.0,171.0,5700.0,5896.5,409.5,0.0,25.5,5896.5,5487.0,481.3868190589242,67.71143435813136,14.441604571767725,53.26982978636363,False,7.7032302864171385,8.083921854514493,3.784260866323618,19.255472762356966,9.627736381178483,-1.1643158780355272,27.62301227571621,10.509774045352948,10.509774045352948,24.619308431902645,4.674094285360071,30.0,30.0,0.0,False,0.0,21.916078145485507,7.200383925910977,29.116462071396484,0.0,0.0,17.799616074089023,True,7.200383925910977,259.5,200.0,190.25026676051638,7.200383925910977,7.200383925910977,541.6914748650508,-108.98378009253031,0024,downside,5.660512143440584,3.0883845865638286,9.489532882084674,1.77567497397166,-3.8290207386440906,1.3127096125921687
1,18.0,468.0,0.0,330.0,5700.0,171.0,5700.0,5889.0,468.0,0.0,18.0,5889.0,5421.0,760.0,88.59218724185482,22.8,65.79218724185482,False,8.309140431391103,-17.717992886712576,5.303046810463705,30.400000000000002,15.200000000000001,0.0,28.08,16.5,16.5,44.02713331810368,13.82143062924475,30.0,30.0,0.0,False,-17.717992886712576,30.0,42.71799288671258,72.71799288671258,3.552713678800501e-15,0.0,0.0,False,25.0,438.0,72.71799288671258,299.79429731114107,25.0,25.0,0.0,0.0,0025,distressed,4.516538503865756,3.9418978030794647,8.866609061738385,1.9872630606068824,-4.3500705578726295,1.9546347424725823
2,25.0,438.0,72.71799288671258,299.79429731114107,5700.0,171.0,5700.0,5889.0,468.0,0.0,18.0,5889.0,5421.0,824.7925524311354,96.14496873771908,24.74377657293406,71.40119216478502,False,9.782521721584843,-5.214700992732794,6.442099431506302,32.991702097245415,16.495851048622708,1.2958510486227066,30.643079573202755,14.989714865557055,14.989714865557055,39.99722271431764,14.999754009137698,30.0,27.28200711328742,2.7179928867125795,True,-5.214700992732794,27.28200711328742,0.0,27.28200711328742,0.0,0.0,30.214700992732794,True,-5.214700992732794,410.7179928867126,100.0,274.79682860596114,-5.214700992732794,-5.214700992732794,0.0,0.0,0025,distressed,3.87203316931876,4.561704768087902,8.224346347675203,2.106927044907313,-4.352313178356443,2.454777723180589
3,-5.214700992732794,410.7179928867126,100.0,274.79682860596114,5700.0,171.0,5700.0,5889.0,468.0,0.0,18.0,5889.0,5421.0,895.1088875603516,104.34165022183556,26.853266626810548,77.48838359502501,False,14.471681365455318,-27.40519116796456,8.27636564788105,35.80435550241406,17.90217775120703,1.4063267025843231,30.643079573202755,13.739841430298057,13.739841430298057,36.66217154068708,16.27853341452084,30.0,0.0,30.0,True,-27.40519116796456,0.0,0.0,0.0,0.0,0.0,52.40519116796456,True,-27.40519116796456,410.7179928867126,100.0,254.41319047979488,-27.40519116796456,-27.40519116796456,0.0,0.0,0025,distressed,3.302388530337644,5.312200063047479,7.5955898037792196,2.3509414852079105,-4.293201273441575,2.9612585778395686
4,-27.40519116796456,410.7179928867126,100.0,254.41319047979488,5700.0,171.0,5700.0,5889.0,468.0,0.0,18.0,5889.0,5421.0,971.4199264140744,113.23712633071645,29.142597792422233,84.09452853829421,False,19.30767203961109,-42.04019626513539,10.182697360275428,38.856797056562975,19.428398528281488,1.5262207770744567,30.643079573202755,12.720659523989745,12.720659523989745,33.942677136781924,17.66633305894496,30.0,0.0,30.0,True,-42.04019626513539,0.0,0.0,0.0,0.0,0.0,67.04019626513539,True,-42.04019626513539,410.7179928867126,100.0,238.13684640195794,-42.04019626513539,-42.04019626513539,0.0,0.0,0025,distressed,2.7936654264488276,6.244427069647922,6.984414574809547,2.6113321565032606,-4.1907491483607195,3.6330949131446615
5,-42.04019626513539,410.7179928867126,100.0,238.13684640195794,5700.0,171.0,5700.0,5889.0,468.0,0.0,18.0,5889.0,5421.0,1054.2367376178029,122.89097165299809,31.627102128534084,91.26386952446401,False,24.336757123119916,-49.47459879199057,12.178486907790841,42.16946950471212,21.08473475235606,1.6563362240745718,30.643079573202755,11.906842320097898,11.906842320097898,31.771159649975093,19.172447283928634,30.0,0.0,30.0,True,-49.47459879199057,0.0,0.0,0.0,0.0,0.0,74.47459879199057,True,-49.47459879199057,410.7179928867126,100.0,225.5381340359115,-49.47459879199057,-49.47459879199057,983.1277732239847,182.65013091101034,0025,distressed,2.33471145156745,7.440395576628372,6.393722135530415,2.8881597470651736,-4.059010683962965,4.552235829563198
1,55.0,610.0,0.0,470.0,10875.0,326.25,10875.0,11256.25,610.0,0.0,55.0,11256.25,10646.25,1450.0,356.0427897057906,43.5,312.5427897057906,False,174.83209227934293,184.6000258141244,63.11069742644764,58.0,29.0,0.0,36.6,23.5,23.5,45.23206646521854,12.467870104355221,30.0,30.0,0.0,False,154.6000258141244,0.0,0.0,0.0,0.0,110.27832811497788,0.0,False,44.32169769914651,469.72167188502215,0.0,437.23580363913663,44.32169769914651,44.32169769914651,0.0,0.0,0026,base,2.7696735667112673,6.5740872819871985,2.422842991815213,5.924172873640442,0.3468305748960545,0.6499144083467563
2,44.32169769914651,469.72167188502215,0.0,437.23580363913663,10875.0,326.25,10875.0,11256.25,610.0,0.0,55.0,11256.25,10646.25,1490.0804137015184,365.88440508982563,44.70241241104555,321.1819926787801,False,187.6502642267459,189.89307058295907,67.78422554593048,59.603216548060736,29.801608274030368,0.801608274030368,28.183300313101327,21.861790181956835,21.861790181956835,42.07889134293334,12.812502788327187,30.0,30.0,0.0,False,159.89307058295907,0.0,0.0,0.0,0.0,113.44034353274688,0.0,False,46.45272705021219,326.2813283522753,0.0,407.9694150845305,46.45272705021219,46.45272705021219,0.0,0.0,0026,base,2.3062164016499116,7.950981918978364,1.879823263354822,7.31109488404174,0.4263931382950896,0.6398870349366241
3,46.45272705021219,326.2813283522753,0.0,407.9694150845305,10875.0,326.25,10875.0,11256.25,610.0,0.0,55.0,11256.25,10646.25,1531.2687167564745,375.99805910564226,45.93806150269423,330.05999760294804,False,201.4270321320248,208.61741939738633,72.52116178689624,61.250748670258986,30.625374335129493,0.8237660610991249,19.576879701136516,20.398470754226526,20.398470754226526,39.26233978485067,13.166661693367194,30.0,30.0,0.0,False,178.61741939738633,0.0,0.0,0.0,0.0,124.62609431035439,0.0,False,53.99132508703194,171.6552340419209,0.0,381.87373699304703,53.99132508703194,53.99132508703194,0.0,0.0,0026,base,1.8493331652364473,10.045865095260089,1.3285644269977028,9.405747662562364,0.5207687382387445,0.6401174326977248
4,53.99132508703194,171.6552340419209,0.0,381.87373699304703,10875.0,326.25,10875.0,11256.25,610.0,0.0,55.0,11256.25,10646.25,1573.5955330708143,386.3912713538644,47.207865992124425,339.18340536174,False,215.7603116951843,233.00070432904414,77.44760111739309,62.94382132283258,31.47191066141629,0.8465363262867953,10.299314042515253,19.093686849652354,19.093686849652354,36.7509324531721,13.53061014008312,30.0,30.0,0.0,False,203.00070432904414,0.0,0.0,0.0,0.0,139.19244057360942,0.0,False,63.80826375543472,2.4627934683114745,0.0,358.6534146799581,63.80826375543472,63.80826375543472,0.0,0.0,0026,base,1.3965787692090061,13.639836101913453,0.7694478794800584,13.145689777351949,0.6271308897289477,0.49414632456150365
5,63.80826375543472,2.4627934683114745,0.0,358.6534146799581,10875.0,326.25,10875.0,11256.25,610.0,0.0,55.0,11256.25,10646.25,1617.0923330462208,397.0717692893944,48.51276999138662,348.5589992980078,False,230.81806138696308,260.11008026839477,82.61964023897781,64.68369332184884,32.34184666092442,0.8699359995081295,0.14776760809868847,17.932670733997906,17.932670733997906,34.516244874003085,13.904618727702767,2.4627934683114745,2.4627934683114745,0.0,False,257.6472868000833,0.0,0.0,0.0,0.0,0.0,0.0,False,257.6472868000833,0.0,0.0,338.0417885336578,257.6472868000833,257.6472868000833,3176.5741543151553,3048.5310402668533,0026,base,0.9457477424663684,21.28623151548893,0.2024684400944688,21.961401697042607,0.7432793023718995,-0.6751701815536784
1,60.0,650.0,0.0,500.0,12600.0,378.0,12600.0,13038.0,650.0,0.0,60.0,13038.0,12388.0,1680.0,394.2493803356991,50.4,343.8493803356991,False,193.0870352517743,205.86367134586936,69.96234508392477,67.2,33.6,0.0,39.0,25.0,25.0,47.223363905904925,15.816554153627502,30.0,30.0,0.0,False,175.86367134586936,0.0,0.0,0.0,0.0,125.43001664169866,0.0,False,50.433654704170706,494.56998335830133,0.0,468.5931902477226,50.433654704170706,50.433654704170706,0.0,0.0,0027,base,2.447304522261288,7.463353281151022,2.3151070475359377,6.160146567745298,0.13219747472535026,1.3032067134057241
2,50.433654704170706,494.56998335830133,0.0,468.5931902477226,12600.0,378.0,12600.0,13038.0,650.0,0.0,60.0,13038.0,12388.0,1733.1953838542897,406.7328607650285,51.99586151562869,354.7369992493998,False,207.82899403600794,214.00555524638435,75.40828518387889,69.32781535417159,34.663907677085795,1.063907677085794,29.674199001498078,23.42965951238613,23.42965951238613,44.25709349379429,16.31736824258844,30.0,30.0,0.0,False,184.00555524638435,0.0,0.0,0.0,0.0,130.39075899346895,0.0,False,53.6147962529154,334.1792243648324,0.0,440.65346499651673,53.6147962529154,53.6147962529154,0.0,0.0,0027,base,1.9798763866472673,9.33161807389949,1.7731979947523462,7.659196000958888,0.2066783918949211,1.672422072940602
3,53.6147962529154,334.1792243648324,0.0,440.65346499651673,12600.0,378.0,12600.0,13038.0,650.0,0.0,60.0,13038.0,12388.0,1788.0751420320348,419.6116171070219,53.642254260961046,365.96936284606085,False,223.93610551688357,235.9326239019421,80.97148403358626,71.52300568128139,35.761502840640695,1.0975951635548995,20.050753461889943,22.032673249825837,22.032673249825837,41.6182778678569,16.834040068276703,30.0,30.0,0.0,False,205.9326239019421,0.0,0.0,0.0,0.0,143.7506323911871,0.0,False,62.18199151075498,160.4285919736453,0.0,415.86922719693655,62.18199151075498,62.18199151075498,0.0,0.0,0027,base,1.518303397087539,12.432812020926926,1.2252182892465098,9.970946994917705,0.29308510784102926,2.461865026009221
4,62.18199151075498,160.4285919736453,0.0,415.86922719693655,12600.0,378.0,12600.0,13038.0,650.0,0.0,60.0,13038.0,12388.0,1844.6926084253132,432.89816534614533,55.34077825275939,377.55738709338596,False,240.77438224922162,263.67888605359985,86.7845525537801,73.78770433701253,36.893852168506264,1.132349327865569,9.625715518418717,20.79346135984683,20.79346135984683,39.277487706376775,17.367071748782937,30.0,30.0,0.0,False,233.67888605359985,0.0,0.0,0.0,0.0,130.4285919736453,0.0,False,103.25029407995456,0.0,0.0,393.9588112393427,103.25029407995456,103.25029407995456,0.0,0.0,0027,base,1.060357638013539,18.624717312558577,0.671540192199562,14.231093993061014,0.38881744581397715,4.3936233194975625
5,103.25029407995456,0.0,0.0,393.9588112393427,12600.0,378.0,12600.0,13038.0,650.0,0.0,60.0,13038.0,12388.0,1903.102805686239,446.60541777198216,57.09308417058717,389.51233360139497,False,257.16156277748996,323.2037362432581,92.45359825985696,76.12411222744956,38.06205611372478,1.1682039452185151,0.0,19.697940561967137,19.697940561967137,37.20812061418638,17.916981301224308,0.0,0.0,0.0,False,323.2037362432581,0.0,0.0,0.0,0.0,0.0,0.0,False,323.2037362432581,0.0,0.0,374.66767192638065,323.2037362432581,323.2037362432581,3572.8433421758573,3467.7867563600967,0027,base,0.6818269340606842,31.576093003305576,0.11523356778756735,22.67269597890298,0.5665933662731168,8.903397024402597
1,46.75,640.5,0.0,488.8,10875.0,326.25,10875.0,11248.0,640.5,0.0,46.75,11248.0,10607.5,1450.0,300.20093584357693,43.5,256.70093584357693,False,130.87320188268268,128.74278936925185,48.45773396089423,58.0,29.0,0.0,38.43,24.44,24.44,48.880412513430834,9.911222554088614,30.0,30.0,0.0,False,98.74278936925185,0.0,0.0,0.0,0.0,73.74278936925185,0.0,False,25.0,536.7572106307482,0.0,449.8308100406578,25.0,25.0,0.0,0.0,0028,downside,3.0226106638708212,6.006190840548582,3.2031479781010814,4.774947285566676,-0.1805373142302602,1.2312435549819059
2,25.0,536.7572106307482,0.0,449.8308100406578,10875.0,326.25,10875.0,11248.0,640.5,0.0,46.75,11248.0,10607.5,1449.5111757535783,300.0997320530674,43.485335272607344,256.61439678046,False,136.9527324578293,116.9692718276368,50.47935591014556,57.98044703014313,28.990223515071566,-0.00977648492843386,32.20543263784489,22.49154050203289,22.49154050203289,44.98346063019251,9.907881281056806,30.0,30.0,0.0,False,86.9692718276368,0.0,0.0,0.0,0.0,61.9692718276368,0.0,False,25.0,444.7879388031114,0.0,414.7552306915221,25.0,25.0,0.0,0.0,0028,downside,2.653203811202685,6.861167532665618,2.780886086719528,5.48658755367716,-0.1276822755168432,1.374579978988458
3,25.0,444.7879388031114,0.0,414.7552306915221,10875.0,326.25,10875.0,11248.0,640.5,0.0,46.75,11248.0,10607.5,1449.0225162996696,299.9985623803969,43.47067548899009,256.5278868914068,False,142.34668479756454,125.87081170365134,52.275712257161004,57.96090065198678,28.98045032599339,-0.009773189078174482,26.687276328186684,20.73776153457611,20.73776153457611,41.475873093913194,9.904541134435531,30.0,30.0,0.0,False,95.87081170365134,0.0,0.0,0.0,0.0,70.87081170365134,0.0,False,25.0,343.91712709946006,0.0,383.18389873204444,25.0,25.0,0.0,0.0,0028,downside,2.28130978903104,8.023647281827078,2.340347967872071,6.325742179658857,-0.05903817884103102,1.697905102168221
4,25.0,343.91712709946006,0.0,383.18389873204444,10875.0,326.25,10875.0,11248.0,640.5,0.0,46.75,11248.0,10607.5,1448.534021582719,299.8974268140637,43.45602064748157,256.4414061665821,False,148.009817381521,134.69110412757863,54.16179590100307,57.941360863308766,28.970680431654383,-0.009769894339008545,20.635027625967602,19.159194936602223,19.159194936602223,38.318713253942384,9.901202113845054,30.0,30.0,0.0,False,104.69110412757863,0.0,0.0,0.0,0.0,78.40722249221753,0.0,False,26.283881635361098,235.50990460724253,0.0,354.7663875919471,26.283881635361098,26.283881635361098,0.0,0.0,0028,downside,1.9047249492432408,9.705806588180971,1.8806177050445436,7.536205195176878,0.024107244198697142,2.1696013930040934
5,26.283881635361098,235.50990460724253,0.0,354.7663875919471,10875.0,326.25,10875.0,11248.0,640.5,0.0,46.75,11248.0,10607.5,1448.0456915471905,299.79632534256973,43.441370746415714,256.354954596154,False,153.89384039033024,144.70078386817485,56.12151023503053,57.92182766188762,28.96091383094381,-0.00976660071057367,14.130594276434552,17.738319379597353,17.738319379597353,35.47693815751649,9.897864218905763,30.0,30.0,0.0,False,114.70078386817485,0.0,0.0,0.0,0.0,84.23411946199353,0.0,False,30.466664406181323,121.275785145249,0.0,329.18731365333633,30.466664406181323,30.466664406181323,2398.370602740558,1942.3986093070455,0028,downside,1.5213124636017643,12.37116726849835,1.40093923403659,9.40717115676852,0.12037322956517427,2.9639961117298306
1,55.0,610.0,0.0,470.0,10875.0,326.25,10875.0,11256.25,610.0,0.0,55.0,11256.25,10646.25,1450.0,394.20188095898726,43.5,350.70188095898726,False,203.4514107192404,209.63793192222485,72.65047023974681,58.0,29.0,0.0,36.6,23.5,23.5,48.813478797015556,9.73070113782776,30.0,30.0,0.0,False,179.63793192222485,0.0,0.0,0.0,0.0,134.78339523227456,0.0,False,44.854536689950294,445.21660476772547,0.0,430.9172223408122,44.854536689950294,44.854536689950294,0.0,0.0,0029,base,2.717172897036952,6.704590955085328,2.1087654082124323,6.559099516788473,0.6084074888245197,0.14549143829685462
2,44.854536689950294,445.21660476772547,0.0,430.9172223408122,10875.0,326.25,10875.0,11256.25,610.0,0.0,55.0,11256.25,10646.25,1496.5180329690131,406.84842998995083,44.89554098907039,361.9528890008804,False,219.37498270926187,219.4751179183567,78.42350789944408,59.860721318760525,29.930360659380263,0.9303606593802627,26.71299628606353,21.545861117040612,21.545861117040612,44.75440148085548,10.042875673235406,30.0,30.0,0.0,False,189.4751179183567,0.0,0.0,0.0,0.0,141.108058502574,0.0,False,48.36705941578268,274.10854626515146,0.0,396.20569653319217,48.36705941578268,48.36705941578268,0.0,0.0,0029,base,2.20574048689919,8.329224829586757,1.528695055792456,8.430544191951407,0.677045431106734,-0.10131936236465044
3,48.36705941578268,274.10854626515146,0.0,396.20569653319217,10875.0,326.25,10875.0,11256.25,610.0,0.0,55.0,11256.25,10646.25,1544.5284296561683,419.90069804489127,46.33585288968505,373.5648451552062,False,236.57554343417337,243.79328717553108,84.32701188815939,61.78113718624673,30.890568593123366,0.9602079337431029,16.44651277590909,19.81028482665961,19.81028482665961,41.14931567442501,10.365065205422484,30.0,30.0,0.0,False,213.79328717553108,0.0,0.0,0.0,0.0,156.74304110453508,0.0,False,57.050246070995996,87.36550516061638,0.0,365.42144606418964,57.050246070995996,57.050246070995996,0.0,0.0,0029,base,1.7046962366084264,10.957631433593972,0.9424530775881256,11.581295806862503,0.7622431590203008,-0.6236643732685305
4,57.050246070995996,87.36550516061638,0.0,365.42144606418964,10875.0,326.25,10875.0,11256.25,610.0,0.0,55.0,11256.25,10646.25,1594.0790671819088,433.37170115893537,47.82237201545726,385.5493291434781,False,254.5954414756398,273.6935768882761,90.5090816326579,63.763162687276356,31.881581343638178,0.9910127505148125,5.241930309636983,18.271072303209483,18.271072303209483,37.95211065835976,10.697591029527183,30.0,30.0,0.0,False,243.69357688827608,0.0,0.0,0.0,0.0,57.36550516061638,0.0,False,186.3280717276597,0.0,0.0,338.1669264353571,186.3280717276597,186.3280717276597,0.0,0.0,0029,base,1.2110147401574949,15.970743115649713,0.35036633518442817,18.431150980358428,0.8606484049730667,-2.4604078647087153
5,186.3280717276597,0.0,0.0,338.1669264353571,10875.0,326.25,10875.0,11256.25,610.0,0.0,55.0,11256.25,10646.25,1645.2193586318272,447.2748729398654,49.35658075895481,397.9182921809106,False,268.2824599790404,419.4890336356273,95.25248646478569,65.8087743452731,32.90438717263655,1.0228058289983686,0.0,16.908346321767855,16.908346321767855,35.121498071072814,11.040784748286192,0.0,0.0,0.0,False,419.4890336356273,0.0,0.0,0.0,0.0,0.0,0.0,False,419.4890336356273,0.0,0.0,314.0862131125704,419.4890336356273,419.4890336356273,3578.1989835189233,3629.9288192891963,0029,base,0.7220212141517077,29.415869640882175,-0.23565558205910653,26.452904644142663,0.9576767962108143,2.9629649967395117
1,55.0,610.0,0.0,470.0,10875.0,326.25,10875.0,11256.25,610.0,0.0,55.0,11256.25,10646.25,1450.0,301.2400673124809,43.5,257.7400673124809,False,133.73005048436067,140.49512912616913,49.41001682812023,58.0,29.0,0.0,36.6,23.5,23.5,48.23492135819155,15.138623804753506,30.0,30.0,0.0,False,110.49512912616913,0.0,0.0,0.0,0.0,85.49512912616913,0.0,False,25.0,494.5048708738309,0.0,436.9037024465619,25.0,25.0,0.0,0.0,0030,base,2.7037947242205544,6.7370983228500405,3.0089243486330837,5.012313931988035,-0.3051296244125292,1.7247843908620055
2,25.0,494.5048708738309,0.0,436.9037024465619,10875.0,326.25,10875.0,11256.25,610.0,0.0,55.0,11256.25,10646.25,1512.110360685505,314.14360471503534,45.36331082056515,268.7802938944702,False,146.585301569219,126.74697023174532,54.31620412992807,60.4844144274202,30.2422072137101,1.242207213710099,29.670292252429853,21.845185122328097,21.845185122328097,44.83833133747369,15.787082690819306,30.0,30.0,0.0,False,96.74697023174532,0.0,0.0,0.0,0.0,71.74697023174532,0.0,False,25.0,392.7579006420856,0.0,407.85245379990755,25.0,25.0,0.0,0.0,0030,base,2.1849738897257294,8.406844168475217,2.4689675129486135,6.098043165352913,-0.28399362322288413,2.308801003122304
3,25.0,392.7579006420856,0.0,407.85245379990755,10875.0,326.25,10875.0,11256.25,610.0,0.0,55.0,11256.25,10646.25,1576.8812019947916,327.59986167772195,47.30643605984375,280.2934256178782,False,160.18726782088464,143.33039327879104,59.083832222339424,63.07524807979166,31.53762403989583,1.2954168261857326,23.565474038525135,20.392622689995378,20.392622689995378,41.85687454209361,16.46331813916322,30.0,30.0,0.0,False,113.33039327879104,0.0,0.0,0.0,0.0,88.33039327879104,0.0,False,25.0,274.4275073632946,0.0,382.45889739697714,25.0,25.0,0.0,0.0,0030,base,1.6821746615729185,11.101123039658667,1.928835993776741,7.452548814861936,-0.24666133220382247,3.6485742247967305
4,25.0,274.4275073632946,0.0,382.45889739697714,10875.0,326.25,10875.0,11256.25,610.0,0.0,55.0,11256.25,10646.25,1644.42648490106,341.63251379449764,49.332794547031796,292.2997192474659,False,174.7381724447285,160.48737491561394,64.17778098395483,65.7770593960424,32.8885296980212,1.3509056581253702,16.465650441797674,19.122944869848858,19.122944869848858,39.250797529114564,17.16851995137263,30.0,30.0,0.0,False,130.48737491561394,0.0,0.0,0.0,0.0,100.72921367867464,0.0,False,29.7581612369393,143.69829368461996,0.0,360.3766198192352,29.7581612369393,29.7581612369393,0.0,0.0,0030,base,1.1921196913749308,16.21453573827813,1.3883829352150943,9.599494186349547,-0.19626324384016347,6.615041551928583
5,29.7581612369393,143.69829368461996,0.0,360.3766198192352,10875.0,326.25,10875.0,11256.25,610.0,0.0,55.0,11256.25,10646.25,1714.8650518651991,356.26625079703007,51.44595155595597,304.8202992410741,False,190.07725611384154,182.85086859267085,69.54489265725879,68.59460207460796,34.29730103730398,1.4087713392827794,8.621897621077197,18.01883099096176,18.01883099096176,36.98454875811001,17.903928893866453,30.0,30.0,0.0,False,152.85086859267085,0.0,0.0,0.0,0.0,113.69829368461996,0.0,False,39.152574908050894,0.0,0.0,341.29599995499166,39.152574908050894,39.152574908050894,2850.1300063762405,2505.2346312336563,0030,base,0.7119699063398585,29.764554810920814,0.8480832084739797,13.372992007284411,-0.1361133021341212,16.391562803636404
1,35.0,470.0,0.0,360.0,7350.0,220.5,7350.0,7605.5,470.0,0.0,35.0,7605.5,7135.5,980.0,214.7066386290015,29.4,185.3066386290015,False,94.52997897175113,88.02746827857095,34.77665965725038,39.2,19.6,0.0,28.2,18.0,18.0,41.50251069318018,12.535328580808168,30.0,30.0,0.0,False,58.02746827857095,0.0,0.0,0.0,0.0,33.02746827857095,0.0,False,25.0,406.97253172142905,0.0,331.03281788762797,25.0,25.0,0.0,0.0,0031,base,3.417033025272023,5.268051465768657,3.3208351365468576,4.647329840454578,0.09619788872516555,0.6207216253140793
2,25.0,406.97253172142905,0.0,331.03281788762797,7350.0,220.5,7350.0,7605.5,470.0,0.0,35.0,7605.5,7135.5,1049.9444855963507,230.0306645402536,31.49833456789052,198.5323299723631,False,106.27341831313144,93.11038202375688,39.39058429367399,41.99777942385403,20.998889711927013,1.398889711927012,24.418351903285743,16.5516408943814,16.5516408943814,38.163036289374574,13.42999910056925,30.0,30.0,0.0,False,63.110382023756884,0.0,0.0,0.0,0.0,38.110382023756884,0.0,False,25.0,338.8621496976722,0.0,306.29978069882264,25.0,25.0,0.0,0.0,0031,base,2.887629043280143,6.213503029960804,2.695996777803384,5.614613253077059,0.19163226547675904,0.5988897768837447
3,25.0,338.8621496976722,0.0,306.29978069882264,7350.0,220.5,7350.0,7605.5,470.0,0.0,35.0,7605.5,7135.5,1124.8810437083525,246.44839566541154,33.746431311250575,212.70196435416096,False,120.04389315369608,109.73219892099709,44.26381158433988,44.9952417483341,22.49762087416705,1.4987311622400377,20.33172898186033,15.314989034941133,15.314989034941133,35.311694232698976,14.388523976741462,30.0,30.0,0.0,False,79.73219892099709,0.0,0.0,0.0,0.0,49.99209943049261,0.0,False,29.740099490504484,258.8700502671796,0.0,285.3766104428651,29.740099490504484,29.740099490504484,0.0,0.0,0031,base,2.4028558692543553,7.456194827237043,2.087684765933942,6.9136349536934185,0.3151711033204134,0.5425598735436248
4,29.740099490504484,258.8700502671796,0.0,285.3766104428651,7350.0,220.5,7350.0,7605.5,470.0,0.0,35.0,7605.5,7135.5,1205.165968156584,264.0378918499658,36.15497904469752,227.88291280526826,False,134.90405127979022,131.7445790300488,49.52046981677356,48.206638726263364,24.103319363131682,1.6056984889646309,15.532203016030774,14.268830522143256,14.268830522143256,32.899571740245904,15.415460617602628,30.0,30.0,0.0,False,101.74457903004881,0.0,0.0,0.0,0.0,60.020560592615034,0.0,False,41.72401843743378,168.84948967456455,0.0,267.8924993202218,41.72401843743378,41.72401843743378,0.0,0.0,0031,base,1.9553353543599903,9.172538254943712,1.4960654616262943,8.860024653565887,0.459269892733696,0.3125136013778249
5,41.72401843743378,168.84948967456455,0.0,267.8924993202218,7350.0,220.5,7350.0,7605.5,470.0,0.0,35.0,7605.5,7135.5,1291.1809821371355,282.8827842207727,38.73542946411406,244.14735475665861,False,150.83421020664784,161.67430831724755,55.15544010254341,51.64723928548542,25.82361964274271,1.7203002796110276,10.130969380473873,13.394624966011092,13.394624966011092,30.883920326834083,16.51569170242816,30.0,30.0,0.0,False,131.67430831724755,0.0,0.0,0.0,0.0,73.65602964514544,0.0,False,58.01827867210211,65.19346002941911,0.0,253.52427069581591,58.01827867210211,58.01827867210211,2263.0622737661815,1968.416887606556,0031,base,1.5389725672678245,11.712642582127016,0.921581186961427,12.0244691825624,0.6173913803063975,-0.3118266004353849
1,38.25,546.0,0.0,405.6,9000.0,270.0,9000.0,9308.25,546.0,0.0,38.25,9308.25,8762.25,1200.0,225.51628156641692,36.0,189.51628156641692,False,90.3572111748127,83.37241762572509,34.11907039160423,48.0,24.0,0.0,32.76,20.28,20.28,45.23479354908761,17.297371102775365,30.0,30.0,0.0,False,53.37241762572509,0.0,0.0,0.0,0.0,28.37241762572509,0.0,False,25.0,487.6275823742749,0.0,377.66257755368775,25.0,25.0,0.0,0.0,0032,downside,3.3406689982315427,5.39887377497921,3.726073142441772,4.251815263318569,-0.3854041442102294,1.1470585116606404
2,25.0,487.6275823742749,0.0,377.66257755368775,9000.0,270.0,9000.0,9308.25,546.0,0.0,38.25,9308.25,8762.25,1173.9757830814294,220.62554437462202,35.21927349244288,185.40627088217914,False,91.72984180408581,74.61078675759332,34.316371765509565,46.95903132325718,23.47951566162859,-0.5204843383714106,29.25765494245649,18.88312887768439,18.88312887768439,42.11905504649249,16.922245654692333,30.0,30.0,0.0,False,44.61078675759332,0.0,0.0,0.0,0.0,19.610786757593317,0.0,False,25.0,438.0167956166816,0.0,352.4657681618876,25.0,25.0,0.0,0.0,0032,downside,3.0586235406975493,5.890139888196211,3.469600793273422,4.582923809444039,-0.4109772525758726,1.3072160787521723
3,25.0,438.0167956166816,0.0,352.4657681618876,9000.0,270.0,9000.0,9308.25,546.0,0.0,38.25,9308.25,8762.25,1148.5159493847127,215.84087185413628,34.45547848154138,181.3853933725949,False,92.13486010071193,77.82589497269527,34.37027430687491,45.94063797538851,22.970318987694256,-0.5091966739343334,26.281007737000895,17.62328840809438,17.62328840809438,39.30896512801667,16.55525549496979,30.0,30.0,0.0,False,47.82589497269527,0.0,0.0,0.0,0.0,22.825894972695266,0.0,False,25.0,385.1909006439863,0.0,329.7120585288407,25.0,25.0,0.0,0.0,0032,downside,2.7732093170870176,6.496171764894865,3.1963499463579748,4.916167455249108,-0.4231406292709572,1.5800043096457568
4,25.0,385.1909006439863,0.0,329.7120585288407,9000.0,270.0,9000.0,9308.25,546.0,0.0,38.25,9308.25,8762.25,1123.6082592170244,211.15996379661505,33.70824777651073,177.4517160201043,False,92.65306550245084,80.88172206508202,34.46366476375577,44.94433036868098,22.47216518434049,-0.498153803353766,23.111454038639177,16.485602926442038,16.485602926442038,36.771343437368834,16.19622419485024,30.0,30.0,0.0,False,50.881722065082016,0.0,0.0,0.0,0.0,25.881722065082016,0.0,False,25.0,329.30917857890427,0.0,309.1369392863221,25.0,25.0,0.0,0.0,0032,downside,2.482238243070182,7.267991278656708,2.9051251327930947,5.3327186407521925,-0.4228868897229128,1.9352726379045153
5,25.0,329.30917857890427,0.0,309.1369392863221,9000.0,270.0,9000.0,9308.25,546.0,0.0,38.25,9308.25,8762.25,1099.2407383258899,206.5805698779812,32.97722214977669,173.60334772820448,False,93.2859055714294,83.80921516952208,34.59698751228853,43.969629533035594,21.984814766517797,-0.48735041782269306,19.758550714734255,15.456846964316107,15.456846964316107,34.47669040190733,15.844979151759755,30.0,30.0,0.0,False,53.809215169522076,0.0,0.0,0.0,0.0,28.809215169522076,0.0,False,25.0,270.4999634093822,0.0,290.5052280361745,25.0,25.0,1652.6445590238495,1091.849699192935,0032,downside,2.183509670408143,8.291022632248032,2.5946544331935635,5.866200113959694,-0.41114476278542034,2.4248225182883374
1,55.0,610.0,0.0,470.0,10875.0,326.25,10875.0,11256.25,610.0,0.0,55.0,11256.25,10646.25,1450.0,338.618860219801,43.5,295.118860219801,False,161.76414516485076,171.51214369706082,58.75471505495024,58.0,29.0,0.0,36.6,23.5,23.5,45.252001467789945,5.408260246218164,30.0,30.0,0.0,False,141.51214369706082,0.0,0.0,0.0,0.0,101.50770589200248,0.0,False,40.004437805058345,478.4922941079975,0.0,430.1562587784282,40.004437805058345,40.004437805058345,0.0,0.0,0033,base,2.767653135933589,6.575769916971953,2.5652561541242016,5.634257241594026,0.20239698180938737,0.9415126753779264
2,40.004437805058345,478.4922941079975,0.0,430.1562587784282,10875.0,326.25,10875.0,11256.25,610.0,0.0,55.0,11256.25,10646.25,1490.4470134938288,348.0644613291632,44.71341040481486,303.3510509243483,False,174.1368648493954,172.72549062547404,63.28342508473676,59.61788053975315,29.808940269876576,0.808940269876576,28.70953764647985,21.50781293892141,21.50781293892141,41.41581202897971,5.559120918740181,30.0,30.0,0.0,False,142.72549062547404,0.0,0.0,0.0,0.0,102.22581284641076,0.0,False,40.499677779063276,346.26648126158676,0.0,394.2995676681887,40.499677779063276,40.499677779063276,0.0,0.0,0033,base,2.3030149697706177,7.953320260954552,2.011312411722098,6.931159395540659,0.29170255804851974,1.022160865413893
3,40.499677779063276,346.26648126158676,0.0,394.2995676681887,10875.0,326.25,10875.0,11256.25,610.0,0.0,55.0,11256.25,10646.25,1532.0222758846023,357.7735426837169,45.960668276538065,311.81287440717887,False,187.3397023543942,189.87588095288342,67.83047678701855,61.280891035384094,30.640445517692047,0.8315052478154712,20.775988875695205,19.714978383409434,19.714978383409434,37.96349918057407,5.7141897730947395,30.0,30.0,0.0,False,159.87588095288342,0.0,0.0,0.0,0.0,112.37609573461624,0.0,False,47.49978521826718,203.89038552697053,0.0,362.05025826070937,47.49978521826718,47.49978521826718,0.0,0.0,0033,base,1.8457141567254165,10.045606490564149,1.4490754533733945,8.835885307315532,0.396638703352022,1.2097211832486163
4,47.49978521826718,203.89038552697053,0.0,362.05025826070937,10875.0,326.25,10875.0,11256.25,610.0,0.0,55.0,11256.25,10646.25,1574.7572591022235,367.75345393107085,47.2427177730667,320.51073615800414,False,201.0288278296382,213.67010492401738,72.54370002833761,62.99029036408894,31.49514518204447,0.8546996643524238,12.233423131618231,18.10251291303547,18.10251291303547,34.85850812388797,5.8735841943765745,30.0,30.0,0.0,False,183.67010492401738,0.0,0.0,0.0,0.0,126.45846352926291,0.0,False,57.211641394754466,47.43192199770762,0.0,333.06533433119796,57.211641394754466,57.211641394754466,0.0,0.0,0033,base,1.393240816696636,13.625537854522543,0.8790824708195549,12.122700067330952,0.514158345877081,1.5028377871915914
5,57.211641394754466,47.43192199770762,0.0,333.06533433119796,10875.0,326.25,10875.0,11256.25,610.0,0.0,55.0,11256.25,10646.25,1618.6843129700942,378.0117497335206,48.560529389102825,329.4512203444178,False,215.3986445239383,240.54247102927718,77.48800957699885,64.74737251880377,32.373686259401886,0.8785410773574149,2.845915319862457,16.653266716559898,16.653266716559898,32.06781488941557,6.037424842078015,30.0,30.0,0.0,False,210.54247102927718,0.0,0.0,0.0,0.0,17.43192199770762,0.0,False,193.11054903156958,0.0,0.0,307.0349442838604,193.11054903156958,193.11054903156958,3024.093997868165,2864.8081926478512,0033,base,0.943334532402893,21.20326469503528,0.30137792101066124,19.38603111799437,0.6419566113922317,1.8172335770409092
1,60.0,650.0,0.0,500.0,12600.0,378.0,12600.0,13038.0,650.0,0.0,60.0,13038.0,12388.0,1680.0,351.6622567948178,50.4,301.2622567948178,False,161.14669259611333,172.7893187117278,59.31556419870445,67.2,33.6,0.0,39.0,25.0,25.0,48.35737388438553,13.130925297022609,30.0,30.0,0.0,False,142.7893187117278,0.0,0.0,0.0,0.0,109.64400138587727,0.0,False,33.14531732585051,510.3559986141227,0.0,464.77355141263706,33.14531732585051,33.14531732585051,0.0,0.0,0034,base,2.2755259259686023,8.03105372398935,2.6786617400641974,5.494722762419028,-0.4031358140955952,2.5363309615703225
2,33.14531732585051,510.3559986141227,0.0,464.77355141263706,12600.0,378.0,12600.0,13038.0,650.0,0.0,60.0,13038.0,12388.0,1848.7681925928541,386.98928267719015,55.463045777785624,331.5262368994045,False,186.38660378115839,174.58146431253974,69.41654985298132,73.95072770371416,36.97536385185708,3.375363851857081,30.62135991684736,23.238677570631854,23.238677570631854,44.95045679446915,14.450022040743022,30.0,30.0,0.0,False,144.58146431253974,0.0,0.0,0.0,0.0,110.78121296934874,0.0,False,33.80025134319099,369.57478564477395,0.0,434.2731166589109,33.80025134319099,33.80025134319099,0.0,0.0,0034,base,1.6825784105990509,11.02191910015615,1.989842317165239,7.185091224029562,-0.3072639065661882,3.8368278761265886
3,33.80025134319099,369.57478564477395,0.0,434.2731166589109,12600.0,378.0,12600.0,13038.0,650.0,0.0,60.0,13038.0,12388.0,2034.4903749661003,425.8651646951868,61.03471124898301,364.8304534462038,False,216.64738545880294,208.44702186156928,80.23557761864295,81.37961499864402,40.68980749932201,3.7144436474649254,22.174487138686438,21.71365583294555,21.71365583294555,42.00061494042466,15.901631625709156,30.0,30.0,0.0,False,178.44702186156928,0.0,0.0,0.0,0.0,132.27070819118086,0.0,False,46.176313670388424,207.3040774535931,0.0,408.1741333441954,46.176313670388424,46.176313670388424,0.0,0.0,0034,base,1.1365857510810602,16.861523067526544,1.3368125508337318,9.703421832417325,-0.20022679975267166,7.1581012351092195
4,46.176313670388424,207.3040774535931,0.0,408.1741333441954,12600.0,378.0,12600.0,13038.0,650.0,0.0,60.0,13038.0,12388.0,2238.8696984366875,468.64641120343964,67.16609095310062,401.480320250339,False,249.99874324815664,256.6985985664245,92.1583422339784,89.5547879374675,44.77739396873375,4.08758646941174,12.438244647215585,20.40870666720977,20.40870666720977,39.47645835212059,17.499065928535526,30.0,30.0,0.0,False,226.6985985664245,0.0,0.0,0.0,0.0,162.88889676060444,0.0,False,63.809701805820055,14.415180692988656,0.0,386.19674092061035,63.809701805820055,63.809701805820055,0.0,0.0,0034,base,0.6311962000552477,33.3818035353654,0.7186702207809567,14.267577125114341,-0.08747402072570898,19.114226410251057
5,63.809701805820055,14.415180692988656,0.0,386.19674092061035,12600.0,378.0,12600.0,13038.0,650.0,0.0,60.0,13038.0,12388.0,2463.7804082319662,515.7253444081612,73.91341224695898,441.8119321612022,False,287.091869926969,313.5506513455308,105.40929606839809,98.55121632927865,49.27560816463932,4.498214195905575,0.8649108415793193,19.30983704603052,19.30983704603052,37.350920387258256,19.256974100453462,14.415180692988656,14.415180692988656,0.0,False,299.13547065254215,0.0,0.0,0.0,0.0,0.0,0.0,False,299.13547065254215,0.0,0.0,368.10279463380556,299.13547065254215,299.13547065254215,4125.802755265289,3994.948389955047,0034,base,0.48669174170334617,44.21631026092695,0.13372878554264053,25.5629139596282,0.3529629561607056,18.653396301298752
1,38.25,546.0,0.0,405.6,9000.0,270.0,9000.0,9308.25,546.0,0.0,38.25,9308.25,8762.25,1200.0,259.201070272775,36.0,223.20107027277498,False,115.62080270458125,102.22854683303852,42.54026756819375,48.0,24.0,0.0,32.76,20.28,20.28,51.64225587154273,16.238682800319697,30.0,30.0,0.0,False,72.22854683303852,0.0,0.0,0.0,0.0,47.22854683303852,0.0,False,25.0,468.77145316696146,0.0,370.196426928777,25.0,25.0,0.0,0.0,0035,downside,3.299806603841119,5.461593151733374,3.140295212666925,4.886898006651112,0.1595113911741941,0.5746951450822619
2,25.0,468.77145316696146,0.0,370.196426928777,9000.0,270.0,9000.0,9308.25,546.0,0.0,38.25,9308.25,8762.25,1171.946103726918,253.1414036566881,35.15838311180754,217.98302054488056,False,117.35180089451048,95.21723826584486,42.83672800210601,46.87784414907672,23.43892207453836,-0.5610779254616389,28.12628719001769,18.50982134643885,18.50982134643885,47.13456262866561,15.859050864576655,30.0,30.0,0.0,False,65.21723826584486,0.0,0.0,0.0,0.0,40.217238265844856,0.0,False,25.0,398.5542149011166,0.0,338.92091516468804,25.0,25.0,0.0,0.0,0035,downside,2.9795075097588954,6.038342284922943,2.8145341685474246,5.428013005390481,0.1649733412114709,0.6103292795324622
3,25.0,398.5542149011166,0.0,338.92091516468804,9000.0,270.0,9000.0,9308.25,546.0,0.0,38.25,9308.25,8762.25,1144.5480583672534,247.22340142284887,34.3364417510176,212.88695967183128,False,118.12322608816817,99.97075907349301,43.00691525488247,45.78192233469014,22.89096116734507,-0.5479609071932927,23.913252894066996,16.9460457582344,16.9460457582344,43.15246701467516,15.488294057956352,30.0,30.0,0.0,False,69.97075907349301,0.0,0.0,0.0,0.0,44.970759073493014,0.0,False,25.0,323.5834558276236,0.0,311.25674220796924,25.0,25.0,0.0,0.0,0035,downside,2.6576279761534067,6.766937136830898,2.466757574427702,6.050603157108377,0.19087040172570457,0.7163339797225214
4,25.0,323.5834558276236,0.0,311.25674220796924,9000.0,270.0,9000.0,9308.25,546.0,0.0,38.25,9308.25,8762.25,1117.7905312764262,241.44375170635288,33.53371593829279,207.91003576806008,False,119.05638871005546,104.42621039928926,43.23304782700106,44.71162125105705,22.355810625528527,-0.5351505418165416,19.415007349657415,15.562837110398462,15.562837110398462,39.630178310766176,15.126204895498933,30.0,30.0,0.0,False,74.42621039928926,0.0,0.0,0.0,0.0,49.42621039928926,0.0,False,25.0,244.15724542833433,0.0,286.752768792702,25.0,25.0,0.0,0.0,0035,downside,2.331225597789186,7.725140473209474,2.0953535166912536,6.902762461022367,0.23587208109793245,0.8223780121871069
5,25.0,244.15724542833433,0.0,286.752768792702,9000.0,270.0,9000.0,9308.25,546.0,0.0,38.25,9308.25,8762.25,1091.6585482602077,235.79922006789135,32.74975644780623,203.04946362008513,False,120.15284701878475,108.64259095895723,43.5155976136875,43.66634193040831,21.833170965204154,-0.5226396603243728,14.64943472570006,14.3376384396351,14.3376384396351,36.51025605982754,14.772580742879171,30.0,30.0,0.0,False,78.64259095895723,0.0,0.0,0.0,0.0,53.64259095895723,0.0,False,25.0,160.5146544693771,0.0,265.01509347575364,25.0,25.0,1886.3937605431308,1457.568106189853,0035,downside,1.9973993891197146,9.05285756773183,1.6986050582771655,8.134633625235304,0.29879433084254914,0.9182239424965264
1,51.0,682.5,0.0,520.0,12600.0,378.0,12600.0,13029.0,682.5,0.0,51.0,13029.0,12346.5,1680.0,367.55017013360685,50.4,317.1501701336069,False,170.85012760020516,171.39229655858563,62.55004253340172,67.2,33.6,0.0,40.949999999999996,26.0,26.0,50.45783104161952,13.775390911930392,30.0,30.0,0.0,False,141.39229655858563,0.0,0.0,0.0,0.0,108.51180974093555,0.0,False,32.88048681765008,543.9881902590645,0.0,483.31755987031084,32.88048681765008,32.88048681765008,0.0,0.0,0036,downside,2.511825125351045,7.256353902049153,2.7055497293070094,5.489920390345137,-0.19372460395596436,1.7664335117040162
2,32.88048681765008,543.9881902590645,0.0,483.31755987031084,12600.0,378.0,12600.0,13029.0,682.5,0.0,51.0,13029.0,12346.5,1782.543350138666,389.9845902464263,53.47630050415998,336.50828974226636,False,189.90103974574518,175.88315007227223,69.92578008330173,71.30173400554665,35.650867002773325,2.050867002773323,32.639291415543866,24.165877993515544,24.165877993515544,46.898376491123024,14.616209205727461,30.0,30.0,0.0,False,145.88315007227223,0.0,0.0,0.0,0.0,111.3550567936699,0.0,False,34.52809327860233,402.63313346539456,0.0,451.03539258491526,34.52809327860233,34.52809327860233,0.0,0.0,0036,downside,1.9939913939208502,9.22676538145593,2.100443077133132,6.86530106860716,-0.10645168321228193,2.3614643128487707
3,34.52809327860233,402.63313346539456,0.0,451.03539258491526,12600.0,378.0,12600.0,13029.0,682.5,0.0,51.0,13029.0,12346.5,1891.3457113830827,413.78835595257124,56.740371341492484,357.04798461107873,False,211.6641658917128,202.4263598763917,77.58455674347732,75.6538284553233,37.82691422766165,2.176047224888329,24.157988007923674,22.551769629245765,22.551769629245765,43.76589929392343,15.50834912137205,30.0,30.0,0.0,False,172.4263598763917,0.0,0.0,0.0,0.0,128.16008123182377,0.0,False,44.26627864456793,244.4730522335708,0.0,422.77784241236384,44.26627864456793,44.26627864456793,0.0,0.0,0036,downside,1.4999585147151737,12.496943584032186,1.5055634288384223,8.858713401315057,-0.005604914123248594,3.6382301827171286
4,44.26627864456793,244.4730522335708,0.0,422.77784241236384,12600.0,378.0,12600.0,13029.0,682.5,0.0,51.0,13029.0,12346.5,2006.7891194280946,439.04504896908765,60.20367358284284,378.8413753862448,False,234.89881574352808,238.14114642543544,85.7585250329031,80.27156477712379,40.13578238856189,2.3088681609002393,14.668383134014247,21.138892120618195,21.138892120618195,41.02394796266057,16.454943213053912,30.0,30.0,0.0,False,208.14114642543544,0.0,0.0,0.0,0.0,150.77181000122758,0.0,False,57.36933642420786,63.70124223234322,0.0,398.2088376627572,57.36933642420786,57.36933642420786,0.0,0.0,0036,downside,1.0261248584845322,19.023833924235113,0.9214105578021803,12.261336442020612,0.10471430068235188,6.762497482214501
5,57.36933642420786,63.70124223234322,0.0,398.2088376627572,12600.0,378.0,12600.0,13029.0,682.5,0.0,51.0,13029.0,12346.5,2129.2789285518925,465.84335264949533,63.87836785655677,401.96498479293854,False,259.9317658139002,278.66119021874823,94.55811709396502,85.1711571420757,42.58557857103785,2.449796182475957,3.822074533940593,19.910441883137864,19.910441883137864,38.639912019359805,17.45931523889204,30.0,30.0,0.0,False,248.66119021874823,0.0,0.0,0.0,0.0,33.70124223234322,0.0,False,214.959947986405,0.0,0.0,377.0282408822894,214.959947986405,214.959947986405,3726.7468211959626,3508.777325982139,0036,downside,0.6048208677356257,35.61893897885842,0.3479029849285539,19.628906790274623,0.2569178828070718,15.990032188583793
1,60.0,650.0,0.0,500.0,12600.0,378.0,12600.0,13038.0,650.0,0.0,60.0,13038.0,12388.0,1680.0,363.60899826334054,50.4,313.20899826334056,False,170.1067486975054,181.0600039850312,62.30224956583514,67.2,33.6,0.0,39.0,25.0,25.0,49.04674471247421,19.34308535107529,30.0,30.0,0.0,False,151.0600039850312,0.0,0.0,0.0,0.0,114.302096635652,0.0,False,36.75790734937918,505.697903364348,0.0,470.29634063860107,36.75790734937918,36.75790734937918,0.0,0.0,0037,base,2.3339402899177015,7.830254762581194,2.5830943159809716,5.681390597864696,-0.24915402606327008,2.148864164716498
2,36.75790734937918,505.697903364348,0.0,470.29634063860107,12600.0,378.0,12600.0,13038.0,650.0,0.0,60.0,13038.0,12388.0,1805.3875353541773,390.74711500431766,54.161626060625316,336.5854889436923,False,191.48497222180077,182.1098704541554,70.68219942747534,72.2155014141671,36.10775070708355,2.507750707083545,30.34187420186088,23.514817031930054,23.514817031930054,46.13300911702455,20.78676499293054,30.0,30.0,0.0,False,152.1098704541554,0.0,0.0,0.0,0.0,114.96487105279103,0.0,False,37.14499940136439,360.733032311557,0.0,444.9500965145071,37.14499940136439,37.14499940136439,0.0,0.0,0037,base,1.780730615783877,10.406343157747775,1.9668427479399497,7.255312312226747,-0.1861121321560728,3.1510308455210287
3,37.14499940136439,360.733032311557,0.0,444.9500965145071,12600.0,378.0,12600.0,13038.0,650.0,0.0,60.0,13038.0,12388.0,1940.1334242929945,419.91069696690494,58.20400272878983,361.7066942381151,False,216.26515358356596,209.76344539785475,79.4538018684241,77.60533697171978,38.80266848585989,2.694917778776343,21.64398193869342,22.247504825725358,22.247504825725358,43.64670758707558,22.338194296769856,30.0,30.0,0.0,False,179.76344539785475,0.0,0.0,0.0,0.0,132.42240737206166,0.0,False,47.3410380257931,198.31062493949534,0.0,423.6415832242014,47.3410380257931,47.3410380257931,0.0,0.0,0037,base,1.2583548589742586,15.162646189490404,1.3684127941689261,9.56701920854755,-0.11005793519466756,5.595626980942855
4,47.3410380257931,198.31062493949534,0.0,423.6415832242014,12600.0,378.0,12600.0,13038.0,650.0,0.0,60.0,13038.0,12388.0,2084.936131632494,451.25091563448535,62.54808394897481,388.70283168551055,False,242.97117080783312,248.7557276696546,88.90552875698269,83.39744526529977,41.69872263264988,2.896054146789993,11.89863749636972,21.18207916121007,21.18207916121007,41.556481163971604,24.005415205778615,30.0,30.0,0.0,False,218.7557276696546,0.0,0.0,0.0,0.0,157.0380017506211,0.0,False,61.717725919033484,11.272623188874235,0.0,406.09051726600836,61.717725919033484,61.717725919033484,0.0,0.0,0037,base,0.7625312328022822,26.965265212465532,0.7881322834232718,13.6409050718401,-0.025601050620989607,13.324360140625432
5,61.717725919033484,11.272623188874235,0.0,406.09051726600836,12600.0,378.0,12600.0,13038.0,650.0,0.0,60.0,13038.0,12388.0,2240.5462524159884,484.93022524027333,67.21638757247965,417.71383766779365,False,272.03205087004085,293.91494092806926,99.1832386032902,89.62185009663953,44.81092504831977,3.112202415669884,0.6763573913324541,20.30452586330042,20.30452586330042,39.834835861005025,25.79706987709187,11.272623188874235,11.272623188874235,0.0,False,282.64231773919505,0.0,0.0,0.0,0.0,0.0,0.0,False,282.64231773919505,0.0,0.0,392.0527512820952,282.64231773919505,282.64231773919505,3879.4418019221866,3711.8397413504536,0037,base,0.5548465173693551,38.80002542243101,0.2256209818406131,23.112955701385637,0.329225535528742,15.687069721045376
1,35.0,470.0,0.0,360.0,7350.0,220.5,7350.0,7605.5,470.0,0.0,35.0,7605.5,7135.5,980.0,220.12318394631743,29.4,190.72318394631742,False,98.59238795973808,90.63341938217158,36.13079598657936,39.2,19.6,0.0,28.2,18.0,18.0,42.95896857756647,8.314298853771241,30.0,30.0,0.0,False,60.63341938217158,0.0,0.0,0.0,0.0,35.63341938217158,0.0,False,25.0,404.3665806178284,0.0,325.35533027620477,25.0,25.0,0.0,0.0,0038,base,3.2806564651312433,5.481744795544657,3.2014888130361467,4.764571081089121,0.07916765209509657,0.7171737144555355
2,25.0,404.3665806178284,0.0,325.35533027620477,7350.0,220.5,7350.0,7605.5,470.0,0.0,35.0,7605.5,7135.5,1093.7116617246934,245.66458499801752,32.8113498517408,212.85323514627672,False,116.03125549480677,102.20645157847554,43.080868448849195,43.748466468987736,21.874233234493868,2.2742332344938667,24.261994837069704,16.26776651381024,16.26776651381024,38.82480391633123,9.279026138197814,30.0,30.0,0.0,False,72.20645157847554,0.0,0.0,0.0,0.0,44.67631953848428,0.0,False,27.53013203999126,329.6902610793441,0.0,295.80955249807135,27.53013203999126,27.53013203999126,0.0,0.0,0038,base,2.654796078178807,6.747422138322226,2.434089885370534,6.061338058993626,0.2207061928082732,0.6860840793285998
3,27.53013203999126,329.6902610793441,0.0,295.80955249807135,7350.0,220.5,7350.0,7605.5,470.0,0.0,35.0,7605.5,7135.5,1220.6175499924389,274.1696137602948,36.61852649977316,237.55108726052163,False,137.49010221286375,129.72114183421988,50.74479849271435,48.82470199969755,24.412350999848776,2.538117765354908,19.781415664760647,14.790477624903568,14.790477624903568,35.299092418635134,10.355692955913463,30.0,30.0,0.0,False,99.72114183421988,0.0,0.0,0.0,0.0,56.70349663820205,0.0,False,43.01764519601783,242.98676444114207,0.0,270.86615303534967,43.01764519601783,43.01764519601783,0.0,0.0,0038,base,2.105492571617107,8.493621559091807,1.717313840227834,7.930419415076174,0.38817873138927284,0.5632021440156327
4,43.01764519601783,242.98676444114207,0.0,270.86615303534967,7350.0,220.5,7350.0,7605.5,470.0,0.0,35.0,7605.5,7135.5,1362.2486213597492,305.98214679611164,40.86745864079248,265.1146881553192,False,161.28902333686864,171.98408365240897,59.24804365927079,54.48994485438997,27.244972427194984,2.832621427346208,14.579205866468524,13.543307651767485,13.543307651767485,32.32258488047749,11.557287909308997,30.0,30.0,0.0,False,141.98408365240897,0.0,0.0,0.0,0.0,75.17740571287563,0.0,False,66.80667793953334,137.80935872826643,0.0,250.10085606418113,66.80667793953334,66.80667793953334,0.0,0.0,0038,base,1.6192574217799702,11.062835302330889,1.0494191906787247,10.880327129994903,0.5698382311012455,0.18250817233598582
5,66.80667793953334,137.80935872826643,0.0,250.10085606418113,7350.0,220.5,7350.0,7605.5,470.0,0.0,35.0,7605.5,7135.5,1520.313472805657,341.48596145965746,45.60940418416971,295.87655727548776,False,187.96278295446228,224.92480862487443,68.77573823714567,60.81253891222628,30.40626945611314,3.161297028918156,8.268561523695986,12.505042803209058,12.505042803209058,29.8446522691212,12.898306698286785,30.0,30.0,0.0,False,194.92480862487443,0.0,0.0,0.0,0.0,98.31877016630106,0.0,False,96.60603845857337,9.490588561965367,0.0,233.1545104933467,96.60603845857337,96.60603845857337,2731.8876916772597,2544.8703157053624,0038,base,1.185320913854119,15.226012400633431,0.4276575820935804,16.438455074326225,0.7576633317605386,-1.2124426736927933
1,18.0,468.0,0.0,330.0,5700.0,171.0,5700.0,5889.0,468.0,0.0,18.0,5889.0,5421.0,760.0,116.09051392564498,22.8,93.29051392564499,False,28.932885444233737,7.378152753487051,12.177628481411247,30.400000000000002,15.200000000000001,0.0,28.08,16.5,16.5,39.55473269074668,9.954743171757874,30.0,30.0,0.0,False,0.0,22.62184724651295,25.0,47.62184724651295,0.0,0.0,0.0,False,25.0,438.0,47.62184724651295,300.4000104810112,25.0,25.0,0.0,0.0,0039,distressed,4.858385265888813,3.6675998102009477,6.5554181129299876,2.6040940763940106,-1.6970328470411742,1.0635057338069371
2,25.0,438.0,47.62184724651295,300.4000104810112,5700.0,171.0,5700.0,5889.0,468.0,0.0,18.0,5889.0,5421.0,771.8266804645153,117.89704736401337,23.154800413935458,94.74224695007791,False,29.983901279491974,18.977106991995306,12.646233897809143,30.873067218580616,15.436533609290308,0.23653360929030676,29.137310834790778,15.020000524050559,15.020000524050559,36.00679428749667,10.10965312780879,30.0,30.0,0.0,False,0.0,11.022893008004694,25.0,36.022893008004694,0.0,0.0,0.0,False,25.0,408.0,83.64474025451764,274.50286932132326,25.0,25.0,0.0,0.0,0039,distressed,4.495540616077632,3.933425360922279,6.2863967007376225,2.669932650698118,-1.7908560846599908,1.263492710224161
3,25.0,408.0,83.64474025451764,274.50286932132326,5700.0,171.0,5700.0,5889.0,468.0,0.0,18.0,5889.0,5421.0,783.8374008906225,119.73169303096603,23.51512202671867,96.21657100424736,False,31.665968924754218,23.76327917066964,13.248185780727534,31.3534960356249,15.67674801781245,0.24021440852214226,29.498684415271057,13.725143466066164,13.725143466066164,32.90268975408458,10.26697370300574,30.0,30.0,0.0,False,0.0,6.236720829330359,10.118538916151998,16.355259745482357,0.0,0.0,14.881461083848002,True,10.118538916151998,378.0,100.0,251.86715327024444,10.118538916151998,10.118538916151998,0.0,0.0,0039,distressed,4.159570795291004,4.220816793701651,6.0113458361266545,2.7700390941696917,-1.8517750408356504,1.4507776995319595
4,10.118538916151998,378.0,100.0,251.86715327024444,5700.0,171.0,5700.0,5889.0,468.0,0.0,18.0,5889.0,5421.0,796.0350252017668,121.59488839274587,23.881050756053003,97.71383763669287,False,34.12605724164493,14.055087305724673,14.110119993295164,31.841401008070672,15.920700504035336,0.24395248622288612,28.68,12.593357663512222,12.593357663512222,30.189508852072255,10.42674241000973,30.0,14.055087305724673,15.944912694275327,True,0.0,0.0,0.0,0.0,0.0,0.0,25.0,True,0.0,363.94491269427533,100.0,232.10438682818193,0.0,0.0,0.0,0.0,0039,distressed,3.845901223468442,4.5348058556902044,5.7243302635736635,2.9460866591971513,-1.8784290401052215,1.5887191964930532
5,0.0,363.94491269427533,100.0,232.10438682818193,5700.0,171.0,5700.0,5889.0,468.0,0.0,18.0,5889.0,5421.0,808.4224618881137,123.48707772319247,24.252673856643412,99.23440386654906,False,36.51239397000451,8.691706159888142,14.948122440870861,32.33689847552455,16.168449237762275,0.2477487337269384,27.83669476165652,11.605219341409097,11.605219341409097,27.820687810116368,10.588997345232093,30.0,8.691706159888142,21.30829384011186,True,0.0,0.0,0.0,0.0,0.0,0.0,25.0,True,0.0,355.2532065343872,100.0,214.87269636329765,0.0,0.0,987.8966217855398,302.9522695610719,0039,distressed,3.5505221396004276,4.882018278218582,5.4266884863842435,3.1308591515236444,-1.8761663467838159,1.7511591266949376
1,38.25,546.0,0.0,405.6,9000.0,270.0,9000.0,9308.25,546.0,0.0,38.25,9308.25,8762.25,1200.0,235.48822731722987,36.0,199.48822731722987,False,97.8361704879224,89.00103395658007,36.61205682930747,48.0,24.0,0.0,32.76,20.28,20.28,47.08513653134233,3.7513577690468396,30.0,30.0,0.0,False,59.00103395658007,0.0,0.0,0.0,0.0,34.00103395658007,0.0,False,25.0,481.99896604341995,0.0,362.2662212377045,25.0,25.0,0.0,0.0,0040,downside,3.3390705189420045,5.40234139778783,3.4790069831282033,4.439823290294681,-0.13993646418619887,0.9625181074931488
2,25.0,481.99896604341995,0.0,362.2662212377045,9000.0,270.0,9000.0,9308.25,546.0,0.0,38.25,9308.25,8762.25,1155.785266684964,226.81151967584495,34.673558000548915,192.13796167529603,False,98.1549764875553,81.10035496962931,36.276178162701406,46.231410667398556,23.115705333699278,-0.8842946663007218,28.919937962605196,18.113311061885224,18.113311061885224,42.05462151792599,3.6131366996070944,30.0,30.0,0.0,False,51.10035496962931,0.0,0.0,0.0,0.0,26.100354969629308,0.0,False,25.0,425.8986110737907,0.0,323.8247364193856,25.0,25.0,0.0,0.0,0040,downside,3.0508396500602357,5.9073351793559885,3.195266927045585,4.822365547354451,-0.14442727698534918,1.0849696320015374
3,25.0,425.8986110737907,0.0,323.8247364193856,9000.0,270.0,9000.0,9308.25,546.0,0.0,38.25,9308.25,8762.25,1113.1996522383613,218.45451062980706,33.395989567150835,185.0585210626562,False,97.20474144949306,84.61270021050709,35.828341894314875,44.52798608953445,22.263993044767226,-0.8517122889320525,25.55391666442744,16.19123682096928,16.19123682096928,37.59204123898598,3.4800084699371805,30.0,30.0,0.0,False,54.612700210507086,0.0,0.0,0.0,0.0,29.612700210507086,0.0,False,25.0,366.28591086328356,0.0,289.7127036503368,25.0,25.0,0.0,0.0,0040,downside,2.754354964679807,6.544994422629546,2.888466860649586,5.233050842805663,-0.13411189596977913,1.3119435798238825
4,25.0,366.28591086328356,0.0,289.7127036503368,9000.0,270.0,9000.0,9308.25,546.0,0.0,38.25,9308.25,8762.25,1072.1831307799364,210.40542068900405,32.16549392339809,178.23992676560596,False,96.43135181983823,87.79929509833816,35.44428423282303,42.88732523119746,21.44366261559873,-0.8203304291684965,21.97715465179701,14.48563518251684,14.48563518251684,33.632056721500064,3.3517854312435653,30.0,30.0,0.0,False,57.79929509833816,0.0,0.0,0.0,0.0,32.79929509833816,0.0,False,25.0,303.4866157649454,0.0,259.43243236008027,25.0,25.0,0.0,0.0,0040,downside,2.447026651745291,7.381159912864238,2.556583601142638,5.770414761050425,-0.10955694939734695,1.6107451518138127
5,25.0,303.4866157649454,0.0,259.43243236008027,9000.0,270.0,9000.0,9308.25,546.0,0.0,38.25,9308.25,8762.25,1032.6778881196738,202.6529043858355,30.98033664359021,171.6725677422453,False,95.83213785576694,90.71524560149521,35.12293729458614,41.30711552478695,20.653557762393476,-0.7901048532052535,18.20919694589672,12.971621618004015,12.971621618004015,30.11689225427173,3.2282868487671843,30.0,30.0,0.0,False,60.71524560149521,0.0,0.0,0.0,0.0,35.71524560149521,0.0,False,25.0,237.77137016345017,0.0,232.54382695457574,25.0,25.0,1621.223235086684,1151.589689442358,0040,downside,2.126142950915994,8.532435168548888,2.197428151684321,6.49928108752266,-0.0712852007683269,2.033154081026228
1,25.5,409.5,0.0,312.0,5700.0,171.0,5700.0,5896.5,409.5,0.0,25.5,5896.5,5487.0,760.0,135.49113233766496,22.8,112.69113233766497,False,46.79084925324872,38.16815267687952,18.13028308441624,30.400000000000002,15.200000000000001,0.0,24.57,15.600000000000001,15.600000000000001,34.1226965763692,8.53228419056428,30.0,30.0,0.0,False,8.168152676879522,0.0,16.831847323120478,16.831847323120478,0.0,0.0,0.0,False,25.0,379.5,16.831847323120478,286.40958761419506,25.0,25.0,0.0,0.0,0041,downside,4.442394153699739,4.041729306346856,4.8544980294217455,3.372943299419093,-0.41210387572200613,0.6687860069277627
2,25.0,379.5,16.831847323120478,286.40958761419506,5700.0,171.0,5700.0,5896.5,409.5,0.0,25.5,5896.5,5487.0,747.5372757828379,133.26930521109216,22.426118273485137,110.84318693760702,False,47.330979264647404,41.00704511489673,18.185699179377508,29.90149103131352,14.95074551565676,-0.2492544843432416,23.779910839387227,14.320479380709754,14.320479380709754,31.32393414975067,8.392369052657102,30.0,30.0,0.0,False,11.007045114896727,0.0,13.992954885103273,13.992954885103273,0.0,0.0,0.0,False,25.0,349.5,30.82480220822375,263.4780225171015,25.0,25.0,0.0,0.0,0041,downside,4.149802559521998,4.3066539414010725,4.643250925223715,3.497846201606513,-0.4934483657017168,0.8088077397945597
3,25.0,349.5,30.82480220822375,263.4780225171015,5700.0,171.0,5700.0,5896.5,409.5,0.0,25.5,5896.5,5487.0,735.2789193221404,131.0839123196992,22.05836757966421,109.025544740035,False,47.6664945472574,43.85053103157526,18.258038870421625,29.411156772885615,14.705578386442808,-0.2451671292139519,22.819488132493422,13.173901125855076,13.173901125855076,28.81596351568214,8.25474828814143,30.0,30.0,0.0,False,13.850531031575258,0.0,11.149468968424742,11.149468968424742,0.0,0.0,0.0,False,25.0,319.5,41.97427117664849,242.91680728956084,25.0,25.0,0.0,0.0,0041,downside,3.863175497721171,4.6065893599189485,4.420001419038657,3.6418885528901646,-0.5568259213174862,0.9647008070287839
4,25.0,319.5,41.97427117664849,242.91680728956084,5700.0,171.0,5700.0,5896.5,409.5,0.0,25.5,5896.5,5487.0,723.2215793297656,128.9343562031899,21.69664737989297,107.23770882329694,False,48.06149014771482,46.49425774886215,18.350853047054997,28.928863173190624,14.464431586595312,-0.24114679984749543,21.68845627059891,12.145840364478042,12.145840364478042,26.567232398852674,8.119384273145117,30.0,30.0,0.0,False,16.494257748862147,0.0,8.505742251137853,8.505742251137853,0.0,0.0,0.0,False,25.0,289.5,50.480013427786346,224.4689591638533,25.0,25.0,0.0,0.0,0041,downside,3.5802282355197326,4.951788805523366,4.183904030524746,3.810759171199087,-0.6036757950050138,1.141029634324279
5,25.0,289.5,50.480013427786346,224.4689591638533,5700.0,171.0,5700.0,5896.5,409.5,0.0,25.5,5896.5,5487.0,711.3619594730718,126.82004919861399,21.340858784192154,105.47919041442184,False,48.51627904032466,48.96664383403756,18.464235412640498,28.45447837892287,14.227239189461436,-0.2371923971338763,20.39880080566718,11.223447958192665,11.223447958192665,24.5496352062871,7.986240000764366,30.0,30.0,0.0,False,18.966643834037562,0.0,6.033356165962438,6.033356165962438,0.0,0.0,0.0,False,25.0,259.5,56.513369593748784,207.90556395833056,25.0,25.0,1014.5603935889119,500.42305413299886,0041,downside,3.2987549529151545,5.356594169609327,3.9340698628078754,4.010469025958488,-0.6353149098927209,1.3461251436508386
1,30.0,390.0,0.0,300.0,5700.0,171.0,5700.0,5901.0,390.0,0.0,30.0,5901.0,5511.0,760.0,174.43442553041334,22.8,151.63442553041332,False,77.32581914781,65.78606719027978,28.30860638260333,30.400000000000002,15.200000000000001,0.0,23.4,15.0,15.0,41.539751957530214,8.578248451730307,30.0,30.0,0.0,False,35.78606719027978,0.0,0.0,0.0,0.0,10.78606719027978,0.0,False,25.0,349.21393280972023,0.0,267.0384964942001,25.0,25.0,0.0,0.0,0042,base,4.370464725478588,4.097918117263521,3.3895398084756674,4.542563164854514,0.9809249170029211,-0.44464504759099377
2,25.0,349.21393280972023,0.0,267.0384964942001,5700.0,171.0,5700.0,5901.0,390.0,0.0,30.0,5901.0,5511.0,715.0994128207502,164.12888851647824,21.452982384622505,142.67590613185573,False,75.02537661929935,63.049666927696435,27.092786334640625,28.60397651283001,14.301988256415004,-0.8980117435849966,20.952835968583212,13.351924824710006,13.351924824710006,36.975709691602916,8.071447935345859,30.0,30.0,0.0,False,33.049666927696435,0.0,0.0,0.0,0.0,8.049666927696435,0.0,False,25.0,311.1642658820238,0.0,238.13423473794307,25.0,25.0,0.0,0.0,0042,base,4.220308749152489,4.211725851856802,3.1944315553402918,4.784434717544114,1.0258771938121969,-0.5727088656873116
3,25.0,311.1642658820238,0.0,238.13423473794307,5700.0,171.0,5700.0,5901.0,390.0,0.0,30.0,5901.0,5511.0,672.8515397586601,154.43219974349466,20.1855461927598,134.24665355073486,False,71.8690064593424,63.89554964730763,25.917521465229072,26.914061590346407,13.457030795173203,-0.8449574612418012,18.669855952921427,11.906711736897154,11.906711736897154,32.97345681203477,7.594589051551421,30.0,30.0,0.0,False,33.89554964730763,0.0,0.0,0.0,0.0,8.895549647307632,0.0,False,25.0,272.2687162347162,0.0,212.75536697745974,25.0,25.0,0.0,0.0,0042,base,4.081701044187442,4.322159497171407,2.9788093673227243,5.050671524355484,1.1028916768647177,-0.7285120271840766
4,25.0,272.2687162347162,0.0,212.75536697745974,5700.0,171.0,5700.0,5901.0,390.0,0.0,30.0,5901.0,5511.0,633.0996592065204,145.30838862788138,18.99298977619561,126.31539885168577,False,68.97017166552496,64.51082109260165,24.83537688218245,25.32398636826082,12.66199318413041,-0.7950376110427939,16.33612297408297,10.637768348872989,10.637768348872989,29.45935057292331,7.145902857078052,30.0,30.0,0.0,False,34.510821092601645,0.0,0.0,0.0,0.0,9.510821092601645,0.0,False,25.0,232.75789514211453,0.0,190.4419192616145,25.0,25.0,0.0,0.0,0042,base,3.95356622569267,4.4291190239423175,2.7403773324021534,5.387001337260435,1.2131888932905164,-0.9578823133181178
5,25.0,232.75789514211453,0.0,190.4419192616145,5700.0,171.0,5700.0,5901.0,390.0,0.0,30.0,5901.0,5511.0,595.6963086257892,136.7236097180623,17.870889258773676,118.85272045928863,False,66.3149670161175,64.94526672130597,23.841287696920258,23.82785234503157,11.913926172515785,-0.7480670116146246,13.965473708526872,9.522095963080725,9.522095963080725,26.36970029481154,6.723724917329784,30.0,30.0,0.0,False,34.94526672130597,0.0,0.0,0.0,0.0,9.94526672130597,0.0,False,25.0,192.81262842080855,0.0,170.79594388413273,25.0,25.0,1093.7888777444984,738.7734722733896,0042,base,3.83490934523805,4.53256034204422,2.476591811781344,5.821105019789999,1.358317533456706,-1.2885446777457794
1,29.75,493.5,0.0,374.40000000000003,7350.0,220.5,7350.0,7600.25,493.5,0.0,29.75,7600.25,7106.75,980.0,180.9644091946885,29.4,151.5644091946885,False,67.62580689601637,51.43564180814559,25.808602298672124,39.2,19.6,0.0,29.61,18.720000000000002,18.720000000000002,45.94016508787078,9.221764921666217,30.0,30.0,0.0,False,21.43564180814559,0.0,3.56435819185441,3.56435819185441,0.0,0.0,0.0,False,25.0,463.5,3.56435819185441,337.6815998337954,25.0,25.0,0.0,0.0,0043,downside,3.672699431476451,4.89630782860338,4.308835983249994,3.744349455714639,-0.6361365517735424,1.1519583728887408
2,25.0,463.5,3.56435819185441,337.6815998337954,7350.0,220.5,7350.0,7600.25,493.5,0.0,29.75,7600.25,7106.75,1017.6551062434629,187.91770925031247,30.529653187303886,157.38805606300858,False,73.43043274755178,56.99574139204729,28.120028644951883,40.70620424973852,20.35310212486926,0.7531021248692582,28.023861491511262,16.88407999168977,16.88407999168977,41.434691355504484,9.576098123582117,30.0,30.0,0.0,False,26.995741392047293,0.0,0.0,0.0,1.995741392047293,0.0,0.0,False,25.0,433.5,1.568616799807117,305.8230066018731,25.0,25.0,0.0,0.0,0043,downside,3.19757800838152,5.598787429863491,3.809601693516226,4.184509533143663,-0.6120236851347061,1.4142778967198284
3,25.0,433.5,1.568616799807117,305.8230066018731,7350.0,220.5,7350.0,7600.25,493.5,0.0,29.75,7600.25,7106.75,1056.7570563912182,195.13817997158665,31.702711691736543,163.4354682798501,False,80.18054113945871,67.65500852471767,30.510050235442005,42.27028225564873,21.135141127824365,0.7820390029551056,26.104117007988425,15.291150330093656,15.291150330093656,37.52553261474104,9.94404607484876,30.0,30.0,0.0,False,37.65500852471767,0.0,0.0,0.0,1.568616799807117,11.086391724910555,0.0,False,25.0,392.4136082750895,0.0,278.2415200619808,25.0,25.0,0.0,0.0,0043,downside,2.7527880727464034,6.482650561275127,3.308707339748078,4.7140214937582225,-0.5559192670016748,1.7686290675169047
4,25.0,392.4136082750895,0.0,278.2415200619808,7350.0,220.5,7350.0,7600.25,493.5,0.0,29.75,7600.25,7106.75,1097.361443362586,202.63608701136837,32.92084330087758,169.7152437104908,False,87.40806123511157,78.26687168931161,33.0645878027216,43.89445773450344,21.94722886725172,0.8120877394273549,23.54481649650537,13.91207600309904,13.91207600309904,34.14118954579997,10.326131902847047,30.0,30.0,0.0,False,48.266871689311614,0.0,0.0,0.0,0.0,23.266871689311614,0.0,False,25.0,339.14673658577783,0.0,254.4264624190279,25.0,25.0,0.0,0.0,0043,downside,2.3326258304492113,7.6382546207423045,2.8058832332905608,5.409847787386753,-0.47325740284134943,2.2284068333555513
5,25.0,339.14673658577783,0.0,254.4264624190279,7350.0,220.5,7350.0,7600.25,493.5,0.0,29.75,7600.25,7106.75,1139.5259961557472,210.42209046562618,34.185779884672414,176.23631058095378,False,95.13608643122109,88.91708620084424,35.791545816213926,45.581039846229885,22.790519923114942,0.8432910558632223,20.34880419514667,12.721323120951396,12.721323120951396,31.21900023037685,10.722898835383493,30.0,30.0,0.0,False,58.91708620084424,0.0,0.0,0.0,0.0,33.91708620084424,0.0,False,25.0,275.2296503849336,0.0,233.93036102403457,25.0,25.0,1683.3767237250095,1173.9660614601662,0043,downside,1.9322503252085512,9.227120415475405,2.3008991610035303,6.362905363330601,-0.3686488357949791,2.8642150521448038
1,45.0,520.0,0.0,390.0,9000.0,270.0,9000.0,9315.0,520.0,0.0,45.0,9315.0,8795.0,1200.0,273.2014527444839,36.0,237.2014527444839,False,127.87608955836293,134.10438027807874,46.62536318612098,48.0,24.0,0.0,31.2,19.5,19.5,38.771709280284206,11.54996749084952,30.0,30.0,0.0,False,104.10438027807874,0.0,0.0,0.0,0.0,79.10438027807874,0.0,False,25.0,410.89561972192126,0.0,362.7782582105653,25.0,25.0,0.0,0.0,0044,base,2.996824568794363,6.040712818716287,2.740372975368824,5.388588811528281,0.2564515934255387,0.6521240071880055
2,25.0,410.89561972192126,0.0,362.7782582105653,9000.0,270.0,9000.0,9315.0,520.0,0.0,45.0,9315.0,8795.0,1228.6789184422869,279.73072122912833,36.8603675532686,242.87035367585975,False,137.1979101332435,126.13244049081297,50.01942589550405,49.147156737691475,24.573578368845737,0.5735783688457374,24.653737183315275,18.138912910528266,18.138912910528266,36.06546964243055,11.826001303917135,30.0,30.0,0.0,False,96.13244049081297,0.0,0.0,0.0,0.0,71.13244049081297,0.0,False,25.0,309.7631792311083,0.0,338.53878987205184,25.0,25.0,0.0,0.0,0044,base,2.5417610782663473,7.1512468437234,2.2282213636185193,6.536887073263369,0.31353971464782804,0.6143597704600312
3,25.0,309.7631792311083,0.0,338.53878987205184,9000.0,270.0,9000.0,9315.0,520.0,0.0,45.0,9315.0,8795.0,1258.0432371870897,286.4160333457385,37.74129711561269,248.67473623012583,False,146.7037857402256,138.04807409658866,53.29050149566419,50.321729487483594,25.160864743741797,0.5872863748960597,18.585790753866497,16.926939493602593,16.926939493602593,33.65571164363696,12.108632076328316,30.0,30.0,0.0,False,108.04807409658866,0.0,0.0,0.0,0.0,81.4473932219653,0.0,False,26.600680874623365,198.31578600914304,0.0,316.9917103047432,26.600680874623365,26.600680874623365,0.0,0.0,0044,base,2.0934569096869082,8.753495019308923,1.7062830237905542,8.06516512106671,0.38717388589635404,0.6883298982422126
4,26.600680874623365,198.31578600914304,0.0,316.9917103047432,9000.0,270.0,9000.0,9315.0,520.0,0.0,45.0,9315.0,8795.0,1288.1093366838888,293.2611183964766,38.64328010051666,254.61783829595993,False,156.66956385835582,151.7566282299136,56.71732640504355,51.52437346735555,25.762186733677776,0.601321989935979,11.898947160548582,15.84958551523716,15.84958551523716,31.513616503065577,12.398017469465547,30.0,30.0,0.0,False,121.75662822991359,0.0,0.0,0.0,0.0,89.53534378779723,0.0,False,32.22128444211636,78.78044222134581,0.0,297.8761112711432,32.22128444211636,32.22128444211636,0.0,0.0,0044,base,1.6493049620223208,11.282627799144207,1.174500291527603,10.568527057734682,0.47480467049471775,0.7141007414095242
5,32.22128444211636,78.78044222134581,0.0,297.8761112711432,9000.0,270.0,9000.0,9315.0,520.0,0.0,45.0,9315.0,8795.0,1318.8939888601433,300.26979481046527,39.566819665804296,260.70297514466097,False,167.00712435374078,169.6151626734306,60.270585761955765,52.755759554405735,26.377879777202867,0.6156930435250914,4.726826533280748,14.89380556355716,14.89380556355716,29.613246122426546,12.694318912676254,30.0,30.0,0.0,False,139.6151626734306,0.0,0.0,0.0,0.0,48.78044222134581,0.0,False,90.8347204520848,0.0,0.0,280.9571840613929,90.8347204520848,90.8347204520848,2402.158358483722,2176.003519497158,0044,base,1.2069455201042767,15.898922071728038,0.6331721235208364,15.30377784612032,0.5737733965834403,0.5951442256077168
1,51.0,682.5,0.0,520.0,12600.0,378.0,12600.0,13029.0,682.5,0.0,51.0,13029.0,12346.5,1680.0,325.17239941904523,50.4,274.77239941904526,False,139.06679956428394,133.67599657376027,51.95559985476132,67.2,33.6,0.0,40.949999999999996,26.0,26.0,56.39080299052367,13.497587320025723,30.0,30.0,0.0,False,103.67599657376027,0.0,0.0,0.0,0.0,78.67599657376027,0.0,False,25.0,573.8240034262398,0.0,477.10678432950203,25.0,25.0,0.0,0.0,0045,downside,2.7359850545419953,6.650065282890823,3.15503649629758,4.856943979373343,-0.4190514417555846,1.7931213035174807
2,25.0,573.8240034262398,0.0,477.10678432950203,12600.0,378.0,12600.0,13029.0,682.5,0.0,51.0,13029.0,12346.5,1636.2770121458211,316.70959652004933,49.088310364374635,267.6212861556747,False,141.51406968584428,114.77477222321502,52.334126683406296,65.45108048583285,32.72554024291642,-0.8744597570835779,34.42944020557439,23.8553392164751,23.8553392164751,51.73929746262925,13.146304673326792,30.0,30.0,0.0,False,84.77477222321502,0.0,0.0,0.0,0.0,59.774772223215024,0.0,False,25.0,484.04923120302476,0.0,438.5137915401996,25.0,25.0,0.0,0.0,0045,downside,2.403547298072517,7.608362298751688,2.834025342476176,5.433830232532992,-0.4304780444036589,2.1745320662186955
3,25.0,484.04923120302476,0.0,438.5137915401996,12600.0,378.0,12600.0,13029.0,682.5,0.0,51.0,13029.0,12346.5,1593.691940760033,308.4670430426993,47.81075822280099,260.6562848198983,False,142.1805130481455,119.62638838012444,52.4219103426767,63.74767763040132,31.87383881520066,-0.8517014277157635,29.042953872181485,21.92568957700998,21.92568957700998,47.55412466802107,12.804164364065361,30.0,30.0,0.0,False,89.62638838012444,0.0,0.0,0.0,0.0,64.62638838012444,0.0,False,25.0,389.4228428229003,0.0,403.76383123624385,25.0,25.0,0.0,0.0,0045,downside,2.057861760061475,8.965691940422534,2.49033629810757,6.052094428414548,-0.4324745380460948,2.9135975120079864
4,25.0,389.4228428229003,0.0,403.76383123624385,12600.0,378.0,12600.0,13029.0,682.5,0.0,51.0,13029.0,12346.5,1552.2151708974416,300.43900686628837,46.566455126923245,253.87255173936512,False,143.0466258944116,124.26092077529222,52.579747402044724,62.088606835897664,31.044303417948832,-0.8295353972518278,23.365370569374015,20.188191561812193,20.188191561812193,43.78570511911937,12.47092845753385,30.0,30.0,0.0,False,94.26092077529222,0.0,0.0,0.0,0.0,69.26092077529222,0.0,False,25.0,290.1619220476081,0.0,372.4490545746583,25.0,25.0,0.0,0.0,0045,downside,1.6963147347891436,11.046065352280468,2.1222642934179246,6.898150051684548,-0.4259495586287809,4.14791530059592
5,25.0,290.1619220476081,0.0,372.4490545746583,12600.0,378.0,12600.0,13029.0,682.5,0.0,51.0,13029.0,12346.5,1511.8178583592148,292.61990505192153,45.35453575077644,247.26536930114509,False,144.11466860433913,128.7248584879423,52.80830031238892,60.4727143343686,30.2363571671843,-0.8079462507645339,17.409715322856485,18.622452728732917,18.622452728732917,40.38981011639683,12.146365211415347,30.0,30.0,0.0,False,98.7248584879423,0.0,0.0,0.0,0.0,73.7248584879423,0.0,False,25.0,186.43706355966577,0.0,344.20560966967685,25.0,25.0,2340.9592404153723,1800.2021785797992,0045,downside,1.3161762856825434,14.650548994585279,1.7279845441123458,8.121074053411391,-0.4118082584298024,6.529474941173888
1,33.0,732.0,0.0,517.0,10875.0,326.25,10875.0,11234.25,732.0,0.0,33.0,11234.25,10502.25,1450.0,270.9127819398118,43.5,227.4127819398118,False,103.73208645485883,72.99811992606956,39.410695484952946,58.0,29.0,0.0,43.92,25.85,25.85,63.73396652878926,12.157546653432707,30.0,30.0,0.0,False,42.99811992606956,0.0,0.0,0.0,0.0,17.998119926069563,0.0,False,25.0,684.0018800739305,0.0,465.4235801246435,25.0,25.0,0.0,0.0,0046,distressed,3.424141357235489,5.256029703987245,4.150507230213987,3.882940833306747,-0.7263658729784979,1.373088870680498
2,25.0,684.0018800739305,0.0,465.4235801246435,10875.0,326.25,10875.0,11234.25,732.0,0.0,33.0,11234.25,10502.25,1422.0205382416439,265.6851999935119,42.660616147249314,223.0245838462626,False,105.37435287944658,72.99854847446922,39.678323008898644,56.88082152966575,28.440410764832876,-0.5595892351671239,41.04011280443583,23.271179006232174,23.271179006232174,57.37580440497736,11.922952438491224,30.0,30.0,0.0,False,42.99854847446922,0.0,0.0,0.0,0.0,17.998548474469217,0.0,False,25.0,636.0033315994613,0.0,419.9707281581573,25.0,25.0,0.0,0.0,0046,distressed,3.096152089195299,5.80199406074991,3.8804346639662097,4.131237182665951,-0.7842825747709106,1.6707568780839583
3,25.0,636.0033315994613,0.0,419.9707281581573,10875.0,326.25,10875.0,11234.25,732.0,0.0,33.0,11234.25,10502.25,1394.5809732283135,260.5584904121466,41.837429196849406,218.72106121529723,False,106.27472525154971,79.50219076121459,39.89058122785542,55.783238929132544,27.891619464566272,-0.548791300266604,38.16019989596767,20.998536407907867,20.998536407907867,51.77253449033511,11.692884995870903,30.0,30.0,0.0,False,49.50219076121459,0.0,0.0,0.0,0.0,24.502190761214592,0.0,False,25.0,581.5011408382467,0.0,379.8910786636931,25.0,25.0,0.0,0.0,0046,distressed,2.76762256923497,6.486566565809574,3.593788933996247,4.404395811867219,-0.8261663647612769,2.0821707539423553
4,25.0,581.5011408382467,0.0,379.8910786636931,10875.0,326.25,10875.0,11234.25,732.0,0.0,33.0,11234.25,10502.25,1367.670887014953,255.5307067443524,41.03012661044859,214.50058013390378,False,107.32346116693597,85.49180683011302,40.153989437606086,54.70683548059812,27.35341774029906,-0.5382017242672106,34.8900684502948,18.99455393318466,18.99455393318466,46.83165433682295,11.46725697615585,30.0,30.0,0.0,False,55.49180683011302,0.0,0.0,0.0,0.0,30.49180683011302,0.0,False,25.0,521.0093340081337,0.0,344.526681303026,25.0,25.0,0.0,0.0,0046,distressed,2.435687386137958,7.378024671943172,3.2893738135044575,4.742182378598162,-0.8536864273664992,2.63584229334501
5,25.0,521.0093340081337,0.0,344.526681303026,10875.0,326.25,10875.0,11234.25,732.0,0.0,33.0,11234.25,10502.25,1341.2800626830551,250.5999400978425,40.23840188049165,210.36153821735087,False,108.52099894359105,91.04894483441909,40.46866102792789,53.6512025073222,26.8256012536611,-0.5278164866379598,31.26056004048802,17.226334065151303,17.226334065151303,42.472054109171964,11.245982715440269,30.0,30.0,0.0,False,61.04894483441909,0.0,0.0,0.0,0.0,36.04894483441909,0.0,False,25.0,454.9603891737146,0.0,313.30060990929434,25.0,25.0,2004.79952078274,1231.46652888799,0046,distressed,2.097542753803487,8.596723345192757,2.965926483433377,5.168405704680849,-0.86838372962989,3.4283176405119082
1,60.0,650.0,0.0,500.0,12600.0,378.0,12600.0,13038.0,650.0,0.0,60.0,13038.0,12388.0,1680.0,387.8212991198506,50.4,337.42129911985063,False,188.26597433988798,191.71822091558533,68.35532477996266,67.2,33.6,0.0,39.0,25.0,25.0,56.54775342430264,5.364611913063016,30.0,30.0,0.0,False,161.71822091558533,0.0,0.0,0.0,0.0,115.85823842379237,0.0,False,45.85998249179296,504.1417615762076,0.0,448.8168584887604,45.85998249179296,45.85998249179296,0.0,0.0,0047,base,2.278748345974399,7.9968821531239085,2.3389603398054972,6.059707798747666,-0.0602119938310981,1.9371743543762427
2,45.85998249179296,504.1417615762076,0.0,448.8168584887604,12600.0,378.0,12600.0,13038.0,650.0,0.0,60.0,13038.0,12388.0,1841.5301564572078,425.10989145572387,55.245904693716234,369.86398676200764,False,216.23507391353172,211.33588631233957,79.2936595357493,73.66120625828832,36.83060312914416,3.230603129144157,30.248505694572454,22.44084292443802,22.44084292443802,50.75917009298511,5.880413461663772,30.0,30.0,0.0,False,181.33588631233957,0.0,0.0,0.0,0.0,127.7134921602439,0.0,False,53.622394152095666,346.4282694159637,0.0,403.938101857439,53.622394152095666,53.622394152095666,0.0,0.0,0047,base,1.6929929821669867,10.877739304763619,1.6389738068324256,8.068232054444927,0.05401917533456113,2.809507250318692
3,53.622394152095666,346.4282694159637,0.0,403.938101857439,12600.0,378.0,12600.0,13038.0,650.0,0.0,60.0,13038.0,12388.0,2018.5912602031597,465.98374102617015,60.557737806094785,405.42600322007536,False,249.60541679473363,257.54422658179874,91.1108504905614,80.74365040812638,40.37182520406319,3.541222074919034,20.785696164957823,20.19690509287195,20.19690509287195,45.68358436503061,6.445808763149261,30.0,30.0,0.0,False,227.54422658179874,0.0,0.0,0.0,0.0,155.63789537314435,0.0,False,71.9063312086544,160.79037404281937,0.0,364.7003262555577,71.9063312086544,71.9063312086544,0.0,0.0,0047,base,1.1566236397910878,16.326223022568183,0.9733909773136246,11.370282186203186,0.18323266247746328,4.955940836364997
4,71.9063312086544,160.79037404281937,0.0,364.7003262555577,12600.0,378.0,12600.0,13038.0,650.0,0.0,60.0,13038.0,12388.0,2212.6765947768317,510.7875663800227,66.38029784330494,444.40726853671777,False,286.3851496967863,317.04551265971674,104.13120744534268,88.50706379107326,44.25353189553663,3.8817066914734397,9.647422442569162,18.235016312777883,18.235016312777883,41.24596824572401,7.065566202437798,30.0,30.0,0.0,False,287.04551265971674,0.0,0.0,0.0,0.0,130.79037404281937,0.0,False,156.25513861689737,0.0,0.0,330.5199242122715,156.25513861689737,156.25513861689737,0.0,0.0,0047,base,0.6621459095669182,30.61364870262016,0.34116880884630274,18.319328910282945,0.32097710072061547,12.294319792337216
5,156.25513861689737,0.0,0.0,330.5199242122715,12600.0,378.0,12600.0,13038.0,650.0,0.0,60.0,13038.0,12388.0,2425.423021290822,559.8992303763093,72.76269063872465,487.1365397375847,False,324.4487489020403,443.32356916658824,117.65263588174278,97.01692085163288,48.50846042581644,4.254928530279805,0.0,16.525996210613577,16.525996210613577,37.380318352349455,7.7449126394250225,0.0,0.0,0.0,False,443.32356916658824,0.0,0.0,0.0,0.0,0.0,0.0,False,443.32356916658824,0.0,0.0,300.8845184993471,443.32356916658824,443.32356916658824,4479.193843010475,4554.444986032559,0047,base,0.43833790995933347,48.88940901391476,-0.254401226041171,33.87990794870946,0.6927391360005044,15.0095010652053
1,30.0,390.0,0.0,300.0,5700.0,171.0,5700.0,5901.0,390.0,0.0,30.0,5901.0,5511.0,760.0,139.92912839161357,22.8,117.12912839161358,False,51.446846293710166,40.87428276527185,19.682282097903396,30.400000000000002,15.200000000000001,0.0,23.4,15.0,15.0,40.572563528438316,10.509905128869102,30.0,30.0,0.0,False,10.87428276527185,0.0,14.12571723472815,14.12571723472815,0.0,0.0,0.0,False,25.0,360.0,14.12571723472815,269.9373416004308,25.0,25.0,0.0,0.0,0048,base,4.382663553534845,4.08844319724429,4.424118594540331,3.6439877185316036,-0.04145504100548614,0.4444554787126864
2,25.0,360.0,14.12571723472815,269.9373416004308,5700.0,171.0,5700.0,5901.0,390.0,0.0,30.0,5901.0,5511.0,714.3514383894835,131.52443965675772,21.430543151684503,110.09389650507322,False,49.381571641541484,37.87473850560404,18.537371597742,28.574057535579342,14.287028767789671,-0.9129712322103298,22.447543034083687,13.49686708002154,13.49686708002154,36.50683313593744,9.878639271242964,30.0,30.0,0.0,False,7.874738505604043,0.0,17.125261494395957,17.125261494395957,0.0,0.0,0.0,False,25.0,330.0,31.250978729124107,243.3091477357363,25.0,25.0,0.0,0.0,0048,base,4.243188651105753,4.19292100356578,4.406482384394501,3.6591069164644656,-0.1632937332887474,0.5338140871013142
3,25.0,330.0,31.250978729124107,243.3091477357363,5700.0,171.0,5700.0,5901.0,390.0,0.0,30.0,5901.0,5511.0,671.4447072751633,123.62456927917857,20.1433412182549,103.48122806092367,False,46.37422151232684,38.46863533379903,17.410177987597354,26.857788291006532,13.428894145503266,-0.8581346222864052,21.675058723747444,12.165457386786816,12.165457386786816,32.90558617852781,9.285289700977962,30.0,30.0,0.0,False,8.468635333799028,0.0,16.53136466620097,16.53136466620097,0.0,0.0,0.0,False,25.0,300.0,47.78234339532508,219.68885125818645,25.0,25.0,0.0,0.0,0048,base,4.113942506722033,4.294186119058541,4.388053263331992,3.6531525960000155,-0.274110756609959,0.6410335230585251
4,25.0,300.0,47.78234339532508,219.68885125818645,5700.0,171.0,5700.0,5901.0,390.0,0.0,30.0,5901.0,5511.0,631.1151216329192,116.19919590113363,18.933453648987577,97.26574225214605,False,43.5562098106536,38.84507689677892,16.353589771379305,25.24460486531677,12.622302432658385,-0.806591712844881,20.866940603719506,10.984442562909322,10.984442562909322,29.711132913874682,8.727579018100874,30.0,30.0,0.0,False,8.84507689677892,0.0,16.15492310322108,16.15492310322108,0.0,0.0,0.0,False,25.0,270.0,63.93726649854616,198.70529736241264,25.0,25.0,0.0,0.0,0048,base,3.9940296715992103,4.392141267000289,4.368726994400881,3.6481679710185166,-0.374697322801671,0.7439732959817724
5,25.0,270.0,63.93726649854616,198.70529736241264,5700.0,171.0,5700.0,5901.0,390.0,0.0,30.0,5901.0,5511.0,593.2078880629339,109.21981938378448,17.796236641888015,91.42358274189647,False,40.91512720366766,39.04184953475527,15.363020470965767,23.728315522517356,11.864157761258678,-0.7581446713997071,20.036235989912768,9.935264868120633,9.935264868120633,26.873277668912376,8.203366612155575,30.0,30.0,0.0,False,9.041849534755272,0.0,15.958150465244728,15.958150465244728,0.0,0.0,0.0,False,25.0,240.0,79.8954169637909,180.03538630565583,25.0,25.0,873.7585550702759,385.72137347477496,0048,base,3.882619022911289,4.486730917240631,4.348393963192712,3.6441224582355134,-0.4657749402814231,0.8426084590051173
1,30.0,390.0,0.0,300.0,5700.0,171.0,5700.0,5901.0,390.0,0.0,30.0,5901.0,5511.0,760.0,152.8261744979338,22.8,130.0261744979338,False,61.11963087345035,50.74147355830051,22.906543624483447,30.400000000000002,15.200000000000001,0.0,23.4,15.0,15.0,40.378157315149835,11.480454267784497,30.0,30.0,0.0,False,20.741473558300513,0.0,4.2585264416994875,4.2585264416994875,0.0,0.0,0.0,False,25.0,360.0,4.2585264416994875,271.1022969526347,25.0,25.0,0.0,0.0,0049,base,4.583032225439294,3.907727633917288,3.9938238681920692,3.9798482942170263,0.5892083572472249,-0.0721206602997384
2,25.0,360.0,4.2585264416994875,271.1022969526347,5700.0,171.0,5700.0,5901.0,390.0,0.0,30.0,5901.0,5511.0,687.4160694079595,138.23048444213765,20.622482082238786,117.60800235989886,False,56.22554986208509,44.73684587924526,20.54934398144129,27.49664277631838,13.74832138815919,-1.4516786118408103,21.85551158650197,13.555114847631735,13.555114847631735,36.48870398283983,10.384011510234542,30.0,30.0,0.0,False,14.736845879245259,0.0,10.263154120754741,10.263154120754741,0.0,0.0,0.0,False,25.0,330.0,14.521680562454229,244.99760448002937,25.0,25.0,0.0,0.0,0049,base,4.6570242305437795,3.8152296004274597,4.083898622801887,3.903644141942991,0.5731256077418925,-0.0884145415155313
3,25.0,330.0,14.521680562454229,244.99760448002937,5700.0,171.0,5700.0,5901.0,390.0,0.0,30.0,5901.0,5511.0,621.7642795793272,125.02875827312154,18.652928387379816,106.37582988574172,False,50.18637962177412,42.21120690334251,18.36366220699825,24.870571183173087,12.435285591586544,-1.3130357965726471,20.671300833747253,12.249880224001469,12.249880224001469,32.975172718431615,9.392284706647947,30.0,30.0,0.0,False,12.211206903342507,0.0,12.788793096657493,12.788793096657493,0.0,0.0,0.0,False,25.0,300.0,27.31047365911172,221.4147164682457,25.0,25.0,0.0,0.0,0049,base,4.7589356128427625,3.703092240620051,4.188837811084196,3.7978211672844364,0.5700978017585667,-0.0947289266643856
4,25.0,300.0,27.31047365911172,221.4147164682457,5700.0,171.0,5700.0,5901.0,390.0,0.0,30.0,5901.0,5511.0,562.3825752193326,113.08786523035145,16.871477256579976,96.21638797377148,False,44.69407613311594,39.8930152883022,16.37675593270312,22.495303008773302,11.247651504386651,-1.1876340871998927,19.638628419546702,11.070735823412285,11.070735823412285,29.80106084481374,8.495272941847924,30.0,30.0,0.0,False,9.893015288302202,0.0,15.106984711697798,15.106984711697798,0.0,0.0,0.0,False,25.0,270.0,42.41745837080952,200.10892856527988,25.0,25.0,0.0,0.0,0049,base,4.893057785761051,3.571578539042603,4.311040675699687,3.6825205606879385,0.582017110061364,-0.1109420216453354
5,25.0,270.0,42.41745837080952,200.10892856527988,5700.0,171.0,5700.0,5901.0,390.0,0.0,30.0,5901.0,5511.0,508.6721307378944,102.28738922945428,15.260163922136831,87.02722530731745,False,39.69503611485348,37.76160345560364,14.569182844201222,20.346885229515777,10.173442614757889,-1.0742088896287623,18.74504750224857,10.005446428263994,10.005446428263994,26.93343265924984,7.683930439780123,30.0,30.0,0.0,False,7.761603455603641,0.0,17.23839654439636,17.23839654439636,0.0,0.0,0.0,False,25.0,240.0,59.65585491520588,180.85942634581016,25.0,25.0,818.2991138356342,350.5093458670837,0049,base,5.064462483180837,3.421601232083784,4.45328876504209,3.557761111049917,0.6111737181387475,-0.1361598789661329
1,18.0,468.0,0.0,330.0,5700.0,171.0,5700.0,5889.0,468.0,0.0,18.0,5889.0,5421.0,760.0,108.50126976729197,22.8,85.70126976729198,False,23.24095232546897,-2.415445209110757,10.280317441822994,30.400000000000002,15.200000000000001,0.0,28.08,16.5,16.5,43.656397534579725,11.088547528771343,30.0,30.0,0.0,False,-2.415445209110757,30.0,27.415445209110757,57.41544520911076,0.0,0.0,0.0,False,25.0,438.0,57.41544520911076,297.4321499941916,25.0,25.0,0.0,0.0,0050,distressed,5.374778427323652,3.314155147185063,7.076853541439128,2.43385531106532,-1.702075114115476,0.8802998361197432
2,25.0,438.0,57.41544520911076,297.4321499941916,5700.0,171.0,5700.0,5889.0,468.0,0.0,18.0,5889.0,5421.0,689.2297515546463,98.39776737509777,20.67689254663939,77.72087482845838,False,19.366362915512212,5.018435098205629,8.281085154050537,27.569190062185854,13.784595031092927,-1.4154049689070742,29.724926712546644,14.871607499709581,14.871607499709581,39.347927817306584,10.05599586625916,30.0,30.0,0.0,False,0.0,24.98156490179437,17.60298988909487,42.58455479088924,0.0,0.0,7.3970101109051285,True,17.60298988909487,408.0,100.0,268.14021804314416,17.60298988909487,17.60298988909487,0.0,0.0,0050,distressed,5.53437699649288,3.190981779753666,7.708886577298681,2.206399423479317,-2.1745095808058013,0.9845823562743488
3,17.60298988909487,408.0,100.0,268.14021804314416,5700.0,171.0,5700.0,5889.0,468.0,0.0,18.0,5889.0,5421.0,625.0495400369467,89.2350904756191,18.751486201108403,70.4836042745107,False,14.980553859249635,-2.889292475596065,6.64914834308837,25.00198160147787,12.500990800738935,-1.2836042303539923,30.48,13.407010902157209,13.407010902157209,35.472836223940575,9.119594121758357,30.0,0.0,30.0,True,-2.889292475596065,0.0,0.0,0.0,0.0,0.0,27.889292475596065,True,-2.889292475596065,408.0,100.0,241.78697594096195,-2.889292475596065,-2.889292475596065,0.0,0.0,0050,distressed,5.73797255001437,3.0510992752769694,8.434756600848687,2.0332915967907232,-2.6967840508343164,1.0178076784862462
4,-2.889292475596065,408.0,100.0,241.78697594096195,5700.0,171.0,5700.0,5889.0,468.0,0.0,18.0,5889.0,5421.0,566.8457094592247,80.92563057693073,17.005371283776743,63.92025929315399,False,11.508802389041602,-23.367000208865065,5.337727624026472,22.67382837836899,11.336914189184496,-1.1640766115544388,30.48,12.089348797048098,12.089348797048098,31.9865101223106,8.270388935287798,30.0,0.0,30.0,True,-23.367000208865065,0.0,0.0,0.0,0.0,0.0,48.367000208865065,True,-23.367000208865065,408.0,100.0,218.07085475393916,-23.367000208865065,-23.367000208865065,0.0,0.0,0050,distressed,5.992444599175242,2.8962627905830125,9.26082193762287,1.901030503490868,-3.2683773384476282,0.9952322870921444
5,-23.367000208865065,408.0,100.0,218.07085475393916,5700.0,171.0,5700.0,5889.0,468.0,0.0,18.0,5889.0,5421.0,514.061746711051,73.38993718018561,15.42185240133153,57.968084778854085,False,8.353468318720804,-43.86258621088233,4.146135510289281,20.56246986844204,10.28123493422102,-1.0556792549634757,30.48,10.90354273769696,10.90354273769696,28.84905432073807,7.50026067253777,30.0,0.0,30.0,True,-43.86258621088233,0.0,0.0,0.0,0.0,0.0,68.86258621088233,True,-43.86258621088233,408.0,100.0,196.72206110573885,-43.86258621088233,-43.86258621088233,587.1194974414849,-170.27194233675854,0050,distressed,6.305885005291984,2.728825401535186,10.200099306240173,1.7734087592586292,-3.894214300948189,0.9554166422765569
1,45.0,520.0,0.0,390.0,9000.0,270.0,9000.0,9315.0,520.0,0.0,45.0,9315.0,8795.0,1200.0,268.72262631976696,36.0,232.72262631976696,False,124.51696973982524,128.15256031150108,45.50565657994174,48.0,24.0,0.0,31.2,19.5,19.5,41.364409428324166,13.876202120635606,30.0,30.0,0.0,False,98.15256031150108,0.0,0.0,0.0,0.0,73.15256031150108,0.0,False,25.0,416.8474396884989,0.0,362.5117926923114,25.0,25.0,0.0,0.0,0051,base,2.9966327472788707,6.03705996694081,2.8072040032950527,5.300249039837612,0.18942874398381804,0.736810927103198
2,25.0,416.8474396884989,0.0,362.5117926923114,9000.0,270.0,9000.0,9315.0,520.0,0.0,45.0,9315.0,8795.0,1227.37865213609,274.85367907568815,36.8213595640827,238.03231951160546,False,133.35055305767725,119.90161404352202,48.72397087391999,49.0951460854436,24.5475730427218,0.5475730427218011,25.010846381309936,18.125589634615572,18.125589634615572,38.448939014155236,14.192795212994737,30.0,30.0,0.0,False,89.90161404352202,0.0,0.0,0.0,0.0,64.90161404352202,0.0,False,25.0,321.94582564497694,0.0,338.2556488911509,25.0,25.0,0.0,0.0,0051,base,2.543062751049553,7.137226672594643,2.3110531999144475,6.3717289711698735,0.23200955113510568,0.7654977014247697
3,25.0,321.94582564497694,0.0,338.2556488911509,9000.0,270.0,9000.0,9315.0,520.0,0.0,45.0,9315.0,8795.0,1255.3819630995042,281.1246151321363,37.661458892985124,243.46315623915115,False,142.31133234165796,131.4350627206912,51.80840606397375,50.21527852398017,25.107639261990084,0.5600662192682826,19.316749538698616,16.912782444557546,16.912782444557546,35.876269620966745,14.516611548807525,30.0,30.0,0.0,False,101.4350627206912,0.0,0.0,0.0,0.0,76.4350627206912,0.0,False,25.0,215.51076292428573,0.0,316.89599081899166,25.0,25.0,0.0,0.0,0051,base,2.097584808814872,8.714784273895523,1.8049175576631107,7.759543105940778,0.2926672511517612,0.9552411679547452
4,25.0,215.51076292428573,0.0,316.89599081899166,9000.0,270.0,9000.0,9315.0,520.0,0.0,45.0,9315.0,8795.0,1284.0241848208568,287.5386260026321,38.520725544625705,249.0179004580064,False,151.7687550735641,143.1579460724584,55.060613785399916,51.360967392834276,25.680483696417138,0.5728444344270542,12.930645775457144,15.844799540949584,15.844799540949584,33.610809001105714,14.847815930298815,30.0,30.0,0.0,False,113.1579460724584,0.0,0.0,0.0,0.0,83.43547718924107,0.0,False,29.72246888321733,102.07528573504466,0.0,298.1329977481847,29.72246888321733,29.72246888321733,0.0,0.0,0051,base,1.6572945433582165,11.183601769119715,1.2884732035849007,9.992499606554755,0.36882133977331577,1.1911021625649596
5,29.72246888321733,102.07528573504466,0.0,298.1329977481847,9000.0,270.0,9000.0,9315.0,520.0,0.0,45.0,9315.0,8795.0,1313.319894396304,294.09897601681155,39.39959683188912,254.69937918492244,False,161.53204597958592,159.63375747062491,58.417053038352634,52.532795775852165,26.266397887926082,0.5859141915089445,6.124517144102679,14.906649887409237,14.906649887409237,31.62075739217836,15.18657691974577,30.0,30.0,0.0,False,129.63375747062491,0.0,0.0,0.0,0.0,72.07528573504466,0.0,False,57.558471735580255,0.0,0.0,281.69881727575216,57.558471735580255,57.558471735580255,2352.7918081344924,2093.359585472303,0051,base,1.2195814506210452,15.62683146385147,0.7621255557427014,13.98395892991341,0.4574558948783438,1.6428725339380605
1,35.0,470.0,0.0,360.0,7350.0,220.5,7350.0,7605.5,470.0,0.0,35.0,7605.5,7135.5,980.0,222.0585732236718,29.4,192.6585732236718,False,100.04392991775386,96.51123029882301,36.61464330591795,39.2,19.6,0.0,28.2,18.0,18.0,38.53269961893086,7.402374931518107,30.0,30.0,0.0,False,66.51123029882301,0.0,0.0,0.0,0.0,40.56150681060089,0.0,False,25.94972348822212,399.4384931893991,0.0,328.8696753125873,25.94972348822212,25.94972348822212,0.0,0.0,0052,base,3.6234665835694977,4.966759390722818,3.1629422580604585,4.806462623889,0.4605243255090392,0.16029676683381844
2,25.94972348822212,399.4384931893991,0.0,328.8696753125873,7350.0,220.5,7350.0,7605.5,470.0,0.0,35.0,7605.5,7135.5,998.7404338009217,226.3049752557385,29.96221301402765,196.34276224171086,False,106.58751364951051,97.33658043607917,38.98324222117939,39.94961735203687,19.974808676018434,0.37480867601843215,23.966309591363945,16.443483765629363,16.443483765629363,35.200656701653465,7.543929745164758,30.0,30.0,0.0,False,67.33658043607917,0.0,0.0,0.0,0.0,40.9083829731966,0.0,False,26.428197462882572,328.5301102162025,0.0,301.21294835609854,26.428197462882572,26.428197462882572,0.0,0.0,0052,base,3.2658633142153426,5.487294748004272,2.6659372399021968,5.600250742598124,0.5999260743131458,-0.11295599459385208
3,26.428197462882572,328.5301102162025,0.0,301.21294835609854,7350.0,220.5,7350.0,7605.5,470.0,0.0,35.0,7605.5,7135.5,1017.8392388865849,230.63258077369704,30.535177166597546,200.0974036070995,False,113.43334369166273,107.62112987582842,41.33123739408061,40.713569555463394,20.356784777731697,0.38197610171326346,19.71180661297215,15.060647417804928,15.060647417804928,32.240411278716884,7.688191496172986,30.0,30.0,0.0,False,77.62112987582842,0.0,0.0,0.0,0.0,45.23074857617076,0.0,False,32.390381299657655,253.29936164003175,0.0,276.66072857355465,32.390381299657655,32.390381299657655,0.0,0.0,0052,base,2.9236763410049664,6.108382003945932,2.157412917310923,6.632623069098439,0.7662634236940433,-0.5242410651525065
4,32.390381299657655,253.29936164003175,0.0,276.66072857355465,7350.0,220.5,7350.0,7605.5,470.0,0.0,35.0,7605.5,7135.5,1037.3032683522324,235.04294262300846,31.119098050566972,203.92384457244148,False,120.40732156118608,123.18524522062334,43.72321161134046,41.492130734089294,20.746065367044647,0.38928058931294984,15.197961698401905,13.833036428677733,13.833036428677733,29.6124576402204,7.835211949012618,30.0,30.0,0.0,False,93.18524522062334,0.0,0.0,0.0,0.0,51.771997388399164,0.0,False,41.41324783222418,171.52736425163258,0.0,254.88348288234687,41.41324783222418,41.41324783222418,0.0,0.0,0052,base,2.593777660925275,6.867970128586295,1.6379883395148906,8.096274940122168,0.9557893214103845,-1.2283048115358728
5,41.41324783222418,171.52736425163258,0.0,254.88348288234687,7350.0,220.5,7350.0,7605.5,470.0,0.0,35.0,7605.5,7135.5,1057.1395063441046,239.5376433440292,31.714185190323136,207.82345815370604,False,127.62261179258957,141.75433550333491,46.19691053862268,42.28558025376418,21.14279012688209,0.3967247598374435,10.291641855097954,12.744174144117345,12.744174144117345,27.281524121478828,7.985043858039823,30.0,30.0,0.0,False,111.75433550333491,0.0,0.0,0.0,0.0,59.576169810994976,0.0,False,52.17816569233994,81.95119444063761,0.0,235.58700261890786,52.17816569233994,52.17816569233994,1916.3011467522335,1622.1965981837443,0052,base,2.2733752851185045,7.825344345905687,1.107800960478223,10.398487440262107,1.1655743246402814,-2.5731430943564204
1,33.0,732.0,0.0,517.0,10875.0,326.25,10875.0,11234.25,732.0,0.0,33.0,11234.25,10502.25,1450.0,268.2335830921045,43.5,224.73358309210448,False,101.72268731907835,82.00011259543896,38.74089577302612,58.0,29.0,0.0,43.92,25.85,25.85,52.72257472363938,17.78809611069195,30.0,30.0,0.0,False,52.000112595438964,0.0,0.0,0.0,0.0,27.000112595438964,0.0,False,25.0,674.999887404561,0.0,482.0655213870526,25.0,25.0,0.0,0.0,0053,distressed,3.6535352924011977,4.932993719482376,4.220446208642307,3.844540391172487,-0.5669109162411092,1.0884533283098885
2,25.0,674.999887404561,0.0,482.0655213870526,10875.0,326.25,10875.0,11234.25,732.0,0.0,33.0,11234.25,10502.25,1355.24549685325,250.7050728209563,40.6573649055975,210.0477079153588,False,97.42596404570187,73.26593411723174,36.36110965043313,54.20981987413,27.104909937065,-1.895090062935001,40.49999324427366,24.10327606935263,24.10327606935263,49.16002992847014,16.625680794212464,30.0,30.0,0.0,False,43.26593411723174,0.0,0.0,0.0,0.0,18.265934117231737,0.0,False,25.0,626.7339532873293,0.0,449.531172252795,25.0,25.0,0.0,0.0,0053,distressed,3.547372170707572,5.074504346609937,4.193234359844391,3.880687084176356,-0.6458621891368193,1.1938172624335812
3,25.0,626.7339532873293,0.0,449.531172252795,10875.0,326.25,10875.0,11234.25,732.0,0.0,33.0,11234.25,10502.25,1266.683004648974,234.32201446818425,38.00049013946922,196.32152432871504,False,91.28511618672238,70.4428708874899,34.06023212970888,50.667320185958964,25.333660092979482,-1.7712498440855171,37.604037197239755,22.47655861263975,22.47655861263975,45.842245299232474,15.539226916190348,30.0,30.0,0.0,False,40.4428708874899,0.0,0.0,0.0,0.0,15.442870887489903,0.0,False,25.0,581.2910823998394,0.0,419.2281538697529,25.0,25.0,0.0,0.0,0053,distressed,3.435031895653356,5.2354254122869355,4.163156579562635,3.9001280082121443,-0.7281246839092792,1.3352974040747911
4,25.0,581.2910823998394,0.0,419.2281538697529,10875.0,326.25,10875.0,11234.25,732.0,0.0,33.0,11234.25,10502.25,1183.9078882697008,219.00955511833706,35.51723664809102,183.49231847024603,False,85.55650781946446,67.80450072342687,31.913361458192007,47.35631553078803,23.678157765394015,-1.6555023275854666,34.87746494399036,20.961407693487644,20.961407693487644,42.75200709603759,14.52377055361916,30.0,30.0,0.0,False,37.80450072342687,0.0,0.0,0.0,0.0,12.80450072342687,0.0,False,25.0,538.4865816764126,0.0,390.99991732733446,25.0,25.0,0.0,0.0,0053,distressed,3.315364420614221,5.420763855326552,4.129895147794019,3.922170072096727,-0.8145307271797981,1.4985937832298246
5,25.0,538.4865816764126,0.0,390.99991732733446,10875.0,326.25,10875.0,11234.25,732.0,0.0,33.0,11234.25,10502.25,1106.541954666588,204.69773333928273,33.19625863999764,171.5014746992851,False,80.21361207464659,65.34026128503884,29.9105709830834,44.261678186663524,22.130839093331762,-1.5473186720622536,32.30919490058476,19.549995866366725,19.549995866366725,39.873350789607755,13.574672165601518,30.0,30.0,0.0,False,35.340261285038835,0.0,0.0,0.0,0.0,10.340261285038835,0.0,False,25.0,498.14632039137376,0.0,364.7012387033282,25.0,25.0,1637.5818667142619,775.1705796188459,0053,distressed,3.1870762367188235,5.637185629959327,4.09309641795586,3.947183330707337,-0.9060201812370368,1.69000229925199
1,33.0,732.0,0.0,517.0,10875.0,326.25,10875.0,11234.25,732.0,0.0,33.0,11234.25,10502.25,1450.0,285.75399079751253,43.5,242.25399079751253,False,114.86299309813441,100.49234191532238,43.12099769937813,58.0,29.0,0.0,43.92,25.85,25.85,47.370651182812026,10.4643584679355,30.0,30.0,0.0,False,70.49234191532238,0.0,0.0,0.0,0.0,45.492341915322385,0.0,False,25.0,656.5076580846776,0.0,480.0937072851235,25.0,25.0,0.0,0.0,0054,distressed,3.5860132423015245,5.030496844249401,3.8900641851664997,4.0956570273400095,-0.30405094286497514,0.9348398169093919
2,25.0,656.5076580846776,0.0,480.0937072851235,10875.0,326.25,10875.0,11234.25,732.0,0.0,33.0,11234.25,10502.25,1381.7424998394129,272.30236798871965,41.452274995182385,230.85009299353726,False,113.13893611296791,94.1498615619686,41.863737036050104,55.269699993576516,27.634849996788258,-1.3651500032117418,39.390459485080655,24.004685364256176,24.004685364256176,43.98907455099931,9.971757812897192,30.0,30.0,0.0,False,64.1498615619686,0.0,0.0,0.0,0.0,39.149861561968606,0.0,False,25.0,587.357796522709,0.0,446.0763905470214,25.0,25.0,0.0,0.0,0054,distressed,3.4088752503095936,5.29194046443702,3.7033617978360938,4.295318965448632,-0.29448654752650016,0.9966214989883877
3,25.0,587.357796522709,0.0,446.0763905470214,10875.0,326.25,10875.0,11234.25,732.0,0.0,33.0,11234.25,10502.25,1316.6981626637723,259.48396872891396,39.50094487991317,219.9830238490008,False,109.96220751459049,94.09000423124276,40.6094341325718,52.66792650655089,26.333963253275446,-1.3008867435128124,35.24146779136254,22.30381952735107,22.30381952735107,40.87220328334773,9.502345909093629,30.0,30.0,0.0,False,64.09000423124276,0.0,0.0,0.0,0.0,39.09000423124276,0.0,False,25.0,518.2677922914662,0.0,414.70653317276725,25.0,25.0,0.0,0.0,0054,distressed,3.2216562614579245,5.603003248585798,3.499153839491353,4.509213192242249,-0.27749757803342856,1.0937900563435496
4,25.0,518.2677922914662,0.0,414.70653317276725,10875.0,326.25,10875.0,11234.25,732.0,0.0,33.0,11234.25,10502.25,1254.7157315951742,247.26898456533903,37.64147194785522,209.6275126174838,False,107.03958012143829,94.04167194704677,39.44902960533936,50.18862926380697,25.094314631903487,-1.239648621371959,31.096067537487972,20.735326658638364,20.735326658638364,37.997908174391526,9.05503116604817,30.0,30.0,0.0,False,64.04167194704677,0.0,0.0,0.0,0.0,39.041671947046765,0.0,False,25.0,449.2261203444194,0.0,385.76365616442394,25.0,25.0,0.0,0.0,0054,distressed,3.0227355816482753,5.980255353986326,3.2757435306036506,4.770641199225524,-0.2530079489553754,1.2096141547608017
5,25.0,449.2261203444194,0.0,385.76365616442394,10875.0,326.25,10875.0,11234.25,732.0,0.0,33.0,11234.25,10502.25,1195.6510700428648,235.62901025245847,35.86953210128594,199.75947815117252,False,104.36307862233217,94.01709101078255,38.37943203057154,47.82604280171459,23.913021400857296,-1.1812932310461903,26.953567220665164,19.288182808221197,19.288182808221197,35.34598761154963,8.628773378964961,30.0,30.0,0.0,False,64.01709101078255,0.0,0.0,0.0,0.0,39.01709101078255,0.0,False,25.0,380.20902933363686,0.0,359.0464419318393,25.0,25.0,1885.0320820196678,1142.5011295238965,0054,distressed,2.8103293179396207,6.448195500969897,3.0312713638282744,5.095590242697679,-0.22094204588865374,1.3526052582722174
1,38.25,546.0,0.0,405.6,9000.0,270.0,9000.0,9308.25,546.0,0.0,38.25,9308.25,8762.25,1200.0,219.4075994862137,36.0,183.4075994862137,False,85.77569961466028,72.43025717945105,32.59189987155343,48.0,24.0,0.0,32.76,20.28,20.28,51.595442435209236,7.024146544642656,30.0,30.0,0.0,False,42.43025717945105,0.0,0.0,0.0,0.0,17.430257179451047,0.0,False,25.0,498.569742820549,0.0,361.0287041094334,25.0,25.0,0.0,0.0,0055,downside,3.362961898584889,5.357699470277917,3.803872103265155,4.136644032545507,-0.44091020468026576,1.22105543773241
2,25.0,498.569742820549,0.0,361.0287041094334,9000.0,270.0,9000.0,9308.25,546.0,0.0,38.25,9308.25,8762.25,1145.3695750207846,209.41899081654591,34.36108725062354,175.05790356592237,False,84.95812559278978,64.03249511858746,31.77307094780444,45.81478300083138,22.90739150041569,-1.0926084995843084,29.914184569232937,18.051435205471673,18.051435205471673,45.925630474202315,6.7043697856008935,30.0,30.0,0.0,False,34.03249511858746,0.0,0.0,0.0,0.0,9.032495118587462,0.0,False,25.0,459.5372477019615,0.0,321.807443420832,25.0,25.0,0.0,0.0,0055,downside,3.100623580808218,5.7977251657419995,3.6116337308938826,4.366022826353349,-0.5110101500856645,1.43170233938865
3,25.0,459.5372477019615,0.0,321.807443420832,9000.0,270.0,9000.0,9308.25,546.0,0.0,38.25,9308.25,8762.25,1093.2262194860773,199.885117094024,32.79678658458232,167.08833050944168,False,82.67989752304517,66.74351334592143,30.8564308690706,43.72904877944309,21.864524389721545,-1.0428671106941465,27.57223486211769,16.0903721710416,16.0903721710416,40.93638417712374,6.399150976763237,30.0,30.0,0.0,False,36.74351334592143,0.0,0.0,0.0,0.0,11.743513345921428,0.0,False,25.0,417.7937343560401,0.0,287.2702102204715,25.0,25.0,0.0,0.0,0055,downside,2.8319446689078194,6.3387932345122,3.4022740385249204,4.5779473713565135,-0.570329369617101,1.7608458631556863
4,25.0,417.7937343560401,0.0,287.2702102204715,9000.0,270.0,9000.0,9308.25,546.0,0.0,38.25,9308.25,8762.25,1043.4567086786228,190.78527634913505,31.303701260358682,159.48157508877637,False,80.59865351665562,69.05567128100279,30.012610129097595,41.73826834714492,20.86913417357246,-0.9953902161490866,25.067624061362405,14.363510511023575,14.363510511023575,36.542982235652836,6.107827362290957,30.0,30.0,0.0,False,39.05567128100279,0.0,0.0,0.0,0.0,14.055671281002788,0.0,False,25.0,373.7380630750373,0.0,256.8350553471096,25.0,25.0,0.0,0.0,0055,downside,2.5542409912677804,7.026048911429012,3.174108243625438,4.8384424749153405,-0.6198672523576576,2.187606436513671
5,25.0,373.7380630750373,0.0,256.8350553471096,9000.0,270.0,9000.0,9308.25,546.0,0.0,38.25,9308.25,8762.25,995.9529724765174,182.0997090768598,29.87858917429552,152.22111990256428,False,78.70685751230687,71.0354612758533,29.238770837676647,39.838118899060696,19.919059449530348,-0.9500747240421106,22.424283784502236,12.84175276735548,12.84175276735548,32.671396236453575,5.829766358539594,30.0,30.0,0.0,False,41.035461275853294,0.0,0.0,0.0,0.0,16.035461275853294,0.0,False,25.0,327.702601799184,0.0,229.99342546919559,25.0,25.0,1456.7976726148784,902.2496802572755,0055,downside,2.2646953662333233,7.934831099253187,2.9252986178222926,5.163600077629571,-0.6606032515889693,2.771231021623616
1,55.0,610.0,0.0,470.0,10875.0,326.25,10875.0,11256.25,610.0,0.0,55.0,11256.25,10646.25,1450.0,347.2662155654329,43.5,303.7662155654329,False,168.2496616740747,184.8549190555581,60.91655389135822,58.0,29.0,0.0,36.6,23.5,23.5,38.39474261851661,17.088091913322906,30.0,30.0,0.0,False,154.8549190555581,0.0,0.0,0.0,0.0,106.24657256413794,0.0,False,48.608346491420164,473.7534274358621,0.0,448.6933492948063,48.608346491420164,48.608346491420164,0.0,0.0,0056,base,2.873749951894653,6.341386721822282,2.5163358572512706,5.7781400260471365,0.35741409464338236,0.5632466957751454
2,48.608346491420164,473.7534274358621,0.0,448.6933492948063,10875.0,326.25,10875.0,11256.25,610.0,0.0,55.0,11256.25,10646.25,1455.486338646647,348.58016043379945,43.66459015939941,304.9155702744,False,175.87718271323158,187.83134694760014,63.513924290877,58.21945354586588,29.10972677293294,0.10972677293294097,28.425205646151724,22.434667464740315,22.434667464740315,36.654182257051616,17.152747816123956,30.0,30.0,0.0,False,157.83134694760014,0.0,0.0,0.0,0.0,107.95729394298706,0.0,False,49.874053004613074,335.796133492875,0.0,429.19191485387864,49.874053004613074,49.874053004613074,0.0,0.0,0056,base,2.49936682920674,7.343277537148806,2.0515051529387063,6.853736336969907,0.44786167626803364,0.48954120017889924
3,49.874053004613074,335.796133492875,0.0,429.19191485387864,10875.0,326.25,10875.0,11256.25,610.0,0.0,55.0,11256.25,10646.25,1460.9934358531189,349.89907685148387,43.82980307559357,306.0692737758903,False,183.62635621505729,198.43931750740873,66.11547750590597,58.43973743412476,29.21986871706238,0.11014194412943823,20.1477680095725,21.459595742693935,21.459595742693935,35.061091712261636,17.21764835628933,30.0,30.0,0.0,False,168.43931750740873,0.0,0.0,0.0,0.0,114.05429433442488,0.0,False,54.38502317298385,191.74183915845015,0.0,411.3484714979063,54.38502317298385,54.38502317298385,0.0,0.0,0056,base,2.1176086010001454,8.767204758550323,1.5681815808741697,8.40954689979425,0.5494270201259757,0.35765785875607214
4,54.38502317298385,191.74183915845015,0.0,411.3484714979063,10875.0,326.25,10875.0,11256.25,610.0,0.0,55.0,11256.25,10646.25,1466.5213701632008,351.2229836292469,43.99564110489602,307.2273425243509,False,191.5907840621278,212.37236321451093,68.78885214998714,58.660854806528036,29.330427403264018,0.11055868620163878,11.504510349507008,20.567423574895315,20.567423574895315,33.6034440206007,17.28279445944898,30.0,30.0,0.0,False,182.37236321451093,0.0,0.0,0.0,0.0,122.06240339271923,0.0,False,60.30995982179169,39.679435765730915,0.0,395.02782193675455,60.30995982179169,60.30995982179169,0.0,0.0,0056,base,1.7268260511638778,10.95869823281679,1.065981770361332,10.95110087396428,0.6608442808025459,0.007597358852509117
5,60.30995982179169,39.679435765730915,0.0,395.02782193675455,10875.0,326.25,10875.0,11256.25,610.0,0.0,55.0,11256.25,10646.25,1472.070220417863,352.5518996490234,44.162106612535894,308.3897930364875,False,199.8615476360076,227.90131266968248,71.56440894842648,58.88280881671452,29.44140440835726,0.11097700509324326,2.3807661459438547,19.75139109683773,19.75139109683773,32.27019478811681,17.348187054735142,30.0,30.0,0.0,False,197.90131266968248,0.0,0.0,0.0,0.0,9.679435765730915,0.0,False,188.22187690395157,0.0,0.0,380.1058142033729,188.22187690395157,188.22187690395157,2820.4151971921874,2586.225031934883,0056,base,1.3253783286127716,14.779920119859302,0.5442714604302171,15.929396117227046,0.7811068681825545,-1.1494759973677446
1,45.0,520.0,0.0,390.0,9000.0,270.0,9000.0,9315.0,520.0,0.0,45.0,9315.0,8795.0,1200.0,238.32594212904743,36.0,202.32594212904743,False,101.71945659678559,102.15068387807541,37.90648553226186,48.0,24.0,0.0,31.2,19.5,19.5,44.56877271871018,11.31872037262894,30.0,30.0,0.0,False,72.15068387807541,0.0,0.0,0.0,0.0,47.15068387807541,0.0,False,25.0,442.8493161219246,0.0,356.74994765391875,25.0,25.0,0.0,0.0,0057,base,3.061835546518747,5.894604005347681,3.2501676353655937,4.70070891773269,-0.1883320888468467,1.1938950876149903
2,25.0,442.8493161219246,0.0,356.74994765391875,9000.0,270.0,9000.0,9315.0,520.0,0.0,45.0,9315.0,8795.0,1210.3727885580693,240.38602930038684,36.311183656742074,204.07484564364478,False,107.43860831348293,91.66961514835661,39.91659732340834,48.41491154232277,24.207455771161385,0.20745577116138492,26.570958967315473,17.83749738269594,17.83749738269594,40.768993165126304,11.416559283606599,30.0,30.0,0.0,False,61.66961514835661,0.0,0.0,0.0,0.0,36.66961514835661,0.0,False,25.0,376.17970097356795,0.0,327.39751377239907,25.0,25.0,0.0,0.0,0057,base,2.671282611651802,6.756689279947676,2.8228646095652077,5.413068794955424,-0.15158199791340587,1.3436204849922522
3,25.0,376.17970097356795,0.0,327.39751377239907,9000.0,270.0,9000.0,9315.0,520.0,0.0,45.0,9315.0,8795.0,1220.8352394015305,242.46392384559246,36.625057182045914,205.83886666354655,False,112.75605527649986,100.34142609703105,41.724552229128136,48.83340957606122,24.41670478803061,0.2092490168692258,22.570782058414075,16.369875688619953,16.369875688619953,37.41462917946882,11.51524391319786,30.0,30.0,0.0,False,70.34142609703105,0.0,0.0,0.0,0.0,45.34142609703105,0.0,False,25.0,300.8382748765369,0.0,301.4981285061281,25.0,25.0,0.0,0.0,0057,base,2.286669499141029,7.910819306811088,2.3811229077952576,6.226497904084841,-0.0944534086542288,1.6843214027262468
4,25.0,300.8382748765369,0.0,301.4981285061281,9000.0,270.0,9000.0,9315.0,520.0,0.0,45.0,9315.0,8795.0,1231.3881275703238,244.55977969143424,36.941643827109715,207.61813586432453,False,118.34476067074033,108.88988486431444,43.623233236606474,49.25552510281295,24.627762551406477,0.2110577633758659,18.050296492592214,15.074906425306407,15.074906425306407,34.45487580642589,11.614781571786356,30.0,30.0,0.0,False,78.88988486431444,0.0,0.0,0.0,0.0,53.88988486431444,0.0,False,25.0,216.94839001222246,0.0,278.6580342714886,25.0,25.0,0.0,0.0,0057,base,1.905066465267251,9.548678937473966,1.9243001644730142,7.382891519112497,-0.019233699205763122,2.165787418361469
5,25.0,216.94839001222246,0.0,278.6580342714886,9000.0,270.0,9000.0,9315.0,520.0,0.0,45.0,9315.0,8795.0,1242.032234803827,246.6737520952236,37.26096704411481,209.41278505110878,False,124.21403045989243,117.36929559915262,45.61574498420025,49.681289392153076,24.840644696076538,0.21288214467006128,13.016903400733348,13.93290171357443,13.93290171357443,31.84473486073981,11.715179632946604,30.0,30.0,0.0,False,87.36929559915262,0.0,0.0,0.0,0.0,61.48140188724899,0.0,False,25.88789371190363,125.46698812497347,0.0,258.52847904369537,25.88789371190363,25.88789371190363,1973.3900167617887,1585.6815930535965,0057,base,1.5237841448039393,12.074287512473962,1.451745758983407,9.15308110945349,0.07203838582053224,2.921206403020472
1,25.5,409.5,0.0,312.0,5700.0,171.0,5700.0,5896.5,409.5,0.0,25.5,5896.5,5487.0,760.0,149.27405716402816,22.8,126.47405716402817,False,57.128042873021116,46.675839261579796,21.57601429100704,30.400000000000002,15.200000000000001,0.0,24.57,15.600000000000001,15.600000000000001,35.95220361144132,12.313267109784121,30.0,30.0,0.0,False,16.675839261579796,0.0,8.324160738420204,8.324160738420204,0.0,0.0,0.0,False,25.0,379.5,8.324160738420204,288.3610634983428,25.0,25.0,0.0,0.0,0058,downside,4.417751500140607,4.058099617041147,4.36234692489945,3.7160581818279352,0.05540457524115716,0.3420414352132122
2,25.0,379.5,8.324160738420204,288.3610634983428,5700.0,171.0,5700.0,5896.5,409.5,0.0,25.5,5896.5,5487.0,758.5530304492961,148.98985319636185,22.75659091347888,126.23326228288298,False,58.8527286842666,50.62447333649679,22.136439865915158,30.342121217971844,15.171060608985922,-0.028939391014079163,23.26944964430521,14.41805317491714,14.41805317491714,33.2282553477698,12.289823790603146,30.0,30.0,0.0,False,20.62447333649679,0.0,4.375526663503209,4.375526663503209,0.0,0.0,0.0,False,25.0,349.5,12.699687401923413,267.4226319411761,25.0,25.0,0.0,0.0,0058,downside,4.110386261392449,4.3348886377452525,4.058144272054788,3.953295974822991,0.05224198933766111,0.38159266292226146
3,25.0,349.5,12.699687401923413,267.4226319411761,5700.0,171.0,5700.0,5896.5,409.5,0.0,25.5,5896.5,5487.0,757.1088157944878,148.7061903267053,22.713264473834634,125.99292585287066,False,60.62515589392362,54.80966578540857,22.72245325292411,30.284352631779512,15.142176315889756,-0.028884293096165692,21.731981244115406,13.371131597058806,13.371131597058806,30.815490108515046,12.266425105328778,30.0,30.0,0.0,False,24.80966578540857,0.0,0.19033421459143085,0.19033421459143085,0.0,0.0,0.0,False,25.0,319.5,12.890021616514844,248.87356693798986,25.0,25.0,0.0,0.0,0058,downside,3.8179695910280262,4.640315235673515,3.740688853183596,4.2362679059129,0.07728073784443046,0.40404732976061464
4,25.0,319.5,12.890021616514844,248.87356693798986,5700.0,171.0,5700.0,5896.5,409.5,0.0,25.5,5896.5,5487.0,755.6673507905086,148.42306752485803,22.67002052371526,125.75304700114276,False,62.496631310113806,58.818576335561616,23.341491839313097,30.226694031620347,15.113347015810174,-0.02882930007958251,19.94340129699089,12.443678346899494,12.443678346899494,28.678054974552186,12.243070968982197,30.0,30.0,0.0,False,28.818576335561616,0.0,0.0,0.0,3.818576335561616,0.0,0.0,False,25.0,289.5,9.071445280953228,232.43858293241988,25.0,25.0,0.0,0.0,0058,downside,3.5375277201214237,4.981875469864858,3.409241141904213,4.58278638138518,0.12828657821721068,0.39908908847967783
5,25.0,289.5,9.071445280953228,232.43858293241988,5700.0,171.0,5700.0,5896.5,409.5,0.0,25.5,5896.5,5487.0,754.2286302022784,148.140483762581,22.62685890606835,125.51362485651265,False,64.46954485451765,62.685316454705955,23.994352248258615,30.169145208091138,15.084572604045569,-0.028774411764604935,17.914286716857195,11.621929146620994,11.621929146620994,26.784228399811692,12.219761296746375,30.0,30.0,0.0,False,32.685316454705955,0.0,0.0,0.0,7.685316454705955,0.0,0.0,False,25.0,259.5,1.3861288262472726,217.87411582935457,25.0,25.0,1185.123870100648,713.5867673935364,0058,downside,3.2663428082387482,5.3696793068147235,3.063040116588425,5.015553937150023,0.2033026916503231,0.35412536966470043
1,25.5,409.5,0.0,312.0,5700.0,171.0,5700.0,5896.5,409.5,0.0,25.5,5896.5,5487.0,760.0,135.02733212037356,22.8,112.22733212037356,False,46.44299909028018,30.294818300855745,18.01433303009339,30.400000000000002,15.200000000000001,0.0,24.57,15.600000000000001,15.600000000000001,41.64818078942444,14.328308637087963,30.0,30.0,0.0,False,0.294818300855745,0.0,24.705181699144255,24.705181699144255,0.0,0.0,0.0,False,25.0,379.5,24.705181699144255,284.6801278476635,25.0,25.0,0.0,0.0,0059,downside,4.218223597525929,4.24397282758509,4.916673529141272,3.3613973642114403,-0.6984499316153432,0.8825754633736493
2,25.0,379.5,24.705181699144255,284.6801278476635,5700.0,171.0,5700.0,5896.5,409.5,0.0,25.5,5896.5,5487.0,787.1545128939403,139.8518076876065,23.614635386818208,116.2371723007883,False,49.89850586802413,36.89719358675505,19.43771375161412,31.48618051575761,15.743090257878805,0.5430902578788039,24.252310901948654,14.234006392383177,14.234006392383177,38.00131228126908,14.840253691869753,30.0,30.0,0.0,False,6.897193586755051,0.0,18.10280641324495,18.10280641324495,0.0,0.0,0.0,False,25.0,349.5,42.807988112389204,261.5190692582642,25.0,25.0,0.0,0.0,0059,downside,3.7403625032080527,4.752002957778981,4.496381332269181,3.633805921675014,-0.7560188290611278,1.1181970361039668
3,25.0,349.5,42.807988112389204,261.5190692582642,5700.0,171.0,5700.0,5896.5,409.5,0.0,25.5,5896.5,5487.0,815.2792462753899,144.84865994430908,24.4583773882617,120.39028255604738,False,54.11660022441021,44.2070057489288,20.943962451597706,32.611169851015596,16.305584925507798,0.562494667628993,23.53847928674335,13.075953462913212,13.075953462913212,34.909594475481406,15.370490350060834,30.0,30.0,0.0,False,14.2070057489288,0.0,10.7929942510712,10.7929942510712,0.0,0.0,0.0,False,25.0,319.5,53.6009823634604,241.97996513284363,25.0,25.0,0.0,0.0,0059,downside,3.301035201932948,5.350644624290059,4.073775675406154,3.9560536396857806,-0.7727404734732057,1.394590984604278
4,25.0,319.5,53.6009823634604,241.97996513284363,5700.0,171.0,5700.0,5896.5,409.5,0.0,25.5,5896.5,5487.0,844.4088657558465,150.0240478444771,25.332265972675394,124.69178187180171,False,58.62836245784636,51.32699920377169,22.55168116833798,33.77635463023386,16.88817731511693,0.5825923896091325,22.386058941807622,12.098998256642183,12.098998256642183,32.30136325407466,15.91967216374098,30.0,30.0,0.0,False,21.326999203771692,0.0,3.673000796228308,3.673000796228308,0.0,0.0,0.0,False,25.0,289.5,57.27398315968871,225.59827404250996,25.0,25.0,0.0,0.0,0059,downside,2.8929260415138165,6.072972346126965,3.648563447438998,4.350407394748966,-0.7556374059251816,1.7225649513779997
5,25.0,289.5,57.27398315968871,225.59827404250996,5700.0,171.0,5700.0,5896.5,409.5,0.0,25.5,5896.5,5487.0,874.5792755360104,155.38435039920603,26.237378266080313,129.1469721331257,False,63.446263630100795,58.33165560732972,24.26515486035472,34.98317102144042,17.49158551072021,0.6034081956032793,20.806438989581324,11.279913702125498,11.279913702125498,30.114608022771066,16.488476036158882,30.0,30.0,0.0,False,28.331655607329722,0.0,0.0,0.0,3.331655607329722,0.0,0.0,False,25.0,259.5,53.94232755235899,211.9721420558978,25.0,25.0,1243.0748031936482,724.0142115374869,0059,downside,2.509889319555945,6.970075190766352,3.2204946529210683,4.842692838671169,-0.7106053333651232,2.1273823520951822
1,60.0,650.0,0.0,500.0,12600.0,378.0,12600.0,13038.0,650.0,0.0,60.0,13038.0,12388.0,1680.0,408.5824039354537,50.4,358.18240393545375,False,203.8368029515903,218.06510811542705,73.54560098386344,67.2,33.6,0.0,39.0,25.0,25.0,45.77169483616326,15.118674677996006,30.0,30.0,0.0,False,188.06510811542705,0.0,0.0,0.0,0.0,140.22668192109907,0.0,False,47.83842619432798,479.77331807890096,0.0,469.3469798418327,47.83842619432798,47.83842619432798,0.0,0.0,0060,base,2.4044764554792346,7.606760888358337,2.2058753951351924,6.3841000614914645,0.19860106034404224,1.2226608268668722
2,47.83842619432798,479.77331807890096,0.0,469.3469798418327,12600.0,378.0,12600.0,13038.0,650.0,0.0,60.0,13038.0,12388.0,1751.2796107458073,425.9178769771831,52.53838832237422,373.3794886548089,False,221.90591711111318,226.77872983825065,80.2814351444958,70.05118442983229,35.025592214916145,1.4255922149161435,28.786399084734057,23.467348992091637,23.467348992091637,42.96561346719048,15.760134943496036,30.0,30.0,0.0,False,196.77872983825065,0.0,0.0,0.0,0.0,145.8299729393962,0.0,False,50.94875689885444,303.94334513950474,0.0,442.14150131813824,50.94875689885444,50.94875689885444,0.0,0.0,0060,base,1.8990748813460208,9.767704718373812,1.63208948751411,8.150953618695073,0.26698539383191067,1.6167510996787389
3,50.94875689885444,303.94334513950474,0.0,442.14150131813824,12600.0,378.0,12600.0,13038.0,650.0,0.0,60.0,13038.0,12388.0,1825.5834970321348,443.9888653585011,54.76750491096404,389.22136044753705,False,241.916350808897,252.38997596227767,87.21942116831497,73.0233398812854,36.5116699406427,1.4860777257265525,18.236600708370283,22.107075065906912,22.107075065906912,40.4751317454738,16.42881130306377,30.0,30.0,0.0,False,222.38997596227767,0.0,0.0,0.0,0.0,162.29927467626976,0.0,False,60.09070128600791,111.64407046323498,0.0,418.0951808757282,60.09070128600791,60.09070128600791,0.0,0.0,0060,base,1.4041668954768454,13.577688687898315,1.0577935319925988,11.005166406814741,0.3463733634842465,2.5725222810835735
4,60.09070128600791,111.64407046323498,0.0,418.0951808757282,12600.0,378.0,12600.0,13038.0,650.0,0.0,60.0,13038.0,12388.0,1903.0399738490516,462.8265757741122,57.09119921547155,405.73537655864067,False,263.0194506904663,284.83630191344554,94.53299332176505,76.12159895396206,38.06079947698103,1.5491295363383344,6.698644227794099,20.904759043786413,20.904759043786413,38.27385006302863,17.125858490384427,30.0,30.0,0.0,False,254.83630191344554,0.0,0.0,0.0,0.0,81.64407046323498,0.0,False,173.19223145021056,0.0,0.0,396.947189303084,173.19223145021056,173.19223145021056,0.0,0.0,0060,base,0.9173761533387259,22.139130502825356,0.4834531324797554,16.767011343511474,0.4339230208589705,5.372119159313883
5,173.19223145021056,0.0,0.0,396.947189303084,12600.0,378.0,12600.0,13038.0,650.0,0.0,60.0,13038.0,12388.0,1983.782800378618,482.4635389669655,59.51348401135854,422.9500549556069,False,280.87433708346197,417.7286773039655,100.77567387261317,79.35131201514473,39.675656007572364,1.6148565305913323,0.0,19.8473594651542,19.8473594651542,36.33789122970698,17.852480232576323,0.0,0.0,0.0,False,417.7286773039655,0.0,0.0,0.0,0.0,0.0,0.0,False,417.7286773039655,0.0,0.0,378.4617783059533,417.7286773039655,417.7286773039655,3859.708311735724,3841.0795860577,0060,base,0.6570346232293247,32.78264974736786,-0.08138832435315041,24.30870160909927,0.7384229475824751,8.473948138268593
1,25.5,409.5,0.0,312.0,5700.0,171.0,5700.0,5896.5,409.5,0.0,25.5,5896.5,5487.0,760.0,116.53279414956904,22.8,93.73279414956905,False,32.57209561217678,23.979803932469615,13.39069853739226,30.400000000000002,15.200000000000001,0.0,24.57,15.600000000000001,15.600000000000001,34.09229167970717,7.332364222383693,30.0,30.0,0.0,False,0.0,6.020196067530385,25.0,31.020196067530385,0.0,0.0,0.0,False,25.0,379.5,31.020196067530385,285.24007254267656,25.0,25.0,0.0,0.0,0061,downside,4.464325946571238,4.013770162408481,5.755978593882257,2.9009906435043327,-1.291652647311019,1.1127795189041487
2,25.0,379.5,31.020196067530385,285.24007254267656,5700.0,171.0,5700.0,5896.5,409.5,0.0,25.5,5896.5,5487.0,756.7285120353871,116.0311683159598,22.70185536106161,93.3293129548982,False,33.32521781172278,27.156987837794055,13.609024390928136,30.269140481415484,15.134570240707742,-0.06542975929225925,24.631211764051823,14.26200362713383,14.26200362713383,31.168229973928725,7.300801404876211,30.0,30.0,0.0,False,0.0,2.8430121622059445,25.0,27.843012162205945,0.0,0.0,0.0,False,25.0,349.5,58.86320822973633,261.37264397362406,25.0,25.0,0.0,0.0,0061,downside,4.2028075084471395,4.234893847266628,5.556574682138045,2.9833267100424896,-1.3537671736909056,1.2515671372241384
3,25.0,349.5,58.86320822973633,261.37264397362406,5700.0,171.0,5700.0,5896.5,409.5,0.0,25.5,5896.5,5487.0,753.4711064832776,115.53170177561027,22.604133194498328,92.92756858111194,False,34.04829496269433,30.48806286190892,13.83928597216164,30.138844259331105,15.069422129665552,-0.06514811104218943,24.501792493784176,13.068632198681204,13.068632198681204,28.56023210078541,7.269374452339261,30.0,30.0,0.0,False,0.4880628619089187,0.0,24.51193713809108,24.51193713809108,0.0,0.0,0.0,False,25.0,319.5,83.37514536782741,240.08178632517792,25.0,25.0,0.0,0.0,0061,downside,3.9561422918676863,4.47008262613366,5.348808354725207,3.0750704236457502,-1.3926660628575211,1.39501220248791
4,25.0,319.5,83.37514536782741,240.08178632517792,5700.0,171.0,5700.0,5896.5,409.5,0.0,25.5,5896.5,5487.0,750.2277227246675,115.03438523364953,22.506831681740024,92.5275535519095,False,34.82580708311126,33.592030524191074,14.087738878395243,30.0091089089867,15.00455445449335,-0.06486767517220215,24.172508722069644,12.004089316258897,12.004089316258897,26.233776558920184,7.238082779929928,30.0,30.0,0.0,False,3.592030524191074,0.0,21.407969475808926,21.407969475808926,0.0,0.0,0.0,False,25.0,289.5,104.78311484363634,221.08609254618767,25.0,25.0,0.0,0.0,0061,downside,3.721919691119153,4.722404488820027,5.132110770103293,3.179801072278062,-1.4101910789841399,1.542603416541965
5,25.0,289.5,104.78311484363634,221.08609254618767,5700.0,171.0,5700.0,5896.5,409.5,0.0,25.5,5896.5,5487.0,746.9983004014929,114.53920943521724,22.409949012044784,92.12926042317247,False,35.65808212138222,36.49996816814067,14.354492226311224,29.879932016059715,14.939966008029858,-0.06458844646349249,23.656986890618178,11.054304627309385,11.054304627309385,24.15811395324155,7.206925805322807,30.0,30.0,0.0,False,6.4999681681406685,0.0,18.50003183185933,18.50003183185933,0.0,0.0,0.0,False,25.0,259.5,123.28314667549567,204.13490439826893,25.0,25.0,916.313675481738,340.6509192757473,0061,downside,3.4979269780433837,4.995778822329258,4.9059012528943855,3.2997680128398694,-1.4079742748510018,1.6960108094893882
1,35.0,470.0,0.0,360.0,7350.0,220.5,7350.0,7605.5,470.0,0.0,35.0,7605.5,7135.5,980.0,243.76973078361854,29.4,214.36973078361854,False,116.32729808771391,111.59082610654379,42.04243269590464,39.2,19.6,0.0,28.2,18.0,18.0,39.73647198117014,12.782262850205813,30.0,30.0,0.0,False,81.59082610654379,0.0,0.0,0.0,0.0,56.59082610654379,0.0,False,25.0,383.4091738934562,0.0,333.04579086903567,25.0,25.0,0.0,0.0,0062,base,3.5760616065179924,5.045328021295581,2.8365087106580096,5.2764010992125225,0.7395528958599829,-0.23107307791694165
2,25.0,383.4091738934562,0.0,333.04579086903567,7350.0,220.5,7350.0,7605.5,470.0,0.0,35.0,7605.5,7135.5,990.1336122542107,246.29041234593947,29.70400836762632,216.58640397831314,False,122.59316463331419,110.83187369633062,44.2323910003135,39.60534449016843,19.802672245084214,0.20267224508421222,23.004550433607374,16.652289543451783,16.652289543451783,36.76129093698357,12.91443682516029,30.0,30.0,0.0,False,80.83187369633062,0.0,0.0,0.0,0.0,55.83187369633062,0.0,False,25.0,297.5773001971256,0.0,309.1989367572124,25.0,25.0,0.0,0.0,0062,base,3.164013021372487,5.6956330329362554,2.3621554384227315,6.210540539498722,0.8018575829497556,-0.5149075065624666
3,25.0,297.5773001971256,0.0,309.1989367572124,7350.0,220.5,7350.0,7605.5,470.0,0.0,35.0,7605.5,7135.5,1000.3720103220119,248.83715881598377,30.011160309660355,218.8259985063234,False,128.9250721779003,119.79597526939872,46.37785341415881,40.01488041288047,20.007440206440236,0.2047679613560227,17.854638011827536,15.45994683786062,15.45994683786062,34.12909690850157,13.0479775346171,30.0,30.0,0.0,False,89.79597526939872,0.0,0.0,0.0,0.0,64.79597526939872,0.0,False,25.0,202.7813249277269,0.0,288.11781738332786,25.0,25.0,0.0,0.0,0062,base,2.7604482166256767,6.530946292415281,1.872305344297832,7.469315914897646,0.8881428723278448,-0.938369622482365
4,25.0,202.7813249277269,0.0,288.11781738332786,7350.0,220.5,7350.0,7605.5,470.0,0.0,35.0,7605.5,7135.5,1010.716277732796,251.41023971586193,30.32148833198388,221.08875138387805,False,135.57293763874242,128.77075547838547,48.62899525476201,40.42865110931184,20.21432555465592,0.20688534821568538,12.166879495663613,14.405890869166393,14.405890869166393,31.80218216035695,13.182899111185938,30.0,30.0,0.0,False,98.77075547838547,0.0,0.0,0.0,0.0,70.08216181107467,0.0,False,28.688593667310798,102.69916311665223,0.0,269.49853433415683,28.688593667310798,28.688593667310798,0.0,0.0,0062,base,2.3622666499093046,7.651976534101875,1.3663290093980436,9.461197920432571,0.995937640511261,-1.8092213863306963
5,28.688593667310798,102.69916311665223,0.0,269.49853433415683,7350.0,220.5,7350.0,7605.5,470.0,0.0,35.0,7605.5,7135.5,1021.1675092201054,254.00992735465653,30.635025276603162,223.37490207805337,False,142.38281945881255,141.32441046352432,50.934506393586595,40.84670036880422,20.42335018440211,0.20902462974618885,6.161949786999133,13.474926716707841,13.474926716707841,29.747002662599005,13.319215833613628,30.0,30.0,0.0,False,111.32441046352432,0.0,0.0,0.0,0.0,72.69916311665223,0.0,False,38.62524734687209,0.0,0.0,253.07074750517143,38.62524734687209,38.62524734687209,2032.0794188372522,1787.152727396394,0062,base,1.9666315746647236,9.247413651930435,0.844240626307821,12.935352896205538,1.1223909483569026,-3.6879392442751033
1,51.0,682.5,0.0,520.0,12600.0,378.0,12600.0,13029.0,682.5,0.0,51.0,13029.0,12346.5,1680.0,359.02694182035685,50.4,308.6269418203569,False,164.45770636526765,165.22185048146451,60.41923545508922,67.2,33.6,0.0,40.949999999999996,26.0,26.0,50.235855883803126,18.801811724981167,30.0,30.0,0.0,False,135.22185048146451,0.0,0.0,0.0,0.0,103.2251341973327,0.0,False,31.99671628413182,549.2748658026674,0.0,488.565955841178,31.99671628413182,31.99671628413182,0.0,0.0,0063,downside,2.7005921447557837,6.74911746753283,2.80158391529012,5.362613021962015,-0.10099177053433639,1.3865044455708153
2,31.99671628413182,549.2748658026674,0.0,488.565955841178,12600.0,378.0,12600.0,13029.0,682.5,0.0,51.0,13029.0,12346.5,1663.2794063232425,355.45364205060264,49.89838218969727,305.5552598609054,False,169.82947040081757,154.6270925553918,62.04261753017161,66.5311762529297,33.26558812646485,-0.3344118735351529,32.95649194816004,24.4282977920589,24.4282977920589,47.19909412955757,18.61468228793337,30.0,30.0,0.0,False,124.62709255539181,0.0,0.0,0.0,0.0,96.60588071772226,0.0,False,28.021211837669554,422.6689850849451,0.0,459.98154399955376,28.021211837669554,28.021211837669554,0.0,0.0,0063,downside,2.3344402879618276,7.866757757026415,2.4043341132095186,6.194213547871169,-0.06989382524769105,1.6725442091552454
3,28.021211837669554,422.6689850849451,0.0,459.98154399955376,12600.0,378.0,12600.0,13029.0,682.5,0.0,51.0,13029.0,12346.5,1646.7252282732131,351.9159063841433,49.40175684819639,302.5141495359469,False,174.48003120142278,158.06361505145614,63.53873330771812,65.86900913092853,32.934504565464266,-0.33108356100058245,25.360139105096707,22.99907719997769,22.99907719997769,44.437627987636205,18.42941530045809,30.0,30.0,0.0,False,128.06361505145614,0.0,0.0,0.0,0.0,98.75290603425682,0.0,False,29.310709017199315,293.91607905068827,0.0,433.97333131237565,29.310709017199315,29.310709017199315,0.0,0.0,0063,downside,1.957101202745917,9.502968166772966,1.9850728218670293,7.277121783034691,-0.027971619121112345,2.2258463837382756
4,29.310709017199315,293.91607905068827,0.0,433.97333131237565,12600.0,378.0,12600.0,13029.0,682.5,0.0,51.0,13029.0,12346.5,1630.3358095593903,348.4133808609069,48.91007428678171,299.5033065741252,False,179.1516867277814,166.53735395801448,65.04241881636628,65.21343238237561,32.60671619118781,-0.3277883742764587,17.634964743041294,21.698666565618783,21.698666565618783,41.92504178696625,18.24599222608953,30.0,30.0,0.0,False,136.53735395801448,0.0,0.0,0.0,0.0,104.04701715354109,0.0,False,32.49033680447339,159.86906189714716,0.0,410.29428175149894,32.49033680447339,32.49033680447339,0.0,0.0,0063,downside,1.5664135044152707,12.138078282472204,1.5432042406511988,8.857900205725395,0.023209263764071952,3.280178076746809
5,32.49033680447339,159.86906189714716,0.0,410.29428175149894,12600.0,378.0,12600.0,13029.0,682.5,0.0,51.0,13029.0,12346.5,1614.1095103758723,344.94571504369225,48.42328531127617,296.5224297324161,False,183.99510982817088,176.8479766172273,66.60389298275308,64.56438041503489,32.282190207517445,-0.32452598367036245,9.592143713828829,20.514714087574948,20.514714087574948,39.63747001541695,18.06439471285041,30.0,30.0,0.0,False,146.8479766172273,0.0,0.0,0.0,0.0,110.48875233901343,0.0,False,36.35922427821386,19.38030955813373,0.0,388.7212064489324,36.35922427821386,36.35922427821386,2759.565720349538,2346.4299428154427,0063,downside,1.1601767579754476,17.106465840425585,1.0776834600823084,11.457380153023097,0.0824932978931392,5.649085687402488
1,55.0,610.0,0.0,470.0,10875.0,326.25,10875.0,11256.25,610.0,0.0,55.0,11256.25,10646.25,1450.0,408.83253807127915,43.5,365.33253807127915,False,214.42440355345934,215.68829537241032,76.30813451781978,58.0,29.0,0.0,36.6,23.5,23.5,53.73610818104902,13.448112775053454,30.0,30.0,0.0,False,185.68829537241032,0.0,0.0,0.0,0.0,127.02383889275646,0.0,False,58.664456479653865,452.97616110724357,0.0,429.71200459400444,58.664456479653865,58.664456479653865,0.0,0.0,0064,base,2.730471566965845,6.656153735504485,2.015553148262204,6.802538071069536,0.714918418703641,-0.1463843355650516
2,58.664456479653865,452.97616110724357,0.0,429.71200459400444,10875.0,326.25,10875.0,11256.25,610.0,0.0,55.0,11256.25,10646.25,1501.0257492127587,423.21942535241067,45.03077247638276,378.1886528760279,False,231.11258975853704,240.647150992321,82.38112074497326,60.04102996851035,30.020514984255176,1.0205149842551755,27.178569666434612,21.485600229700225,21.485600229700225,49.1298952458699,13.921354174946403,30.0,30.0,0.0,False,210.647150992321,0.0,0.0,0.0,0.0,141.72268775582108,0.0,False,68.92446323649992,281.2534733514225,0.0,394.503463523081,68.92446323649992,68.92446323649992,0.0,0.0,0064,base,2.238713681018627,8.160069553330654,1.4338483474209627,8.69673573505309,0.8048653335976643,-0.5366661817224365
3,68.92446323649992,281.2534733514225,0.0,394.503463523081,10875.0,326.25,10875.0,11256.25,610.0,0.0,55.0,11256.25,10646.25,1553.8471033101541,438.11258966965204,46.615413099304625,391.4971765703474,False,249.5776981297816,273.3977341456968,88.724198748277,62.15388413240617,31.076942066203085,1.0564270819479091,16.87520840108535,19.72517317615405,19.72517317615405,45.10442722058469,14.411249021037992,30.0,30.0,0.0,False,243.3977341456968,0.0,0.0,0.0,0.0,161.01026565120637,0.0,False,82.38746849449043,90.24320770021612,0.0,363.8102853235343,82.38746849449043,82.38746849449043,0.0,0.0,0064,base,1.7628347680074818,10.478634677265104,0.8483344996077504,11.970164538997597,0.9145002683997314,-1.4915298617324932
4,82.38746849449043,90.24320770021612,0.0,363.8102853235343,10875.0,326.25,10875.0,11256.25,610.0,0.0,55.0,11256.25,10646.25,1608.5272499366888,453.5298469989181,48.25581749810066,405.27402950081745,False,269.0728166475732,309.865074823928,95.41723069315694,64.34108999746755,32.170544998733774,1.0936029325306897,5.414592462012967,18.190514266176717,18.190514266176717,41.595210318135635,14.918383350962198,30.0,30.0,0.0,False,279.865074823928,0.0,0.0,0.0,0.0,60.24320770021612,0.0,False,219.6218671237119,0.0,0.0,337.13345835636085,219.6218671237119,219.6218671237119,0.0,0.0,0064,base,1.2991063880987652,14.55216459039365,0.2591044272173983,19.213208913701028,1.0400019608813669,-4.661044323307378
5,219.6218671237119,0.0,0.0,337.13345835636085,10875.0,326.25,10875.0,11256.25,610.0,0.0,55.0,11256.25,10646.25,1665.1316003209356,469.48964026337853,49.953948009628064,419.5356922537505,False,284.22586149105496,465.30253714734437,100.6697548339831,66.60526401283742,33.30263200641871,1.1320870076849374,0.0,16.85667291781804,16.85667291781804,38.54519146742253,15.443363825118054,0.0,0.0,0.0,False,465.30253714734437,0.0,0.0,0.0,0.0,0.0,0.0,False,465.30253714734437,0.0,0.0,314.0316307140564,465.30253714734437,465.30253714734437,3755.9171221070283,3850.849271708711,0064,base,0.8443016976625802,23.664729866999824,-0.32220286340807575,27.85185680189078,1.166504561070656,-4.187126934890955
1,21.0,564.0,0.0,396.00000000000006,7350.0,220.5,7350.0,7591.5,564.0,0.0,21.0,7591.5,7027.5,980.0,143.66001140918158,29.4,114.26001140918157,False,35.66500855688618,7.4410151754142575,15.155002852295391,39.2,19.6,0.0,33.839999999999996,19.800000000000004,19.800000000000004,49.22399338147192,9.256480663793843,30.0,30.0,0.0,False,0.0,22.558984824585743,25.0,47.55898482458574,0.0,0.0,0.0,False,25.0,534.0,47.55898482458574,356.032487282322,25.0,25.0,0.0,0.0,0065,distressed,4.566241884019017,3.9119927011956155,6.352439089731148,2.678225417769977,-1.7861972057121314,1.2337672834256384
2,25.0,534.0,47.55898482458574,356.032487282322,7350.0,220.5,7350.0,7591.5,564.0,0.0,21.0,7591.5,7027.5,923.3176234747581,135.3508370639614,27.69952870424274,107.65130835971866,False,33.11757997535281,13.861668870367964,13.73903622653185,36.93270493899033,18.466352469495163,-1.1336475305048381,34.89353908947515,17.8016243641161,17.8016243641161,44.25591110498485,8.721093600238962,30.0,30.0,0.0,False,0.0,16.138331129632036,25.0,41.138331129632036,0.0,0.0,0.0,False,25.0,504.0,88.69731595421777,320.4976697775761,25.0,25.0,0.0,0.0,0065,distressed,4.51486106297079,3.9272604962801703,6.562168398796591,2.568562809054861,-2.047307335825801,1.3586976872253094
3,25.0,504.0,88.69731595421777,320.4976697775761,7350.0,220.5,7350.0,7591.5,564.0,0.0,21.0,7591.5,7027.5,869.9137079786481,127.5222583808327,26.09741123935944,101.42484714147325,False,29.74753475164176,14.908708549852427,12.459531173835343,34.79654831914592,17.39827415957296,-1.0680783099222033,35.561838957253066,16.024883488878807,16.024883488878807,39.83882620178933,8.216672874564857,30.0,26.211392595634656,3.7886074043653437,True,0.0,11.302684045782229,0.0,11.302684045782229,0.0,0.0,25.0,True,0.0,477.78860740436534,100.0,288.8755164503516,0.0,0.0,0.0,0.0,0065,distressed,4.480356673322332,3.9284339297270194,6.796179230660343,2.471997683396044,-2.315822557338011,1.4564362463309752
4,0.0,477.78860740436534,100.0,288.8755164503516,7350.0,220.5,7350.0,7591.5,564.0,0.0,21.0,7591.5,7027.5,819.5986300805714,120.1464781105352,24.587958902417142,95.55851920811806,False,27.645885463159743,-8.262211783863961,11.611856735334639,32.783945203222856,16.391972601611428,-1.0063015579615318,34.66731644426192,14.44377582251758,14.44377582251758,35.908097247023704,7.74142741980891,30.0,0.0,30.0,True,-8.262211783863961,0.0,0.0,0.0,0.0,0.0,33.26221178386396,True,-8.262211783863961,477.78860740436534,100.0,260.7088466231368,-8.262211783863961,-8.262211783863961,0.0,0.0,0065,distressed,4.463251358132515,3.9148275101159027,7.047727733078819,2.4464224387004028,-2.584476374946304,1.4684050714155
5,-8.262211783863961,477.78860740436534,100.0,260.7088466231368,7350.0,220.5,7350.0,7591.5,564.0,0.0,21.0,7591.5,7027.5,772.1937340093475,113.19730677334836,23.165812020280423,90.03149475306793,False,24.97271256456787,-15.69639452401443,10.582183994412292,30.887749360373903,15.443874680186951,-0.9480979214244769,34.66731644426192,13.035442331156842,13.035442331156842,32.40689530471834,7.293669762816624,30.0,0.0,30.0,True,-15.69639452401443,0.0,0.0,0.0,0.0,0.0,40.69639452401443,True,-15.69639452401443,477.78860740436534,100.0,235.59562108123512,-15.69639452401443,-15.69639452401443,905.5784541867869,62.91415436437017,0065,distressed,4.464250494338554,3.885934348137969,7.324208027931784,2.37297191355899,-2.8599575335932297,1.512962434578979
1,60.0,650.0,0.0,500.0,12600.0,378.0,12600.0,13038.0,650.0,0.0,60.0,13038.0,12388.0,1680.0,425.5636639401312,50.4,375.16366394013124,False,216.5727479550984,224.74009091891224,77.79091598503281,67.2,33.6,0.0,39.0,25.0,25.0,51.832657036186156,11.997306382879314,30.0,30.0,0.0,False,194.74009091891224,0.0,0.0,0.0,0.0,144.60035455343885,0.0,False,50.1397363654734,475.3996454465612,0.0,460.1646493466931,50.1397363654734,50.1397363654734,0.0,0.0,0066,base,2.34480604876029,7.790797614610097,2.08059247876093,6.64943224906455,0.2642135699993604,1.1413653655455462
2,50.1397363654734,475.3996454465612,0.0,460.1646493466931,12600.0,378.0,12600.0,13038.0,650.0,0.0,60.0,13038.0,12388.0,1783.2141715403438,451.70902168492523,53.49642514621031,398.21259653871493,False,240.1138638622296,242.55048732817502,86.67009633614666,71.32856686161375,35.664283430806876,2.0642834308068743,28.52397872679367,23.008232467334658,23.008232467334658,47.703112899528016,12.734384977536795,30.0,30.0,0.0,False,212.55048732817502,0.0,0.0,0.0,0.0,156.05976806967664,0.0,False,56.49071925849839,289.33987737688454,0.0,425.1959214247019,56.49071925849839,56.49071925849839,0.0,0.0,0066,base,1.7962161494070656,10.306781017603983,1.4567897649874386,8.765566452859563,0.339426384419627,1.5412145647444202
3,56.49071925849839,289.33987737688454,0.0,425.1959214247019,12600.0,378.0,12600.0,13038.0,650.0,0.0,60.0,13038.0,12388.0,1892.769512846616,479.4606719530852,56.78308538539848,422.6775865676867,False,266.92424643578727,279.33689695750223,96.01434946345964,75.71078051386463,37.85539025693232,2.1911068261254414,17.36039264261307,21.259796071235098,21.259796071235098,44.078068736783464,13.516747474877425,30.0,30.0,0.0,False,249.33689695750223,0.0,0.0,0.0,0.0,179.72856633971026,0.0,False,69.60833061779198,79.61131103717429,0.0,394.6346001627959,69.60833061779198,69.60833061779198,0.0,0.0,0066,base,1.2726500344931602,14.966326360997648,0.8439432142241933,12.41476771399523,0.4287068202689669,2.551558647002418
4,69.60833061779198,79.61131103717429,0.0,394.6346001627959,12600.0,378.0,12600.0,13038.0,650.0,0.0,60.0,13038.0,12388.0,2009.0556064092848,508.9173005494032,60.27166819227854,448.64563235712467,False,295.6866398297196,324.3850506778102,106.03430592168861,80.36222425637139,40.181112128185696,2.3257218712533785,4.776678662230458,19.731730008139795,19.731730008139795,40.909919769701304,14.347175982341417,30.0,30.0,0.0,False,294.3850506778102,0.0,0.0,0.0,0.0,49.61131103717429,0.0,False,244.77373964063594,0.0,0.0,368.071856375436,244.77373964063594,244.77373964063594,0.0,0.0,0066,base,0.7701753896365794,26.624863265412273,0.2422753492594833,20.76500793642572,0.5279000403770961,5.859855328986551
5,244.77373964063594,0.0,0.0,368.071856375436,12600.0,378.0,12600.0,13038.0,650.0,0.0,60.0,13038.0,12388.0,2132.485969500962,540.1836562391383,63.97457908502885,476.2090771541094,False,319.56064629466005,526.1781013429354,114.4513710838344,85.29943878003847,42.649719390019236,2.46860726183354,0.0,18.403592818771802,18.403592818771802,38.15628459236069,15.2286235317229,0.0,0.0,0.0,False,526.1781013429354,0.0,0.0,0.0,0.0,0.0,0.0,False,526.1781013429354,0.0,0.0,345.14419531479825,526.1781013429354,526.1781013429354,4321.469249913106,4437.681117192547,0066,base,0.5561840148210407,38.63288883318964,-0.3351339936652837,29.35207606246031,0.8913180084863244,9.28081277072933
1,35.0,470.0,0.0,360.0,7350.0,220.5,7350.0,7605.5,470.0,0.0,35.0,7605.5,7135.5,980.0,224.13672365911694,29.4,194.73672365911693,False,101.6025427443377,94.61072926956484,37.134180914779236,39.2,19.6,0.0,28.2,18.0,18.0,41.991813474772876,5.907012734335447,30.0,30.0,0.0,False,64.61072926956484,0.0,0.0,0.0,0.0,39.61072926956484,0.0,False,25.0,400.38927073043516,0.0,323.9151992595626,25.0,25.0,0.0,0.0,0067,base,3.6354418873208783,4.9463296427697045,3.119990595800578,4.851444235045821,0.5154512915203004,0.09488540772388365
2,25.0,400.38927073043516,0.0,323.9151992595626,7350.0,220.5,7350.0,7605.5,470.0,0.0,35.0,7605.5,7135.5,989.3750202782259,226.28089338299378,29.681250608346776,196.599642774647,False,107.20414431753528,94.42140368155906,39.09513164196069,39.57500081112904,19.78750040556452,0.18750040556451708,24.023356243826107,16.19575996297813,16.19575996297813,37.782740635976225,5.963521269200889,30.0,30.0,0.0,False,64.42140368155906,0.0,0.0,0.0,0.0,39.421403681559056,0.0,False,25.0,330.9678670488761,0.0,292.0959798927873,25.0,25.0,0.0,0.0,0067,base,3.2897123181814214,5.438233388997601,2.6430152276684047,5.626202530644166,0.6466970905130167,-0.18796914164656542
3,25.0,330.9678670488761,0.0,292.0959798927873,7350.0,220.5,7350.0,7605.5,470.0,0.0,35.0,7605.5,7135.5,998.8397252556529,228.4455749789536,29.965191757669587,198.480383221284,False,112.835442800679,103.76422084404308,41.00437805092802,39.95358901022612,19.97679450511306,0.18929409954854037,19.858072022932564,14.604798994639365,14.604798994639365,34.071221956635924,6.020570384331899,30.0,30.0,0.0,False,73.76422084404308,0.0,0.0,0.0,0.0,44.28073340691665,0.0,False,29.483487437126428,256.68713364195946,0.0,264.04532832048324,29.483487437126428,29.483487437126428,0.0,0.0,0067,base,2.959065049641186,6.0192153026658595,2.1503982932064867,6.628744739881764,0.8086667564346994,-0.6095294372159046
4,29.483487437126428,256.68713364195946,0.0,264.04532832048324,7350.0,220.5,7350.0,7605.5,470.0,0.0,35.0,7605.5,7135.5,1008.3949728872542,230.63096467068695,30.251849186617626,200.37911548406933,False,118.55666110564113,117.24086472132618,42.9439052623819,40.335798915490166,20.167899457745083,0.1911049526320241,15.401228018517568,13.202266416024163,13.202266416024163,30.799283821441378,6.078165251106999,30.0,30.0,0.0,False,87.24086472132618,0.0,0.0,0.0,0.0,50.03180704189193,0.0,False,37.209057679434245,176.65532660006753,0.0,239.32420975014887,37.209057679434245,37.209057679434245,0.0,0.0,0067,base,2.6401498868703066,6.721959489254263,1.6423227436594234,8.063034577767386,0.9978271432108832,-1.341075088513123
5,37.209057679434245,176.65532660006753,0.0,239.32420975014887,7350.0,220.5,7350.0,7605.5,470.0,0.0,35.0,7605.5,7135.5,1018.0416293354981,232.83726055902824,30.54124888006494,202.29601167896328,False,124.42451177426898,133.7178539652986,44.932620398862944,40.72166517341992,20.36083258670996,0.1929331289648779,10.599319596004051,11.966210487507444,11.966210487507444,27.91571548840464,6.136311090375912,30.0,30.0,0.0,False,103.71785396529859,0.0,0.0,0.0,0.0,57.06325932983981,0.0,False,46.65459463545878,89.59206727022772,0.0,217.54480535212016,46.65459463545878,46.65459463545878,1862.698084472226,1574.2753352182533,0067,base,2.3299594168572164,7.5967740366432865,1.1187310714852376,10.318271261403298,1.2112283453719788,-2.7214972247600118
1,27.0,624.0,0.0,429.00000000000006,9000.0,270.0,9000.0,9297.0,624.0,0.0,27.0,9297.0,8673.0,1200.0,213.48443956732046,36.0,177.48443956732046,False,76.94582967549034,63.20156950190579,29.648609891830116,48.0,24.0,0.0,37.44,21.450000000000003,21.450000000000003,40.74426017358456,1.3276961837700558,30.0,30.0,0.0,False,33.20156950190579,0.0,0.0,0.0,0.0,8.201569501905787,0.0,False,25.0,585.7984304980943,0.0,389.58343601018555,25.0,25.0,0.0,0.0,0068,distressed,3.685641907227717,4.863954652386182,4.451761769778003,3.6251390655004325,-0.7661198625502865,1.2388155868857496
2,25.0,585.7984304980943,0.0,389.58343601018555,9000.0,270.0,9000.0,9297.0,624.0,0.0,27.0,9297.0,8673.0,1205.4653870310676,214.4567521401088,36.16396161093203,178.29279052917676,False,80.58532306315435,68.58464969224985,30.91642822469546,48.21861548124271,24.109307740621354,0.10930774062135384,35.14790582988565,19.479171800509278,19.479171800509278,37.000673370904494,1.3337431616900348,30.0,30.0,0.0,False,38.584649692249855,0.0,0.0,0.0,0.0,13.584649692249855,0.0,False,25.0,542.2137808058444,0.0,353.9165058009711,25.0,25.0,0.0,0.0,0068,distressed,3.366471836066327,5.311192385541681,4.062032451361984,3.925832415768538,-0.6955606152956566,1.3853599697731434
3,25.0,542.2137808058444,0.0,353.9165058009711,9000.0,270.0,9000.0,9297.0,624.0,0.0,27.0,9297.0,8673.0,1210.9556661083016,215.43349310000167,36.32866998324904,179.10482311675264,False,84.43776599113734,75.82455808418929,32.21904274458835,48.43822664433206,24.21911332216603,0.10980558154467701,32.532826848350666,17.695825290048557,17.695825290048557,33.61320790694805,1.3398176805055984,30.0,30.0,0.0,False,45.82455808418929,0.0,0.0,0.0,0.0,20.82455808418929,0.0,False,25.0,491.38922272165513,0.0,321.6431155745286,25.0,25.0,0.0,0.0,0068,distressed,3.0518989745158507,5.847682063120565,3.6578914771176665,4.289055826272217,-0.6059925026018158,1.5586262368483474
4,25.0,491.38922272165513,0.0,321.6431155745286,9000.0,270.0,9000.0,9297.0,624.0,0.0,27.0,9297.0,8673.0,1216.4709506022568,216.41468261604032,36.494128518067704,179.92055409797263,False,88.49126852105846,82.94322473548522,33.58876123898672,48.65883802409027,24.329419012045136,0.11030568987910527,29.483353363299308,16.08215577872643,16.08215577872643,30.54804378557324,1.345919865651457,30.0,30.0,0.0,False,52.94322473548522,0.0,0.0,0.0,0.0,27.943224735485217,0.0,False,25.0,433.4459979861699,0.0,292.4409916546069,25.0,25.0,0.0,0.0,0068,distressed,2.7399213664725757,6.507316030296061,3.2386295660183095,4.749528463327054,-0.49870819954573387,1.7577875669690073
5,25.0,433.4459979861699,0.0,292.4409916546069,9000.0,270.0,9000.0,9297.0,624.0,0.0,27.0,9297.0,8673.0,1222.0113543998336,217.4003409491256,36.660340631995005,180.74000031713058,False,92.75247152147264,89.97789844595663,35.02779771380751,48.88045417599335,24.440227087996675,0.11080807595153885,26.006759879170193,14.622049582730344,14.622049582730344,27.774573075516017,1.3520498431336136,30.0,30.0,0.0,False,59.977898445956626,0.0,0.0,0.0,0.0,34.977898445956626,0.0,False,25.0,368.4680995402133,0.0,266.0184684222245,25.0,25.0,1739.2027275930047,1103.6281187166717,0068,distressed,2.4286469754956066,7.343108869446035,2.8035216748122087,5.3508912475762225,-0.3748746993166021,1.9922176218698127
1,33.0,732.0,0.0,517.0,10875.0,326.25,10875.0,11234.25,732.0,0.0,33.0,11234.25,10502.25,1450.0,259.11164387244577,43.5,215.61164387244577,False,94.88123290433433,73.77676822121774,36.46041096811144,58.0,29.0,0.0,43.92,25.85,25.85,54.10446468311658,6.259831164474172,30.0,30.0,0.0,False,43.776768221217736,0.0,0.0,0.0,0.0,18.776768221217736,0.0,False,25.0,683.2232317787823,0.0,469.15536648135753,25.0,25.0,0.0,0.0,0069,distressed,3.3174169938764644,5.427957478915468,4.3509376167406835,3.71379738960077,-1.033520622864219,1.7141600893146984
2,25.0,683.2232317787823,0.0,469.15536648135753,10875.0,326.25,10875.0,11234.25,732.0,0.0,33.0,11234.25,10502.25,1490.0380530327618,266.26635127849477,44.70114159098285,221.56520968751192,False,102.13439400155497,78.03690859210579,39.27851186417928,59.601522121310474,29.800761060655237,0.8007610606552369,40.993393906726936,23.457768324067878,23.457768324067878,49.09748540944918,6.432680441811656,30.0,30.0,0.0,False,48.03690859210579,0.0,0.0,0.0,0.0,23.03690859210579,0.0,False,25.0,630.1863231866765,0.0,426.49056151372,25.0,25.0,0.0,0.0,0069,distressed,2.897631493244521,6.20809327318434,3.8746048073544954,4.131288592205906,-0.9769733141099746,2.0768046809784337
3,25.0,630.1863231866765,0.0,426.49056151372,10875.0,326.25,10875.0,11234.25,732.0,0.0,33.0,11234.25,10502.25,1531.1816548176992,273.6186176876868,45.935449644530976,227.68316804315583,False,110.27590684832617,90.64332749996713,42.13686514406731,61.24726619270797,30.623633096353984,0.8228720356987473,37.81117939120059,21.324528075686004,21.324528075686004,44.632579348359045,6.6103025112406675,30.0,30.0,0.0,False,60.64332749996713,0.0,0.0,0.0,0.0,35.64332749996713,0.0,False,25.0,564.5429956867094,0.0,388.4682846766016,25.0,25.0,0.0,0.0,0069,distressed,2.4916493646620497,7.224939567227716,3.3916233047509934,4.626961093530525,-0.8999739400889437,2.597978473697191
4,25.0,564.5429956867094,0.0,388.4682846766016,10875.0,326.25,10875.0,11234.25,732.0,0.0,33.0,11234.25,10502.25,1573.46133226486,281.17389818819066,47.2038399679458,233.97005822024488,False,118.92534131231736,103.271823732441,45.16851606130306,62.9384532905944,31.4692266452972,0.8455935489432171,33.872579741202564,19.423414233830083,19.423414233830083,40.65351757987635,6.792829161245945,30.0,30.0,0.0,False,73.271823732441,0.0,0.0,0.0,0.0,48.27182373244101,0.0,False,25.0,486.2711719542684,0.0,354.60759625797124,25.0,25.0,0.0,0.0,0069,distressed,2.0963429825406688,8.615187358346315,2.901687437808218,5.275704179941011,-0.8053444552675493,3.3394831784053043
5,25.0,486.2711719542684,0.0,354.60759625797124,10875.0,326.25,10875.0,11234.25,732.0,0.0,33.0,11234.25,10502.25,1616.908455207081,288.9377984965266,48.50725365621243,240.4305448403142,False,128.1048940217044,115.99492464432672,48.380973677539885,64.67633820828324,32.33816910414162,0.868942458844419,29.176270317256105,17.730379812898562,17.730379812898562,37.109969377377695,6.980395819315225,30.0,30.0,0.0,False,85.99492464432672,0.0,0.0,0.0,0.0,60.994924644326716,0.0,False,25.0,395.2762473099417,0.0,324.47802269990876,25.0,25.0,2311.502387972213,1582.0755821427795,0069,distressed,1.7089421971718404,10.644599209533492,2.4045115371715626,6.159847221977987,-0.6955693399997223,4.484751987555505
1,30.0,390.0,0.0,300.0,5700.0,171.0,5700.0,5901.0,390.0,0.0,30.0,5901.0,5511.0,760.0,150.69127009232008,22.8,127.89127009232008,False,59.518452569240054,49.4845168905319,22.372817523080023,30.400000000000002,15.200000000000001,0.0,23.4,15.0,15.0,40.033935678708154,11.403783321286232,30.0,30.0,0.0,False,19.4845168905319,0.0,5.5154831094681,5.5154831094681,0.0,0.0,0.0,False,25.0,360.0,5.5154831094681,271.3698476425781,25.0,25.0,0.0,0.0,0070,base,4.014932356753649,4.464991104895644,4.060522752095582,3.9242518253208356,-0.04559039534193321,0.540739279574808
2,25.0,360.0,5.5154831094681,271.3698476425781,5700.0,171.0,5700.0,5901.0,390.0,0.0,30.0,5901.0,5511.0,778.980143974598,154.45461483188228,23.36940431923794,131.08521051264435,False,63.51993753872255,52.30659411984321,23.896447285986838,31.159205758983923,15.579602879491961,0.37960287949196037,21.930928986568084,13.568492382128907,13.568492382128907,36.21334341887935,11.688579965092986,30.0,30.0,0.0,False,22.30659411984321,0.0,2.6934058801567886,2.6934058801567886,0.0,0.0,0.0,False,25.0,330.0,8.208888989624889,246.84508418879176,25.0,25.0,0.0,0.0,0070,base,3.533859396741342,5.043569955324639,3.6260099692586922,4.3509051380786365,-0.09215057251735015,0.6926648172460022
3,25.0,330.0,8.208888989624889,246.84508418879176,5700.0,171.0,5700.0,5901.0,390.0,0.0,30.0,5901.0,5511.0,798.4342956666915,158.31194486747466,23.953028870000743,134.35891599747393,False,67.91967034598385,59.97906960258588,25.431032112164214,31.93737182666766,15.96868591333383,0.38908303384186915,20.292533339377492,12.342254209439588,12.342254209439588,32.940600743397965,11.980489084298338,30.0,30.0,0.0,False,29.97906960258588,0.0,0.0,0.0,4.979069602585881,0.0,0.0,False,25.0,300.0,3.229819387039008,225.8849725296921,25.0,25.0,0.0,0.0,0070,base,3.0827862598185147,5.754133229710931,3.1843130493958194,4.851018093213021,-0.10152678957730465,0.9031151364979095
4,25.0,300.0,3.229819387039008,225.8849725296921,5700.0,171.0,5700.0,5901.0,390.0,0.0,30.0,5901.0,5511.0,818.3742928851265,162.2656073760053,24.551228786553793,137.7143785894515,False,72.58721272658846,67.44366452312029,27.056585199936144,32.73497171540506,16.36748585770253,0.39879994436869914,18.19378916322234,11.294248626484606,11.294248626484606,30.143548203468175,12.279688304964235,30.0,30.0,0.0,False,37.44366452312029,0.0,0.0,0.0,3.229819387039008,9.213845136081282,0.0,False,25.0,260.78615486391874,0.0,208.02111263118815,25.0,25.0,0.0,0.0,0070,base,2.655461403715065,6.656652577583669,2.7350667505696835,5.50276042553925,-0.07960534685461873,1.1538921520444188
5,25.0,260.78615486391874,0.0,208.02111263118815,5700.0,171.0,5700.0,5901.0,390.0,0.0,30.0,5901.0,5511.0,838.8122690746917,166.31800815248187,25.16436807224075,141.1536400802411,False,77.5321791530967,74.77249967679573,28.77635378921164,33.55249076298767,16.776245381493833,0.40875952379130354,15.647169291835123,10.401055631559409,10.401055631559409,27.75967947630097,12.586359689163459,30.0,30.0,0.0,False,44.77249967679573,0.0,0.0,0.0,0.0,19.772499676795732,0.0,False,25.0,211.013655187123,0.0,192.84779284405064,25.0,25.0,1330.544065219855,931.7244562103834,0070,base,2.2465414993478983,7.853053620216072,2.2779340147209433,6.3850035325481125,-0.031392515373044994,1.4680500876679599
1,45.0,520.0,0.0,390.0,9000.0,270.0,9000.0,9315.0,520.0,0.0,45.0,9315.0,8795.0,1200.0,303.0944867429758,36.0,267.0944867429758,False,150.29586505723185,155.85787811451863,54.09862168574395,48.0,24.0,0.0,31.2,19.5,19.5,39.437986942713216,16.80882361075284,30.0,30.0,0.0,False,125.85787811451863,0.0,0.0,0.0,0.0,79.67361513951771,0.0,False,46.18426297500092,410.3263848604823,0.0,367.3708366680396,46.18426297500092,46.18426297500092,0.0,0.0,0071,base,2.9277231822362317,6.171749288713957,2.4134815727408596,5.978195004792422,0.5142416094953721,0.19355428392153495
2,46.18426297500092,410.3263848604823,0.0,367.3708366680396,9000.0,270.0,9000.0,9315.0,520.0,0.0,45.0,9315.0,8795.0,1279.0951396037062,323.0722373613503,38.372854188111184,284.6993831732391,False,166.91058949804494,175.94519539702594,60.427814562052035,51.16380558414825,25.581902792074125,1.5819027920741249,24.619583091628936,18.36854183340198,18.36854183340198,37.149657076019935,17.91673715247498,30.0,30.0,0.0,False,145.94519539702594,0.0,0.0,0.0,0.0,89.94213159638834,0.0,False,56.003063800637605,290.38425326409396,0.0,348.13791674449465,56.003063800637605,56.003063800637605,0.0,0.0,0071,base,2.4296906118953867,7.451915510858149,1.8030614792703903,7.51538332794863,0.6266291326249964,-0.06346781709048077
3,56.003063800637605,290.38425326409396,0.0,348.13791674449465,9000.0,270.0,9000.0,9315.0,520.0,0.0,45.0,9315.0,8795.0,1363.4036467981873,344.36677379149836,40.902109403945616,303.4646643875527,False,186.1558284039903,206.95412652556956,67.15867833862059,54.536145871927495,27.268072935963747,1.6861701438896226,17.423055195845638,17.406895837224734,17.406895837224734,35.20476567905836,19.09767617440658,30.0,30.0,0.0,False,176.95412652556956,0.0,0.0,0.0,0.0,105.79371173151692,0.0,False,71.16041479405264,154.59054153257705,0.0,332.03082723984284,71.16041479405264,71.16041479405264,0.0,0.0,0071,base,1.961995949822453,9.280767740467045,1.2064490119186522,9.887087508808976,0.7555469379038009,-0.6063197683419315
4,71.16041479405264,154.59054153257705,0.0,332.03082723984284,9000.0,270.0,9000.0,9315.0,520.0,0.0,45.0,9315.0,8795.0,1453.2691482812747,367.0648888314288,43.59807444843824,323.46681438299055,False,206.86237888430833,244.44682591101946,74.39746013226095,58.13076593125099,29.065382965625496,1.7973100296617481,9.275432491954623,16.601541361992144,16.601541361992144,33.57596776734151,20.356453977007465,30.0,30.0,0.0,False,214.44682591101946,0.0,0.0,0.0,0.0,124.59054153257705,0.0,False,89.85628437844241,0.0,0.0,318.81131344950876,89.85628437844241,89.85628437844241,0.0,0.0,0071,base,1.5200478468727956,12.122737984346248,0.6237453813682841,14.185000568582478,0.8963024655045115,-2.0622625842362297
5,89.85628437844241,0.0,0.0,318.81131344950876,9000.0,270.0,9000.0,9315.0,520.0,0.0,45.0,9315.0,8795.0,1549.057920085497,391.2590960195461,46.47173760256491,344.7873584169812,False,229.2287399214399,286.84585399985417,82.21169818612644,61.96231680341988,30.98115840170994,1.915775436084445,0.0,15.940565672475438,15.940565672475438,32.23917030002815,21.69820111796399,0.0,0.0,0.0,False,286.84585399985417,0.0,0.0,0.0,0.0,0.0,0.0,False,286.84585399985417,0.0,0.0,308.2703442674446,286.84585399985417,286.84585399985417,3130.072768156369,3061.697186366433,0071,base,1.099974612893488,17.170696678631643,0.05475780751310671,24.544868987625257,1.0452168053803812,-7.374172308993614
1,55.0,610.0,0.0,470.0,10875.0,326.25,10875.0,11256.25,610.0,0.0,55.0,11256.25,10646.25,1450.0,320.66646435512666,43.5,277.16646435512666,False,148.29984826634498,155.68186492735936,54.26661608878167,58.0,29.0,0.0,36.6,23.5,23.5,47.617983338985624,14.173295381453723,30.0,30.0,0.0,False,125.68186492735936,0.0,0.0,0.0,0.0,99.35645001259357,0.0,False,26.325414914765787,480.64354998740646,0.0,436.55531204246813,26.325414914765787,26.325414914765787,0.0,0.0,0072,base,2.612589964365649,6.974992845595332,2.778193375807762,5.3355484917658345,-0.1656034114421132,1.6394443538294974
2,26.325414914765787,480.64354998740646,0.0,436.55531204246813,10875.0,326.25,10875.0,11256.25,610.0,0.0,55.0,11256.25,10646.25,1561.8162305548954,345.3945438789584,46.854486916646856,298.54005696231155,False,168.05077185406094,150.14664724673327,61.96841959023594,62.47264922219581,31.236324611097906,2.2363246110979063,28.838612999244386,21.827765602123407,21.827765602123407,44.22953952209345,15.26626397738149,30.0,30.0,0.0,False,120.14664724673327,0.0,0.0,0.0,0.0,95.14664724673327,0.0,False,25.0,355.4969027406732,0.0,407.59203649775617,25.0,25.0,0.0,0.0,0072,base,2.0258657751360345,9.083867613841653,2.136944408412799,6.817036334813834,-0.11107863327676437,2.2668312790278184
3,25.0,355.4969027406732,0.0,407.59203649775617,10875.0,326.25,10875.0,11256.25,610.0,0.0,55.0,11256.25,10646.25,1682.2551296722083,372.02952039673255,50.46765389016625,321.5618665065663,False,190.65800860886026,174.36287924066158,69.96311262930952,67.29020518688833,33.645102593444165,2.4087779823462583,21.32981416444039,20.37960182488781,20.37960182488781,41.295129368198666,16.44351645504134,30.0,30.0,0.0,False,144.36287924066158,0.0,0.0,0.0,0.0,111.27870740378167,0.0,False,33.08417183687992,214.21819533689154,0.0,382.74042358459883,33.08417183687992,33.08417183687992,0.0,0.0,0072,base,1.4759576673659467,12.729169858788083,1.5156712469572153,8.919557168863747,-0.039713579591268644,3.809612689924336
4,33.08417183687992,214.21819533689154,0.0,382.74042358459883,10875.0,326.25,10875.0,11256.25,610.0,0.0,55.0,11256.25,10646.25,1811.9816313491622,400.71844358701406,54.35944894047486,346.3589946465392,False,215.0623149632911,209.3691950695163,78.59222043677394,72.47926525396649,36.239632626983244,2.5945300335390797,12.853091720213492,19.137021179229944,19.137021179229944,38.77729173065474,17.711552335779352,30.0,30.0,0.0,False,179.3691950695163,0.0,0.0,0.0,0.0,133.61980198404981,0.0,False,45.749393085466494,50.598393352841725,0.0,361.67468418972345,45.749393085466494,45.749393085466494,0.0,0.0,0072,base,0.9576032177443589,20.595598593206155,0.9146663706720796,12.526321643397068,0.042936847072279294,8.069276949809087
5,45.749393085466494,50.598393352841725,0.0,361.67468418972345,10875.0,326.25,10875.0,11256.25,610.0,0.0,55.0,11256.25,10646.25,1951.7119457299714,431.6197028116516,58.55135837189914,373.0683444397525,False,241.64980422690593,250.75617798071465,87.98717665727395,78.06847782919886,39.03423891459943,2.7946062876161832,3.0359036011705034,18.083734209486174,18.083734209486174,36.64301933165774,19.077372349201838,30.0,30.0,0.0,False,220.75617798071465,0.0,0.0,0.0,0.0,20.598393352841725,0.0,False,200.15778462787293,0.0,0.0,344.10903720726753,200.15778462787293,200.15778462787293,3452.957622493213,3257.21200557642,0072,base,0.5875844028521252,36.520524057088195,0.3335140903940881,20.436889433485565,0.25407031245803713,16.08363462360263
1,45.0,520.0,0.0,390.0,9000.0,270.0,9000.0,9315.0,520.0,0.0,45.0,9315.0,8795.0,1200.0,241.413069697801,36.0,205.413069697801,False,104.03480227335075,104.37069986584251,38.678267424450254,48.0,24.0,0.0,31.2,19.5,19.5,44.66410240750824,6.3632673401501485,30.0,30.0,0.0,False,74.37069986584251,0.0,0.0,0.0,0.0,49.37069986584251,0.0,False,25.0,440.62930013415746,0.0,351.6991649326419,25.0,25.0,0.0,0.0,0073,base,3.031463277158331,5.953240888119784,3.1784876685729366,4.761599007846174,-0.14702439141460566,1.1916418802736102
2,25.0,440.62930013415746,0.0,351.6991649326419,9000.0,270.0,9000.0,9315.0,520.0,0.0,45.0,9315.0,8795.0,1218.6350170826797,245.16201692930156,36.55905051248039,208.60296641682118,False,110.87613710912433,95.59837423941497,41.14506254053491,48.74540068330719,24.372700341653594,0.37270034165359434,26.437758008049446,17.584958246632095,17.584958246632095,40.277762869709356,6.462083669804612,30.0,30.0,0.0,False,65.59837423941497,0.0,0.0,0.0,0.0,40.598374239414966,0.0,False,25.0,370.0309258947425,0.0,317.88348573273714,25.0,25.0,0.0,0.0,0073,base,2.6141550539550535,6.904325806995369,2.7039849807511054,5.568988871812972,-0.08982992679605184,1.3353369351823972
3,25.0,370.0309258947425,0.0,317.88348573273714,9000.0,270.0,9000.0,9315.0,520.0,0.0,45.0,9315.0,8795.0,1237.5594207167526,248.96918224055304,37.12678262150258,211.84239961905047,False,117.55569505419783,106.15061669413973,43.43659244468227,49.5023768286701,24.75118841433505,0.37848807268145634,22.20185555368455,15.894174286636858,15.894174286636858,36.40507836005809,6.562434536118374,30.0,30.0,0.0,False,76.15061669413973,0.0,0.0,0.0,0.0,51.15061669413973,0.0,False,25.0,288.88030920060277,0.0,288.0408419087974,25.0,25.0,0.0,0.0,0073,base,2.2060386384852495,8.202541262017817,2.216825175479494,6.535305208550638,-0.010786536994244589,1.667236053467179
4,25.0,288.88030920060277,0.0,288.0408419087974,9000.0,270.0,9000.0,9315.0,520.0,0.0,45.0,9315.0,8795.0,1256.777704838326,252.83546971064763,37.703331145149775,215.13213856549785,False,124.59581570770162,116.60841657806208,45.84931947950545,50.27110819353304,25.13555409676652,0.3843656824314685,17.332818552036166,14.402042095439871,14.402042095439871,32.987399129639535,6.664343769188819,30.0,30.0,0.0,False,86.60841657806208,0.0,0.0,0.0,0.0,61.60841657806208,0.0,False,25.0,197.2718926225407,0.0,261.7177865483467,25.0,25.0,0.0,0.0,0073,base,1.8039080044682463,10.095657363600436,1.716490489516989,7.967120842887846,0.08741751495125727,2.12853652071259
5,25.0,197.2718926225407,0.0,261.7177865483467,9000.0,270.0,9000.0,9315.0,520.0,0.0,45.0,9315.0,8795.0,1276.2944331706535,256.76179745828534,38.288832995119606,218.47296446316574,False,132.00979228544387,127.03699736169582,48.38769039459899,51.05177732682614,25.52588866341307,0.3903345666465512,11.83631355735244,13.085889327417334,13.085889327417334,29.972794923748047,6.767835569175221,30.0,30.0,0.0,False,97.03699736169582,0.0,0.0,0.0,0.0,67.59097854445874,0.0,False,29.44601881723709,99.68091407808195,0.0,238.5128271937739,29.44601881723709,29.44601881723709,2054.0943796662827,1714.5352415166699,0073,base,1.404874920143728,13.138114142456862,1.2024675224700407,10.302532189688385,0.20240739767368732,2.835581952768477
1,30.0,390.0,0.0,300.0,5700.0,171.0,5700.0,5901.0,390.0,0.0,30.0,5901.0,5511.0,760.0,169.44675244315016,22.8,146.64675244315015,False,73.5850643323626,66.94476165767512,27.061688110787536,30.400000000000002,15.200000000000001,0.0,23.4,15.0,15.0,36.6403026746875,6.034852615186247,30.0,30.0,0.0,False,36.944761657675116,0.0,0.0,0.0,0.0,11.944761657675116,0.0,False,25.0,348.05523834232486,0.0,269.39454994049873,25.0,25.0,0.0,0.0,0074,base,4.241729830061976,4.220165145699241,3.4963773559578377,4.412675844873703,0.7453524741041382,-0.19251069917446184
2,25.0,348.05523834232486,0.0,269.39454994049873,5700.0,171.0,5700.0,5901.0,390.0,0.0,30.0,5901.0,5511.0,754.7266899305258,168.271034988021,22.641800697915773,145.62923429010522,False,76.01534367148983,68.11301750905287,27.819048123135197,30.189067597221033,15.094533798610517,-0.10546620138948448,20.883314300539492,13.469727497024937,13.469727497024937,32.902326162436964,5.992979392734333,30.0,30.0,0.0,False,38.11301750905287,0.0,0.0,0.0,0.0,13.113017509052867,0.0,False,25.0,304.942220833272,0.0,242.48520317079613,25.0,25.0,0.0,0.0,0074,base,3.9714474735415553,4.472362418602006,3.1046782593407065,4.898286328750984,0.8667692142008487,-0.42592391014897846
3,25.0,304.942220833272,0.0,242.48520317079613,5700.0,171.0,5700.0,5901.0,390.0,0.0,30.0,5901.0,5511.0,749.489969070379,167.10347532591155,22.48469907211137,144.61877625380018,False,78.25832186044718,73.64255106607698,28.549495711316013,29.979598762815158,14.989799381407579,-0.10473441720293764,18.29653324999632,12.124260158539807,12.124260158539807,29.615770794370206,5.951396710395047,30.0,30.0,0.0,False,43.642551066076976,0.0,0.0,0.0,0.0,18.642551066076976,0.0,False,25.0,256.29966976719504,0.0,218.82082908682096,25.0,25.0,0.0,0.0,0074,base,3.719148469827202,4.740278455147805,2.6936633003958774,5.4930676225894235,1.0254851694313247,-0.7527891674416187
4,25.0,256.29966976719504,0.0,218.82082908682096,5700.0,171.0,5700.0,5901.0,390.0,0.0,30.0,5901.0,5511.0,744.28958354292,165.94401685343752,22.3286875062876,143.61532934714992,False,80.63334265520285,78.90780462431225,29.324076926694296,29.771583341716802,14.885791670858401,-0.1040077105491779,15.377980186031701,10.941041454341049,10.941041454341049,26.725538030890604,5.910102552236675,30.0,30.0,0.0,False,48.90780462431225,0.0,0.0,0.0,0.0,23.90780462431225,0.0,False,25.0,202.3918651428828,0.0,198.00539360816703,25.0,25.0,0.0,0.0,0074,base,3.481822220574921,5.027551428892098,2.2621921890838785,6.305098233548445,1.2196300314910427,-1.277546804656347
5,25.0,202.3918651428828,0.0,198.00539360816703,5700.0,171.0,5700.0,5901.0,390.0,0.0,30.0,5901.0,5511.0,739.1252812330493,164.79260335996088,22.17375843699148,142.6188449229694,False,83.14333073435797,83.9600722242784,30.143765833497017,29.565011249321973,14.782505624660986,-0.10328604619741455,12.143511908572968,9.900269680408352,9.900269680408352,24.183258510079575,5.8690949163151815,30.0,30.0,0.0,False,53.960072224278406,0.0,0.0,0.0,0.0,28.960072224278406,0.0,False,25.0,143.4317929186044,0.0,179.69123001440263,25.0,25.0,1318.340826879687,1000.4426915434846,0074,base,3.2567432037446538,5.338906564056991,1.8090801216472623,7.475695705601311,1.4476630820973915,-2.1367891415443196
1,33.0,732.0,0.0,517.0,10875.0,326.25,10875.0,11234.25,732.0,0.0,33.0,11234.25,10502.25,1450.0,241.3024278619571,43.5,197.8024278619571,False,81.52432089646786,63.64730668150277,32.00810696548928,58.0,29.0,0.0,43.92,25.85,25.85,50.87701421496509,13.934738846696753,30.0,30.0,0.0,False,33.64730668150277,0.0,0.0,0.0,0.0,8.64730668150277,0.0,False,25.0,693.3526933184972,0.0,480.0577246317317,25.0,25.0,0.0,0.0,0075,distressed,3.550376196488409,5.077277586025954,4.759216175840572,3.4585413195063364,-1.2088399793521627,1.6187362665196172
2,25.0,693.3526933184972,0.0,480.0577246317317,10875.0,326.25,10875.0,11234.25,732.0,0.0,33.0,11234.25,10502.25,1395.523466698239,232.23669010525526,41.86570400094717,190.3709861043081,False,80.70949970426156,58.46790651259346,31.191734568402914,55.82093866792956,27.91046933396478,-1.0895306660352198,41.60116159910984,24.002886231586587,24.002886231586587,47.2415931916681,13.411210388190947,30.0,30.0,0.0,False,28.46790651259346,0.0,0.0,0.0,0.0,3.4679065125934585,0.0,False,25.0,659.8847868059038,0.0,446.22734182825457,25.0,25.0,0.0,0.0,0075,distressed,3.3400021254186396,5.393537101843227,4.655216745227347,3.539975013501997,-1.3152146198087071,1.8535620883412305
3,25.0,659.8847868059038,0.0,446.22734182825457,10875.0,326.25,10875.0,11234.25,732.0,0.0,33.0,11234.25,10502.25,1343.0936180037731,223.5115523242831,40.29280854011319,183.2187437841699,False,78.60337790715377,59.69097014448028,30.328572371100734,53.723744720150926,26.861872360075463,-1.0485969738893175,39.59308720835423,22.31136709141273,22.31136709141273,43.91240776267349,12.907350905894942,30.0,30.0,0.0,False,29.690970144480282,0.0,0.0,0.0,0.0,4.690970144480282,0.0,False,25.0,625.1938166614235,0.0,415.22228497147603,25.0,25.0,0.0,0.0,0075,distressed,3.121846096271962,5.7707041402718255,4.543013956431553,3.610589170884986,-1.4211678601595907,2.1601149693868393
4,25.0,625.1938166614235,0.0,415.22228497147603,10875.0,326.25,10875.0,11234.25,732.0,0.0,33.0,11234.25,10502.25,1292.6335599289005,215.1142181701299,38.77900679786701,176.3352113722629,False,76.62971665521121,60.7684592183368,29.515617031000925,51.705342397156016,25.852671198578008,-1.0092011614974545,37.511628999685406,20.761114248573804,20.761114248573804,40.86125743687441,12.422421435920803,30.0,30.0,0.0,False,30.7684592183368,0.0,0.0,0.0,0.0,5.768459218336801,0.0,False,25.0,589.4253574430867,0.0,386.7834489705224,25.0,25.0,0.0,0.0,0075,distressed,2.8942272193573237,6.230394264356304,4.421877895868861,3.6915066320746113,-1.5276506765115374,2.538887632281693
5,25.0,589.4253574430867,0.0,386.7834489705224,10875.0,326.25,10875.0,11234.25,732.0,0.0,33.0,11234.25,10502.25,1244.0692873948035,207.03237205300758,37.322078621844106,169.71029343116348,False,74.784792228773,61.72214806748385,28.75139988401304,49.762771495792144,24.881385747896072,-0.9712854506819362,35.3655214465852,19.33917244852612,19.33917244852612,38.06264416128915,11.955710777270838,30.0,30.0,0.0,False,31.72214806748385,0.0,0.0,0.0,0.0,6.72214806748385,0.0,False,25.0,552.7032093756028,0.0,360.6765155865041,25.0,25.0,1656.2589764240606,743.0353668155926,0075,distressed,2.6553463828928856,6.805304542580239,4.291018434231388,3.784544932286131,-1.6356720513385024,3.020759610294108
1,35.0,470.0,0.0,360.0,7350.0,220.5,7350.0,7605.5,470.0,0.0,35.0,7605.5,7135.5,980.0,218.7882530195555,29.4,189.3882530195555,False,97.59118976466662,87.3876693707621,35.797063254888876,39.2,19.6,0.0,28.2,18.0,18.0,45.20352039390455,12.63146892237746,30.0,30.0,0.0,False,57.3876693707621,0.0,0.0,0.0,0.0,32.3876693707621,0.0,False,25.0,407.61233062923793,0.0,327.4279485284729,25.0,25.0,0.0,0.0,0076,base,3.3995371380185677,5.296681486961131,3.2453309049195007,4.735676472284751,0.154206233099067,0.5610050146763808
2,25.0,407.61233062923793,0.0,327.4279485284729,7350.0,220.5,7350.0,7605.5,470.0,0.0,35.0,7605.5,7135.5,1039.1356324040535,231.99047924903454,31.174068972121603,200.81641027691293,False,108.41713578742966,92.30353592953756,39.997068253183755,41.56542529616214,20.78271264808107,1.1827126480810684,24.456739837754274,16.371397426423645,16.371397426423645,41.11359985789209,13.393683109027396,30.0,30.0,0.0,False,62.30353592953756,0.0,0.0,0.0,0.0,37.30353592953756,0.0,False,25.0,340.30879469970034,0.0,299.7080317796082,25.0,25.0,0.0,0.0,0076,base,2.850286698462707,6.300098361137952,2.6510433896690526,5.682122545732205,0.19924330879365426,0.6179758154057469
3,25.0,340.30879469970034,0.0,299.7080317796082,7350.0,220.5,7350.0,7605.5,470.0,0.0,35.0,7605.5,7135.5,1101.8396556446655,245.98936057771937,33.05518966933997,212.9341709083794,False,120.87520420680386,108.24226496578578,44.38256040935424,44.07358622578662,22.03679311289331,1.2540804648122403,20.41852768198202,14.985401588980409,14.985401588980409,37.632939241018086,14.201891191549667,30.0,30.0,0.0,False,78.24226496578578,0.0,0.0,0.0,0.0,53.24226496578578,0.0,False,25.0,257.06652973391454,0.0,276.27698373013976,25.0,25.0,0.0,0.0,0076,base,2.3431659688396764,7.659767806547695,2.066526423216768,6.948080782080726,0.2766395456229085,0.7116870244669684
4,25.0,257.06652973391454,0.0,276.27698373013976,7350.0,220.5,7350.0,7605.5,470.0,0.0,35.0,7605.5,7135.5,1168.3273952818204,260.8329691516297,35.04982185845461,225.7831472931751,False,134.39595099641363,124.70513913971416,49.136326580658306,46.73309581127282,23.36654790563641,1.329754792743099,15.423991784034872,13.813849186506989,13.813849186506989,34.69081185669947,15.058868555780123,30.0,30.0,0.0,False,94.70513913971416,0.0,0.0,0.0,0.0,64.27321795343599,0.0,False,30.431921186278174,162.79331178047855,0.0,256.64504042922044,30.431921186278174,30.431921186278174,0.0,0.0,0076,base,1.8706856229606297,9.621510652380744,1.491400539926685,8.92107489791835,0.3792850830339447,0.7004357544623936
5,30.431921186278174,162.79331178047855,0.0,256.64504042922044,7350.0,220.5,7350.0,7605.5,470.0,0.0,35.0,7605.5,7135.5,1238.8271701542399,276.5722779093936,37.164815104627195,239.40746280476642,False,148.8074418583667,147.0136427139873,54.20190301911917,49.553086806169595,24.776543403084798,1.4099954974483886,9.767598706828712,12.832252021461024,12.832252021461024,32.225720330657566,15.967558061224585,30.0,30.0,0.0,False,117.01364271398731,0.0,0.0,0.0,0.0,75.77105454890985,0.0,False,41.242588165077464,57.0222572315687,0.0,240.38687815978744,41.242588165077464,41.242588165077464,2212.578223275149,1923.223002699743,0076,base,1.4266702947772707,12.723620066440072,0.9262191755538133,12.237792241839442,0.5004511192234574,0.48582782460063
1,21.0,564.0,0.0,396.00000000000006,7350.0,220.5,7350.0,7591.5,564.0,0.0,21.0,7591.5,7027.5,980.0,140.9811689206423,29.4,111.58116892064228,False,33.65587669048172,11.22363686596995,14.485292230160569,39.2,19.6,0.0,33.839999999999996,19.800000000000004,19.800000000000004,43.43223982451177,8.10125294445284,30.0,30.0,0.0,False,0.0,18.77636313403005,25.0,43.77636313403005,0.0,0.0,0.0,False,25.0,534.0,43.77636313403005,360.6690131199411,25.0,25.0,0.0,0.0,0077,distressed,4.601740773666921,3.8866413442115384,6.479201323462892,2.628284282636881,-1.8774605497959707,1.2583570615746575
2,25.0,534.0,43.77636313403005,360.6690131199411,7350.0,220.5,7350.0,7591.5,564.0,0.0,21.0,7591.5,7027.5,921.832385618427,132.6132727279491,27.65497156855281,104.95830115939629,False,31.138729967965247,16.581499980350948,13.064567178839354,36.87329542473708,18.43664771236854,-1.1633522876314615,34.6665817880418,18.033450655997054,18.033450655997054,39.5572299876143,7.6204054370237415,30.0,30.0,0.0,False,0.0,13.418500019649052,25.0,38.41850001964905,0.0,0.0,0.0,False,25.0,504.0,82.19486315367911,328.73218856935057,25.0,25.0,0.0,0.0,0077,distressed,4.582614502552496,3.8785240404417776,6.710693684098121,2.516379337503607,-2.1280791815456253,1.3621447029381706
3,25.0,504.0,82.19486315367911,328.73218856935057,7350.0,220.5,7350.0,7591.5,564.0,0.0,21.0,7591.5,7027.5,867.1172930356738,124.74205057497186,26.013518791070215,98.72853178390164,False,27.763301845958345,16.70881888641123,11.780057641553341,34.68469172142695,17.342345860713476,-1.0943018516550644,35.171691789220745,16.43660942846753,16.43660942846753,36.054482959547116,7.168098493256355,30.0,30.0,0.0,False,0.0,13.29118111358877,4.513955732732121,17.80513684632089,0.0,0.0,20.48604426726788,True,4.513955732732121,474.0,100.0,299.84580410305983,4.513955732732121,4.513955732732121,0.0,0.0,0077,distressed,4.577570298736259,3.858426374526268,6.969036057715327,2.4170927473237125,-2.3914657589790673,1.4413336272025554
4,4.513955732732121,474.0,100.0,299.84580410305983,7350.0,220.5,7350.0,7591.5,564.0,0.0,21.0,7591.5,7027.5,815.6497988265999,117.33802251883753,24.469493964797994,92.86852855403954,False,25.450030657580385,-2.92231379700484,10.859059587221639,32.625991953063995,16.312995976531997,-1.029349884181478,34.44,14.992290205152992,14.992290205152992,32.886300187317346,6.742638096312611,30.0,0.0,30.0,True,-2.92231379700484,0.0,0.0,0.0,0.0,0.0,27.92231379700484,True,-2.92231379700484,474.0,100.0,273.7021420120551,-2.92231379700484,-2.92231379700484,0.0,0.0,0077,distressed,4.587564698391196,3.825774858108771,7.249350530621905,2.3737120419034485,-2.6617858322307093,1.4520628162053226
5,-2.92231379700484,474.0,100.0,273.7021420120551,7350.0,220.5,7350.0,7591.5,564.0,0.0,21.0,7591.5,7027.5,767.2371427362394,110.37345839009052,23.01711428208718,87.35634410800334,False,22.71930944999525,-10.221936347893816,9.807809251850147,30.689485709449578,15.344742854724789,-0.9682531218072086,34.44,13.685107100602757,13.685107100602757,30.018932000884227,6.342430777230146,30.0,0.0,30.0,True,-10.221936347893816,0.0,0.0,0.0,0.0,0.0,35.221936347893816,True,-10.221936347893816,474.0,100.0,250.02564078840103,-10.221936347893816,-10.221936347893816,882.9876671207242,35.49527497761844,0077,distressed,4.613725249552124,3.780135925334656,7.558407513043867,2.2934693560133006,-2.9446822634917424,1.4866665693213554
1,55.0,610.0,0.0,470.0,10875.0,326.25,10875.0,11256.25,610.0,0.0,55.0,11256.25,10646.25,1450.0,307.7248779163034,43.5,264.2248779163034,False,138.59365843722756,145.0224713332883,51.03121947907585,58.0,29.0,0.0,36.6,23.5,23.5,48.571187103939266,13.272467954701904,30.0,30.0,0.0,False,115.02247133328831,0.0,0.0,0.0,0.0,83.70302362842868,0.0,False,31.319447704859627,496.2969763715713,0.0,434.7012808507626,31.319447704859627,31.319447704859627,0.0,0.0,0078,base,2.7948650759344704,6.507078261002631,2.923646653496028,5.1202142748137005,-0.12878157756155773,1.3868639861889305
2,31.319447704859627,496.2969763715713,0.0,434.7012808507626,10875.0,326.25,10875.0,11256.25,610.0,0.0,55.0,11256.25,10646.25,1478.4009597699967,313.75224472866756,44.3520287930999,269.40021593556764,False,148.06347118995154,134.45960560433363,54.471833327683804,59.13603839079987,29.568019195399934,0.5680191953999341,29.777818582294277,21.73506404253813,21.73506404253813,44.92331329047753,13.532434043274359,30.0,30.0,0.0,False,104.45960560433363,0.0,0.0,0.0,0.0,77.60642500087745,0.0,False,26.85318060345618,388.69055137069387,0.0,403.3104016035594,26.85318060345618,26.85318060345618,0.0,0.0,0078,base,2.3550439210168768,7.763521674153083,2.438700551871735,6.090753006655067,-0.08365663085485808,1.6727686674980156
3,26.85318060345618,388.69055137069387,0.0,403.3104016035594,10875.0,326.25,10875.0,11256.25,610.0,0.0,55.0,11256.25,10646.25,1507.3582054129981,319.89766878403657,45.22074616238994,274.6769226216466,False,157.73975012743023,142.91364354524518,57.79749236480675,60.29432821651993,30.147164108259965,0.5791449128600306,23.321433082241633,20.16552008017797,20.16552008017797,41.679287185641215,13.797492053517923,30.0,30.0,0.0,False,112.91364354524518,0.0,0.0,0.0,0.0,82.48586562147956,0.0,False,30.427777923765618,276.2046857492143,0.0,375.4286064714361,30.427777923765618,30.427777923765618,0.0,0.0,0078,base,1.9201014130277754,9.62037486900198,1.9418882189987503,7.356175715259917,-0.021786805970974932,2.2641991537420623
4,30.427777923765618,276.2046857492143,0.0,375.4286064714361,10875.0,326.25,10875.0,11256.25,610.0,0.0,55.0,11256.25,10646.25,1536.882632827418,326.1634624541408,46.106478984822544,280.05698346931825,False,167.5756391240326,159.20551685823375,61.1783180001984,61.475305313096726,30.737652656548363,0.5904885482883984,16.572281144952857,18.771430323571806,18.771430323571806,38.79790018956448,14.067741720234343,30.0,30.0,0.0,False,129.20551685823375,0.0,0.0,0.0,0.0,91.88909151006936,0.0,False,37.31642534816439,154.31559423914496,0.0,350.698448002106,37.31642534816439,37.31642534816439,0.0,0.0,0078,base,1.4874428695747188,12.663216498671478,1.4339362642706974,9.228330837427915,0.053506605304021404,3.4348856612435625
5,37.31642534816439,154.31559423914496,0.0,350.698448002106,10875.0,326.25,10875.0,11256.25,610.0,0.0,55.0,11256.25,10646.25,1566.985351328203,332.55198340283243,47.00956053984609,285.5424228629863,False,177.78951572310152,178.86372844366718,64.68714120213308,62.67941405312812,31.33970702656406,0.6020543700156971,9.258935654348697,17.534922400105298,17.534922400105298,36.24221262759873,14.343284731717848,30.0,30.0,0.0,False,148.86372844366718,0.0,0.0,0.0,0.0,103.23527623372253,0.0,False,45.628452209944655,21.080318005422427,0.0,328.7995201062251,45.628452209944655,45.628452209944655,2660.4158672226595,2316.2582433126167,0078,base,1.054703046283038,18.601037028124523,0.9148987258727367,12.411500528478454,0.13980432041030133,6.189536499646069
1,30.0,390.0,0.0,300.0,5700.0,171.0,5700.0,5901.0,390.0,0.0,30.0,5901.0,5511.0,760.0,163.2390726189744,22.8,140.4390726189744,False,68.9293044642308,61.88805289822493,25.509768154743597,30.400000000000002,15.200000000000001,0.0,23.4,15.0,15.0,37.04125156600587,11.130415659491943,30.0,30.0,0.0,False,31.888052898224927,0.0,0.0,0.0,0.0,6.888052898224927,0.0,False,25.0,353.11194710177506,0.0,274.08916409348603,25.0,25.0,0.0,0.0,0079,base,3.9052468528227373,4.59158505632722,3.6890745673426664,4.251017516119125,0.21617228548007095,0.3405675402080943
2,25.0,353.11194710177506,0.0,274.08916409348603,5700.0,171.0,5700.0,5901.0,390.0,0.0,30.0,5901.0,5511.0,809.4070134327586,173.85111874218063,24.28221040298276,149.56890833919786,False,76.92608957833005,68.08407064931978,28.669433327104265,32.37628053731034,16.18814026865517,0.9881402686551706,21.1867168261065,13.704458204674303,13.704458204674303,33.842018929010266,11.853995391071818,30.0,30.0,0.0,False,38.084070649319784,0.0,0.0,0.0,0.0,13.084070649319784,0.0,False,25.0,310.0278764524553,0.0,252.10114055554757,25.0,25.0,0.0,0.0,0079,base,3.3379436084695415,5.34359653805274,3.0895919502511773,4.982667353243625,0.24835165821836425,0.3609291848091152
3,25.0,310.0278764524553,0.0,252.10114055554757,5700.0,171.0,5700.0,5901.0,390.0,0.0,30.0,5901.0,5511.0,862.0259386764973,185.1530457934899,25.860778160294917,159.29226763319497,False,86.39151562206297,80.26437639741283,32.02138450456757,34.48103754705989,17.240518773529946,1.052378504874774,18.601672587147316,12.605057027777379,12.605057027777379,31.12713922465014,12.624614482543587,30.0,30.0,0.0,False,50.26437639741283,0.0,0.0,0.0,0.0,25.264376397412832,0.0,False,25.0,254.76350005504247,0.0,233.59861581344103,25.0,25.0,0.0,0.0,0079,base,2.820781348039187,6.298384826986578,2.5025897569370454,5.9331127637591345,0.31819159110214157,0.36527206322744377
4,25.0,254.76350005504247,0.0,233.59861581344103,5700.0,171.0,5700.0,5901.0,390.0,0.0,30.0,5901.0,5511.0,918.0655796390973,197.18970239958873,27.541967389172918,169.6477350104158,False,96.71004704668792,92.86743006729984,35.6704985541103,36.7226231855639,18.36131159278195,1.120792819252003,15.285810003302547,11.679930790672053,11.679930790672053,28.842616979388083,13.44533092638889,30.0,30.0,0.0,False,62.867430067299836,0.0,0.0,0.0,0.0,37.867430067299836,0.0,False,25.0,186.89606998774264,0.0,218.20132976044184,25.0,25.0,0.0,0.0,0079,base,2.345002584409392,7.559269908311572,1.9275722571858662,7.312600974183141,0.4174303272235258,0.24666893412843116
5,25.0,186.89606998774264,0.0,218.20132976044184,5700.0,171.0,5700.0,5901.0,390.0,0.0,30.0,5901.0,5511.0,977.7483144093371,210.00885276177053,29.332449432280114,180.67640332949043,False,107.94329164215463,106.00179048317621,39.638143160550946,39.10993257637349,19.554966288186744,1.1936546954047955,11.213764199264558,10.910066488022093,10.910066488022093,26.94150115897843,14.319401512820445,30.0,30.0,0.0,False,76.00179048317621,0.0,0.0,0.0,0.0,50.20393917455088,0.0,False,25.797851308625326,106.69213081319175,0.0,205.57923011428383,25.797851308625326,25.797851308625326,1680.0708220941642,1368.3962501439014,0079,base,1.9034009330060346,9.31392853104493,1.36410206451544,9.492427226106512,0.5392988684905946,-0.17849869506158278
1,60.0,650.0,0.0,500.0,12600.0,378.0,12600.0,13038.0,650.0,0.0,60.0,13038.0,12388.0,1680.0,400.915863398924,50.4,350.515863398924,False,198.086897549193,212.58537148163177,71.628965849731,67.2,33.6,0.0,39.0,25.0,25.0,45.50152606756124,14.396810699900712,30.0,30.0,0.0,False,182.58537148163177,0.0,0.0,0.0,0.0,129.779422107032,0.0,False,52.80594937459978,490.220577892968,0.0,468.89528463233944,52.80594937459978,52.80594937459978,0.0,0.0,0080,base,2.5548987889273844,7.151134613180763,2.260598783662747,6.264310365608187,0.2943000052646374,0.8868242475725756
2,52.80594937459978,490.220577892968,0.0,468.89528463233944,12600.0,378.0,12600.0,13038.0,650.0,0.0,60.0,13038.0,12388.0,1662.0501171463952,396.63229626668436,49.861503514391856,346.7707927522925,False,204.17309187093122,214.3081392122211,73.47819846177435,66.48200468585581,33.24100234292791,-0.35899765707209497,29.413234673578078,23.444764231616972,23.444764231616972,42.67090203330988,14.242988637085984,30.0,30.0,0.0,False,184.3081392122211,0.0,0.0,0.0,0.0,130.83113981903762,0.0,False,53.47699939318349,329.38943807393036,0.0,440.4673712361156,53.47699939318349,53.47699939318349,0.0,0.0,0080,base,2.174445791235945,8.492013472516595,1.8061560207270384,7.5037327269629595,0.36828977050890677,0.9882807455536353
3,53.47699939318349,329.38943807393036,0.0,440.4673712361156,12600.0,378.0,12600.0,13038.0,650.0,0.0,60.0,13038.0,12388.0,1644.2920189918727,392.3944967107658,49.32876056975618,343.0657361410096,False,209.8714927442477,223.26461698901065,75.31975032369199,65.77168075967491,32.885840379837454,-0.35516196309045256,19.763366284435822,22.023368561805782,22.023368561805782,40.08387514842057,14.090810079037821,30.0,30.0,0.0,False,193.26461698901065,0.0,0.0,0.0,0.0,136.29890320221403,0.0,False,56.96571378679661,163.09053487171633,0.0,414.4743061667328,56.96571378679661,56.96571378679661,0.0,0.0,0080,base,1.7796181774903592,10.563520373461655,1.326723824150333,9.3904081798834,0.45289435334002626,1.1731121935782554
4,56.96571378679661,163.09053487171633,0.0,414.4743061667328,12600.0,378.0,12600.0,13038.0,650.0,0.0,60.0,13038.0,12388.0,1626.7236564216219,388.20197572960063,48.80170969264866,339.40026603695196,False,215.75246966442307,234.9997565584598,77.22277965907809,65.06894625686488,32.53447312843244,-0.3513672514050157,9.78543209230298,20.72371530833664,20.72371530833664,37.718426892759894,13.94025746580501,30.0,30.0,0.0,False,204.9997565584598,0.0,0.0,0.0,0.0,133.09053487171633,0.0,False,71.90922168674348,0.0,0.0,390.6961367397779,71.90922168674348,71.90922168674348,0.0,0.0,0080,base,1.3682591995772904,14.197047271476661,0.8211882859531947,12.724117479646843,0.5470709136240957,1.4729297918298183
5,71.90922168674348,0.0,0.0,390.6961367397779,12600.0,378.0,12600.0,13038.0,650.0,0.0,60.0,13038.0,12388.0,1609.3430022145053,384.05424954633617,48.28029006643516,335.773959479901,False,221.43354754418135,257.7882283302039,79.05978816072803,64.37372008858021,32.18686004429011,-0.3476130841423313,0.0,19.534806836988896,19.534806836988896,35.554540900720944,13.791313425054836,0.0,0.0,0.0,False,257.7882283302039,0.0,0.0,0.0,0.0,0.0,0.0,False,257.7882283302039,0.0,0.0,368.9329092641118,257.7882283302039,257.7882283302039,3072.4339963706893,2915.2028054912207,0080,base,0.9381430294043583,22.249890228555376,0.2893983885484863,19.659997293606946,0.648744640855872,2.5898929349484305
1,33.0,732.0,0.0,517.0,10875.0,326.25,10875.0,11234.25,732.0,0.0,33.0,11234.25,10502.25,1450.0,282.6905495667235,43.5,239.19054956672352,False,112.56541217504267,91.98635324841466,42.35513739168088,58.0,29.0,0.0,43.92,25.85,25.85,53.57905892662801,2.566839448770543,30.0,30.0,0.0,False,61.98635324841466,0.0,0.0,0.0,0.0,36.98635324841466,0.0,False,25.0,665.0136467515854,0.0,465.98778052214254,25.0,25.0,0.0,0.0,0081,distressed,3.4177367625511694,5.269636746051557,3.912410333380028,4.051749312981561,-0.49467357082885854,1.217887433069996
2,25.0,665.0136467515854,0.0,465.98778052214254,10875.0,326.25,10875.0,11234.25,732.0,0.0,33.0,11234.25,10502.25,1442.8740953505294,281.30129032429664,43.28622286051588,238.01506746378078,False,116.824921863918,93.53249100959601,43.70371490814463,57.714963814021175,28.857481907010587,-0.14251809298941254,39.90081880509512,23.29938902610713,23.29938902610713,48.292430854322,2.5542249293481714,30.0,30.0,0.0,False,63.532491009596015,0.0,0.0,0.0,0.0,38.532491009596015,0.0,False,25.0,596.4811557419894,0.0,420.2495745971687,25.0,25.0,0.0,0.0,0081,distressed,3.083863566215613,5.8333375817923,3.5255107759934083,4.450955146786983,-0.44164720977779526,1.3823824350053169
3,25.0,596.4811557419894,0.0,420.2495745971687,10875.0,326.25,10875.0,11234.25,732.0,0.0,33.0,11234.25,10502.25,1435.783210368006,279.91885848110775,43.073496311040174,236.84536217006757,False,120.81699616773773,102.2646233993972,45.01100352392245,57.43132841472024,28.71566420736012,-0.14181769965046698,35.78886934451936,21.012478729858437,21.012478729858437,43.55237276834053,2.5416724029344913,30.0,30.0,0.0,False,72.2646233993972,0.0,0.0,0.0,0.0,47.264623399397195,0.0,False,25.0,519.2165323425921,0.0,379.2388742317626,25.0,25.0,0.0,0.0,0081,distressed,2.750586088928507,6.540476839761127,3.120387855658914,4.92803195646997,-0.369801766730407,1.6124448832911575
4,25.0,519.2165323425921,0.0,379.2388742317626,10875.0,326.25,10875.0,11234.25,732.0,0.0,33.0,11234.25,10502.25,1428.727172951183,278.54322048446977,42.86181518853549,235.68140529593427,False,125.0287012516676,110.72645368932393,46.39161741094765,57.149086918047324,28.574543459023662,-0.1411207483364585,31.152991940555527,18.96194371158813,18.96194371158813,39.30224756234367,2.529181564870007,30.0,30.0,0.0,False,80.72645368932393,0.0,0.0,0.0,0.0,55.72645368932393,0.0,False,25.0,433.4900786532682,0.0,342.46580823428894,25.0,25.0,0.0,0.0,0081,distressed,2.415658927963468,7.4600612377478885,2.696012078776934,5.558087960401385,-0.280353150813466,1.901973277346504
5,25.0,433.4900786532682,0.0,342.46580823428894,10875.0,326.25,10875.0,11234.25,732.0,0.0,33.0,11234.25,10502.25,1421.7058118445914,277.17434294658784,42.65117435533774,234.5231685912501,False,129.46622419894064,118.97493653986858,47.8476183650849,56.86823247378366,28.43411623689183,-0.14042722213183367,26.00940471919609,17.123290411714446,17.123290411714446,35.49128765907206,2.5167521119924467,30.0,30.0,0.0,False,88.97493653986858,0.0,0.0,0.0,0.0,63.97493653986858,0.0,False,25.0,339.51514211339963,0.0,309.49127268720935,25.0,25.0,2217.3947435727027,1560.1274076185032,0081,distressed,2.076912428910984,8.712766633757425,2.2513137694020133,6.426084484295398,-0.17440134049102918,2.2866821494620275
1,27.0,624.0,0.0,429.00000000000006,9000.0,270.0,9000.0,9297.0,624.0,0.0,27.0,9297.0,8673.0,1200.0,166.2688074857554,36.0,130.2688074857554,False,41.534105614316545,12.775703497407648,17.844701871438847,48.0,24.0,0.0,37.44,21.450000000000003,21.450000000000003,55.7584021169089,7.764187010054513,30.0,30.0,0.0,False,0.0,17.224296502592352,25.0,42.22429650259235,0.0,0.0,0.0,False,25.0,594.0,42.22429650259235,381.0057848931457,25.0,25.0,0.0,0.0,0082,distressed,3.854818742876184,4.642252748488008,5.9676261374566275,2.8233793086390793,-2.1128073945804435,1.8188734398489284
2,25.0,594.0,42.22429650259235,381.0057848931457,9000.0,270.0,9000.0,9297.0,624.0,0.0,27.0,9297.0,8673.0,1125.8986118326977,156.0015162827417,33.776958354980934,122.22455792776077,False,38.97364981473005,14.453198152864069,16.25020272323699,45.03594447330791,22.517972236653954,-1.4820277633460464,38.17345779015554,19.050289244657286,19.050289244657286,49.520451661865984,7.284739480524867,30.0,30.0,0.0,False,0.0,15.546801847135931,25.0,40.54680184713593,0.0,0.0,0.0,False,25.0,564.0,82.77109834972828,338.7700727118046,25.0,25.0,0.0,0.0,0082,distressed,3.7007323600052247,4.812108018103795,6.157255352060938,2.726167445620716,-2.4565229920557132,2.085940572483079
3,25.0,564.0,82.77109834972828,338.7700727118046,9000.0,270.0,9000.0,9297.0,624.0,0.0,27.0,9297.0,8673.0,1056.3730701056631,146.36824218877908,31.691192103169893,114.67705008560918,False,35.02599054526051,15.995039637476687,14.733070137258812,42.254922804226524,21.127461402113262,-1.3905108345406916,38.806265900983696,16.93850363559023,16.93850363559023,44.030950907783826,6.834898390571496,30.0,30.0,0.0,False,0.0,14.004960362523313,3.22394128774841,17.228901650271723,0.0,0.0,21.77605871225159,True,3.22394128774841,534.0,100.0,301.5740201945922,3.22394128774841,3.22394128774841,0.0,0.0,0082,distressed,3.547955332542051,4.995798861632567,6.369893256655643,2.625685663526646,-2.8219379241135916,2.370113198105921
4,3.22394128774841,534.0,100.0,301.5740201945922,9000.0,270.0,9000.0,9297.0,624.0,0.0,27.0,9297.0,8673.0,991.1408110078427,137.3298339139487,29.73422433023528,107.59560958371343,False,32.25091850236585,-3.7216098742747263,13.619227143495952,39.645632440313705,19.822816220156852,-1.3046451819564098,38.04,15.078701009729611,15.078701009729611,39.196469664388985,6.412835508301656,30.0,0.0,30.0,True,-3.7216098742747263,0.0,0.0,0.0,0.0,0.0,28.721609874274726,True,-3.7216098742747263,534.0,100.0,268.7903860385049,-3.7216098742747263,-3.7216098742747263,0.0,0.0,0082,distressed,3.3951121014023022,5.197108659856359,6.600983705265404,2.585338709408469,-3.2058716038631014,2.61176995044789
5,-3.7216098742747263,534.0,100.0,268.7903860385049,9000.0,270.0,9000.0,9297.0,624.0,0.0,27.0,9297.0,8673.0,929.9367193703869,128.84955780577482,27.898101581111604,100.95145622466322,False,29.028667331098717,-9.62842606274274,12.367984230684494,37.197468774815476,18.598734387407738,-1.224081832749114,38.04,13.439519301925245,13.439519301925245,34.93548351956673,6.0168354972568885,30.0,0.0,30.0,True,-9.62842606274274,0.0,0.0,0.0,0.0,0.0,34.62842606274274,True,-9.62842606274274,534.0,100.0,239.87173801619502,-9.62842606274274,-9.62842606274274,1030.7964624461986,131.83435143056784,0082,distressed,3.2407598790456005,5.4209746731092725,6.8568350495289065,2.5029285345513332,-3.616075170483306,2.9180461385579393
1,51.0,682.5,0.0,520.0,12600.0,378.0,12600.0,13029.0,682.5,0.0,51.0,13029.0,12346.5,1680.0,406.9335025895872,50.4,356.5335025895872,False,200.38762694219042,198.09263910619433,72.3958756473968,67.2,33.6,0.0,40.949999999999996,26.0,26.0,53.2949878359961,22.61934620809807,30.0,30.0,0.0,False,168.09263910619433,0.0,0.0,0.0,0.0,109.1698493218506,0.0,False,58.92278978434372,543.3301506781494,0.0,489.3243583721019,58.92278978434372,58.92278978434372,0.0,0.0,0083,downside,2.6901705038354873,6.758445054267745,2.392852181178026,6.078170315005037,0.2973183226574614,0.6802747392627078
2,58.92278978434372,543.3301506781494,0.0,489.3243583721019,12600.0,378.0,12600.0,13029.0,682.5,0.0,51.0,13029.0,12346.5,1693.844364056624,410.28691661142494,50.81533092169872,359.4715856897262,False,209.5888381261254,218.36059766566575,75.60138968260804,67.75377456226497,33.87688728113248,0.2768872811324812,32.59980904068896,24.466217918605096,24.466217918605096,50.1510302448034,22.805745293590764,30.0,30.0,0.0,False,188.36059766566575,0.0,0.0,0.0,0.0,120.33962318110463,0.0,False,68.02097448456112,392.99052749704475,0.0,461.9790734208893,68.02097448456112,68.02097448456112,0.0,0.0,0083,downside,2.3247511769853597,7.854962837591402,1.9180446525880261,7.1896877787564915,0.40670652439733357,0.6652750588349106
3,68.02097448456112,392.99052749704475,0.0,461.9790734208893,12600.0,378.0,12600.0,13029.0,682.5,0.0,51.0,13029.0,12346.5,1707.8028152657077,413.6679650883525,51.23408445797123,362.4338806303813,False,219.4594243052968,240.13199667745207,78.93887382737853,68.31211261062832,34.15605630531416,0.27916902418167666,23.579431649822684,23.098953671044466,23.098953671044466,47.34840211240586,22.99368043670214,30.0,30.0,0.0,False,210.13199667745207,0.0,0.0,0.0,0.0,132.33795063217383,0.0,False,77.79404604527824,230.65257686487092,0.0,437.6243517451856,77.79404604527824,77.79404604527824,0.0,0.0,0083,downside,1.9591620384463357,9.396600274927058,1.4274319802324096,8.862088143040928,0.5317300582139262,0.5345121318861299
4,77.79404604527824,230.65257686487092,0.0,437.6243517451856,12600.0,378.0,12600.0,13029.0,682.5,0.0,51.0,13029.0,12346.5,1721.8762937844374,417.0768757474275,51.656288813533116,365.42058693389436,False,229.77492854283815,262.7166966977407,82.4250536836857,68.8750517513775,34.43752587568875,0.28146957037458975,13.839154611892255,21.881217587259282,21.881217587259282,44.85227789037567,23.18316429561129,30.0,30.0,0.0,False,232.7166966977407,0.0,0.0,0.0,0.0,144.78449235789822,0.0,False,87.93220433984249,55.86808450697271,0.0,415.9552381504212,87.93220433984249,87.93220433984249,0.0,0.0,0083,downside,1.5912715203204706,11.73772044467859,0.9204325164985349,11.676162650884535,0.6708390038219357,0.061557793794055016
5,87.93220433984249,55.86808450697271,0.0,415.9552381504212,12600.0,378.0,12600.0,13029.0,682.5,0.0,51.0,13029.0,12346.5,1736.0657475175458,420.5138781923362,52.081972425526374,368.43190576680985,False,240.5670975418152,285.8678992709931,86.0705146972176,69.44262990070183,34.721314950350916,0.28378907466216674,3.3520850704183625,20.797761907521064,20.797761907521064,42.63140261066454,23.374209632809485,30.0,30.0,0.0,False,255.86789927099312,0.0,0.0,0.0,0.0,25.868084506972707,0.0,False,229.9998147640204,0.0,0.0,396.69804517256614,229.9998147640204,229.9998147640204,3364.11102553869,3146.9511297470635,0083,downside,1.2190675175107588,15.741395198586527,0.39641552646284045,17.412693280270894,0.8226519910479184,-1.671298081684366
1,25.5,409.5,0.0,312.0,5700.0,171.0,5700.0,5896.5,409.5,0.0,25.5,5896.5,5487.0,760.0,104.09326094767515,22.8,81.29326094767515,False,23.242445710756353,9.504098322914174,10.280815236918787,30.400000000000002,15.200000000000001,0.0,24.57,15.600000000000001,15.600000000000001,39.23834738784218,8.693058418689663,30.0,30.0,0.0,False,0.0,20.495901677085826,25.0,45.495901677085826,0.0,0.0,0.0,False,25.0,379.5,45.495901677085826,281.4547110308475,25.0,25.0,0.0,0.0,0084,downside,4.5944601933873175,3.8952418778225963,6.54653919479456,2.5913184204051567,-1.9520790014072427,1.3039234574174396
2,25.0,379.5,45.495901677085826,281.4547110308475,5700.0,171.0,5700.0,5896.5,409.5,0.0,25.5,5896.5,5487.0,728.6912774080462,99.80506748622433,21.860738322241385,77.94432916398294,False,22.118141311620175,11.721289627731935,9.592959877953854,29.147651096321848,14.573825548160924,-0.626174451839077,25.49975410062515,14.072735551542374,14.072735551542374,35.396851683888244,8.33494189960229,30.0,30.0,0.0,False,0.0,18.278710372268065,25.0,43.278710372268065,0.0,0.0,0.0,False,25.0,349.5,88.77461204935389,254.39280124656153,25.0,25.0,0.0,0.0,0084,downside,4.4633400772363565,3.977122720076136,6.689714561718729,2.5220820919655647,-2.2263744844823723,1.4550406281105714
3,25.0,349.5,88.77461204935389,254.39280124656153,5700.0,171.0,5700.0,5896.5,409.5,0.0,25.5,5896.5,5487.0,698.6723391718027,95.6935291030698,20.96017017515408,74.73335892791573,False,20.401586979976646,13.408147530364868,8.929310535656606,27.94689356687211,13.973446783436055,-0.6003787647248693,26.296476722961234,12.719640062328077,12.719640062328077,31.993439449611774,7.991578236767157,30.0,30.0,0.0,False,0.0,16.591852469635132,25.0,41.59185246963513,0.0,0.0,0.0,False,25.0,319.5,130.366464518989,230.39094003371693,25.0,25.0,0.0,0.0,0084,downside,4.3489289114347525,4.049205239604382,6.847457823892562,2.4526666666927297,-2.498528912457809,1.5965385729116526
4,25.0,319.5,130.366464518989,230.39094003371693,5700.0,171.0,5700.0,5896.5,409.5,0.0,25.5,5896.5,5487.0,669.8900517378535,91.75136837078945,20.096701552135602,71.65466681865385,False,18.734094190671932,14.759223228958785,8.285782986457164,26.79560206951414,13.39780103475707,-0.5756457486789852,26.99198787113934,11.519547001685847,11.519547001685847,28.974870961713147,7.66235967612658,30.0,30.0,0.0,False,0.0,15.240776771041215,25.0,40.24077677104121,0.0,0.0,0.0,False,25.0,289.5,170.60724129003023,209.07842874813036,25.0,25.0,0.0,0.0,0084,downside,4.250331913924536,4.110811310130837,7.020992509178181,2.3824386297190085,-2.770660595253645,1.728372680411828
5,25.0,289.5,170.60724129003023,209.07842874813036,5700.0,171.0,5700.0,5896.5,409.5,0.0,25.5,5896.5,5487.0,642.2934704260507,87.97160766058785,19.26880411278152,68.70280354780633,False,17.11083264672405,15.816306946328698,7.660611908249498,25.69173881704203,12.845869408521015,-0.5519316262360547,27.606434477401812,10.45392143740652,10.45392143740652,26.29452570039535,7.346703500469184,30.0,30.0,0.0,False,0.0,14.183693053671302,15.209065656298467,29.39275870996977,0.0,0.0,9.790934343701533,True,15.209065656298467,259.5,200.0,190.13060654820418,15.209065656298467,15.209065656298467,703.7728612847028,58.794727473526535,0084,downside,4.166796627772689,4.16133603542934,7.211662464321804,2.3113711247865734,-3.044865836549115,1.8499649106427665
1,18.0,468.0,0.0,330.0,5700.0,171.0,5700.0,5889.0,468.0,0.0,18.0,5889.0,5421.0,760.0,79.42057669343966,22.8,56.62057669343966,False,1.4304325200797372,-21.563689151646617,3.0101441733599152,30.400000000000002,15.200000000000001,0.0,28.08,16.5,16.5,40.994121671726354,12.785739654626024,30.0,30.0,0.0,False,-21.563689151646617,30.0,46.563689151646614,76.56368915164661,0.0,0.0,3.552713678800501e-15,True,24.999999999999996,438.0,76.56368915164661,301.79161798289965,24.999999999999996,24.999999999999996,0.0,0.0,0085,distressed,5.146552434248401,3.4635062640500367,9.964109303677647,1.7815293112032224,-4.8175568694292465,1.6819769528468143
2,24.999999999999996,438.0,76.56368915164661,301.79161798289965,5700.0,171.0,5700.0,5889.0,468.0,0.0,18.0,5889.0,5421.0,723.5830693531918,75.61497980742058,21.707492080595753,53.907487726824826,False,-0.5494279716599522,-13.039374356805855,1.986021369645262,28.943322774127672,14.471661387063836,-0.7283386129361649,30.873821349098794,15.089580899144984,15.089580899144984,37.4899463851459,12.173085188480417,30.0,23.436310848353386,6.563689151646614,True,-13.039374356805855,23.436310848353386,0.0,23.436310848353386,0.0,0.0,38.03937435680585,True,-13.039374356805855,414.5636891516466,100.0,276.47475678623414,-13.039374356805855,-13.039374356805855,0.0,0.0,0085,distressed,5.058694863924234,3.496784017151566,10.633842954696885,1.645112766000906,-5.57514809077265,1.85167125115066
3,-13.039374356805855,414.5636891516466,100.0,276.47475678623414,5700.0,171.0,5700.0,5889.0,468.0,0.0,18.0,5889.0,5421.0,688.9111292823501,71.99173576070133,20.6673338784705,51.32440188223083,False,-1.2255404710414197,-48.60988397589526,1.6567106734550823,27.556445171294005,13.778222585647002,-0.6934388014168338,30.873821349098794,13.823737839311708,13.823737839311708,34.34496914804798,11.589787294971762,30.0,0.0,30.0,True,-48.60988397589526,0.0,0.0,0.0,0.0,0.0,73.60988397589526,True,-48.60988397589526,414.5636891516466,100.0,253.7195749331579,-48.60988397589526,-48.60988397589526,0.0,0.0,0085,distressed,4.989469097079282,3.5186899436048535,11.347040593326316,1.6106413206421315,-6.357571496247034,1.908048622962722
4,-48.60988397589526,414.5636891516466,100.0,253.7195749331579,5700.0,171.0,5700.0,5889.0,468.0,0.0,18.0,5889.0,5421.0,655.9005650496006,68.5421067497266,19.677016951488017,48.865089798238586,False,-1.9198270889795914,-82.04792659611293,1.3263224256204742,26.236022601984022,13.118011300992011,-0.6602112846549915,30.873821349098794,12.685978746657895,12.685978746657895,31.51821553123808,11.034439294797755,30.0,0.0,30.0,True,-82.04792659611293,0.0,0.0,0.0,0.0,0.0,107.04792659611293,True,-82.04792659611293,414.5636891516466,100.0,233.2357986967176,-82.04792659611293,-82.04792659611293,0.0,0.0,0085,distressed,4.93874984988227,3.5286767674617656,12.10711858441362,1.5735174771016345,-7.16836873453135,1.9551592903601311
5,-82.04792659611293,414.5636891516466,100.0,233.2357986967176,5700.0,171.0,5700.0,5889.0,468.0,0.0,18.0,5889.0,5421.0,624.4717684856354,65.25777366039645,18.73415305456906,46.52362060582739,False,-2.625134762157515,-113.64668775213565,0.9970023304731788,24.978870739425417,12.489435369712709,-0.6285759312793022,30.873821349098794,11.66178993483588,11.66178993483588,28.9736263938652,10.505701912527934,30.0,0.0,30.0,True,-113.64668775213565,0.0,0.0,0.0,0.0,0.0,138.64668775213565,True,-113.64668775213565,414.5636891516466,100.0,214.76787421538035,-113.64668775213565,-113.64668775213565,522.0621892831716,-328.7469946752385,0085,distressed,4.906581323154634,3.5263163248076106,12.917667947209608,1.5341915089637783,-8.011086624054975,1.9921248158438323
1,38.25,546.0,0.0,405.6,9000.0,270.0,9000.0,9308.25,546.0,0.0,38.25,9308.25,8762.25,1200.0,240.98715865930873,36.0,204.98715865930873,False,101.96036899448157,93.77687797435632,37.986789664827185,48.0,24.0,0.0,32.76,20.28,20.28,46.433491020125246,5.931849657414691,30.0,30.0,0.0,False,63.776877974356324,0.0,0.0,0.0,0.0,38.776877974356324,0.0,False,25.0,477.22312202564365,0.0,365.0983586372895,25.0,25.0,0.0,0.0,0086,downside,3.348535597399465,5.386568702920112,3.3915561526595974,4.54349846642739,-0.043020555260132376,0.8430702364927223
2,25.0,477.22312202564365,0.0,365.0983586372895,9000.0,270.0,9000.0,9308.25,546.0,0.0,38.25,9308.25,8762.25,1157.4424664110927,232.4406427433597,34.72327399233278,197.71736875102692,False,102.39852363088508,85.60170075798803,37.70726587440596,46.29769865644371,23.148849328221853,-0.8511506717781465,28.633387321538617,18.254917931864476,18.254917931864476,41.79682287289706,5.721478914881546,30.0,30.0,0.0,False,55.60170075798803,0.0,0.0,0.0,0.0,30.601700757988027,0.0,False,25.0,416.6214212676556,0.0,329.023014679274,25.0,25.0,0.0,0.0,0086,downside,3.070482628559224,5.868091552705094,3.100337477308567,4.957326597477938,-0.029854848749343077,0.9107649552271555
3,25.0,416.6214212676556,0.0,329.023014679274,9000.0,270.0,9000.0,9308.25,546.0,0.0,38.25,9308.25,8762.25,1116.394219209828,224.19722569254492,33.49182657629484,190.70539911625008,False,101.59974508159728,88.9328634308956,37.31424077655676,44.655768768393116,22.327884384196558,-0.8209649440252953,24.997285276059333,16.4511507339637,16.4511507339637,37.66688165070169,5.5185688889663,30.0,30.0,0.0,False,58.932863430895594,0.0,0.0,0.0,0.0,33.932863430895594,0.0,False,25.0,352.68855783675997,0.0,296.87470191753863,25.0,25.0,0.0,0.0,0086,downside,2.785033823347175,6.469672702148181,2.7857760408275505,5.409063580549329,-0.0007422174803752846,1.0606091215988513
4,25.0,352.68855783675997,0.0,296.87470191753863,9000.0,270.0,9000.0,9308.25,546.0,0.0,38.25,9308.25,8762.25,1076.8017321410912,216.24615822341968,32.304051964232734,183.94210625918694,False,100.97662568979216,91.99011482788292,36.9842644232761,43.07206928564365,21.536034642821825,-0.7918497413747332,21.1613134702056,14.843735095876932,14.843735095876932,33.98651086190924,5.322854988253898,30.0,30.0,0.0,False,61.99011482788292,0.0,0.0,0.0,0.0,36.99011482788292,0.0,False,25.0,285.69844300887706,0.0,268.21104604388324,25.0,25.0,0.0,0.0,0086,downside,2.489757176066098,7.247866592853297,2.445867678751108,6.005995459956909,0.043889497314990145,1.2418711328963878
5,25.0,285.69844300887706,0.0,268.21104604388324,9000.0,270.0,9000.0,9308.25,546.0,0.0,38.25,9308.25,8762.25,1038.613377237601,208.57707227169854,31.158401317128032,177.4186709545705,False,100.52729237957655,94.82222532342011,36.716553017960926,41.544535089504045,20.772267544752022,-0.7637670980698026,17.141906580532623,13.410552302194162,13.410552302194162,30.705067056156437,5.134082004960982,30.0,30.0,0.0,False,64.82222532342011,0.0,0.0,0.0,0.0,39.82222532342011,0.0,False,25.0,215.87621768545694,0.0,242.64006099268778,25.0,25.0,1668.6165781735883,1210.0710508228399,0086,downside,2.1821133533829538,8.300093472794451,2.078446465647163,6.826850600545941,0.10366688773579069,1.4732428722485098
1,35.0,470.0,0.0,360.0,7350.0,220.5,7350.0,7605.5,470.0,0.0,35.0,7605.5,7135.5,980.0,210.41141178712996,29.4,181.01141178712996,False,91.30855884034749,81.50179910919246,33.70285294678249,39.2,19.6,0.0,28.2,18.0,18.0,44.80675973115503,9.388599221336325,30.0,30.0,0.0,False,51.50179910919246,0.0,0.0,0.0,0.0,26.50179910919246,0.0,False,25.0,413.49820089080754,0.0,324.5818394901813,25.0,25.0,0.0,0.0,0087,base,3.749781509253227,4.794528194479809,3.3889798767302657,4.554359562491991,0.3608016325229615,0.24016863198781824
2,25.0,413.49820089080754,0.0,324.5818394901813,7350.0,220.5,7350.0,7605.5,470.0,0.0,35.0,7605.5,7135.5,953.8189054679544,204.79018621302788,28.614567164038633,176.17561904898923,False,92.3379091017352,76.93940772636608,33.784158755257934,38.15275621871818,19.07637810935909,-0.5236218906409107,24.80989205344845,16.229091974509068,16.229091974509068,40.398501375369115,9.137779013441126,30.0,30.0,0.0,False,46.939407726366085,0.0,0.0,0.0,0.0,21.939407726366085,0.0,False,25.0,361.55879316444145,0.0,293.3211171282533,25.0,25.0,0.0,0.0,0087,base,3.508743520249021,5.095317579030136,3.075732885156313,4.9901378180686935,0.4330106350927081,0.10517976096144288
3,25.0,361.55879316444145,0.0,293.3211171282533,7350.0,220.5,7350.0,7605.5,470.0,0.0,35.0,7605.5,7135.5,928.3372494164149,199.31913394315188,27.850117482492447,171.46901646065945,False,92.55833538765185,81.05064422309732,33.777358253595075,37.1334899766566,18.5667449883283,-0.5096331210307916,21.693527589866488,14.666055856412667,14.666055856412667,36.50769116455452,8.893659568375979,30.0,30.0,0.0,False,51.05064422309732,0.0,0.0,0.0,0.0,26.050644223097322,0.0,False,25.0,305.50814894134413,0.0,265.7070855320748,25.0,25.0,0.0,0.0,0087,base,3.2745211603819313,5.431379146257509,2.7404054175210586,5.4818871684171935,0.5341157428608727,-0.05050802215968453
4,25.0,305.50814894134413,0.0,265.7070855320748,7350.0,220.5,7350.0,7605.5,470.0,0.0,35.0,7605.5,7135.5,903.5363460647922,193.9942430372222,27.106090381943762,166.88815265527842,False,92.91488668803007,84.84412685386025,33.8180773605485,36.14145384259169,18.070726921295844,-0.49601806703245543,18.33048893648065,13.28535427660374,13.28535427660374,33.07075983416982,8.656061872564262,30.0,30.0,0.0,False,54.844126853860246,0.0,0.0,0.0,0.0,29.844126853860246,0.0,False,25.0,245.6640220874839,0.0,241.29238757046923,25.0,25.0,0.0,0.0,0087,base,3.044855844583901,5.813046006261048,2.381289271400267,6.135981942020026,0.6635665731836342,-0.32293593575897805
5,25.0,245.6640220874839,0.0,241.29238757046923,7350.0,220.5,7350.0,7605.5,470.0,0.0,35.0,7605.5,7135.5,879.3980088306479,188.81160873555876,26.381940264919436,162.42966847063934,False,93.40769248152652,88.37566460700776,33.906301941716706,35.17592035322592,17.58796017661296,-0.48276674468288405,14.739841325249033,12.064619378523462,12.064619378523462,30.032027874518757,8.424811694849119,30.0,30.0,0.0,False,58.375664607007764,0.0,0.0,0.0,0.0,33.375664607007764,0.0,False,25.0,182.28835748047612,0.0,219.6851713907996,25.0,25.0,1510.49286988447,1110.8619479649271,0087,base,2.817572648341118,6.254628367813988,1.996559064327704,7.0440368423075626,0.8210135840134138,-0.789408474493575
1,25.5,409.5,0.0,312.0,5700.0,171.0,5700.0,5896.5,409.5,0.0,25.5,5896.5,5487.0,760.0,132.87299672948663,22.8,110.07299672948663,False,44.82724754711498,25.239569538169256,17.475749182371658,30.400000000000002,15.200000000000001,0.0,24.57,15.600000000000001,15.600000000000001,45.08767800894572,8.875312478820987,30.0,30.0,0.0,False,0.0,4.760430461830744,25.0,29.760430461830744,0.0,0.0,0.0,False,25.0,379.5,29.760430461830744,275.7876344698753,25.0,25.0,0.0,0.0,0088,downside,4.28321435359105,4.172742051934269,4.967510940356709,3.307766908874449,-0.684296586765659,0.8649751430598198
2,25.0,379.5,29.760430461830744,275.7876344698753,5700.0,171.0,5700.0,5896.5,409.5,0.0,25.5,5896.5,5487.0,771.9251651863312,134.95790782791028,23.157754955589937,111.80015287232034,False,47.133604035247615,32.27903973452147,18.363786330279183,30.87700660745325,15.438503303726625,0.23850330372662398,24.555625827709846,13.789381723493765,13.789381723493765,39.854564300726146,9.014575067492364,30.0,30.0,0.0,False,2.2790397345214686,0.0,22.72096026547853,22.72096026547853,0.0,0.0,0.0,False,25.0,349.5,52.481390727309275,244.94764523664153,25.0,25.0,0.0,0.0,0088,downside,3.8664208055549567,4.581283552451871,4.608318593357235,3.5195692072219735,-0.7418977878022783,1.0617143452298974
3,25.0,349.5,52.481390727309275,244.94764523664153,5700.0,171.0,5700.0,5896.5,409.5,0.0,25.5,5896.5,5487.0,784.03744822098,137.07553328060698,23.5211234466294,113.55440983397757,False,49.808487953477425,39.410665653864726,19.297036032126737,31.3614979288392,15.6807489644196,0.2422456606929746,24.11888344363856,12.247382261832078,12.247382261832078,35.3978222996127,9.15602282639293,30.0,30.0,0.0,False,9.410665653864726,0.0,15.589334346135274,15.589334346135274,0.0,0.0,0.0,False,25.0,319.5,68.07072507344455,218.70584576342176,25.0,25.0,0.0,0.0,0088,downside,3.484776587150825,5.04099417397085,4.240556698378379,3.7693046184829053,-0.755780111227554,1.2716895554879444
4,25.0,319.5,68.07072507344455,218.70584576342176,5700.0,171.0,5700.0,5896.5,409.5,0.0,25.5,5896.5,5487.0,796.3397851713811,139.2263864087329,23.890193555141433,115.33619285359147,False,52.65054820503846,46.04497528050222,20.286664265253428,31.853591406855244,15.926795703427622,0.24604673900802254,23.254243504406674,10.93529228817109,10.93529228817109,31.60557292453624,9.299690043043661,30.0,30.0,0.0,False,16.04497528050222,0.0,8.955024719497779,8.955024719497779,0.0,0.0,0.0,False,25.0,289.5,77.02574979294232,196.39996288192918,25.0,25.0,0.0,0.0,0088,downside,3.131334125614407,5.567464896666711,3.8636764664397716,4.072192943870203,-0.7323423408253644,1.4952719527965082
5,25.0,289.5,77.02574979294232,196.39996288192918,5700.0,171.0,5700.0,5896.5,409.5,0.0,25.5,5896.5,5487.0,808.8351581748235,141.41098858796988,24.265054745244704,117.14593384272519,False,55.66253399147206,52.28042409599348,21.33359767776305,32.35340632699294,16.17670316349647,0.24990746006884734,21.991544987576535,9.81999814409646,9.81999814409646,28.382109895478575,9.44561154297126,30.0,30.0,0.0,False,22.28042409599348,0.0,2.7195759040065184,2.7195759040065184,0.0,0.0,0.0,False,25.0,259.5,79.74532569694884,177.46346452942186,25.0,25.0,1131.287908703759,622.6097998468321,0088,downside,2.8001778176262366,6.183075002627197,3.477161111284398,4.445272837053126,-0.6769832936581612,1.7378021655740712
1,60.0,650.0,0.0,500.0,12600.0,378.0,12600.0,13038.0,650.0,0.0,60.0,13038.0,12388.0,1680.0,382.3792246132786,50.4,331.97922461327863,False,184.18441845995898,196.8516801957826,66.99480615331966,67.2,33.6,0.0,39.0,25.0,25.0,47.332738264176385,11.365342856030306,30.0,30.0,0.0,False,166.8516801957826,0.0,0.0,0.0,0.0,121.82076695574912,0.0,False,45.03091324003347,498.17923304425085,0.0,464.0326045918539,45.03091324003347,45.03091324003347,0.0,0.0,0089,base,2.3972932719456277,7.6199240427628565,2.3986159952169666,5.974675384582478,-0.001322723271338866,1.6452486581803782
2,45.03091324003347,498.17923304425085,0.0,464.0326045918539,12600.0,378.0,12600.0,13038.0,650.0,0.0,60.0,13038.0,12388.0,1763.0121107235018,401.2733356442097,52.89036332170505,348.38297232250466,False,202.1775777609876,203.2806233626405,73.82264702756423,70.52048442894008,35.26024221447004,1.6602422144700384,29.89075398265505,23.201630229592695,23.201630229592695,43.92786763838054,11.926926843872774,30.0,30.0,0.0,False,173.2806233626405,0.0,0.0,0.0,0.0,125.79928919402836,0.0,False,47.48133416861215,342.3799438502225,0.0,432.03166379734614,47.48133416861215,47.48133416861215,0.0,0.0,0089,base,1.8904463697470826,9.782247803450437,1.8115588774717182,7.558020638893082,0.0788874922753644,2.2242271645573544
3,47.48133416861215,342.3799438502225,0.0,432.03166379734614,12600.0,378.0,12600.0,13038.0,650.0,0.0,60.0,13038.0,12388.0,1850.1260134272243,421.10104193521323,55.50378040281672,365.5972615323965,False,222.34612309529018,228.92897393518945,80.86322042787896,74.00504053708897,37.00252026854449,1.742278054074447,20.54279663101335,21.60158318986731,21.60158318986731,40.898483328712864,12.516259803250556,30.0,30.0,0.0,False,198.92897393518945,0.0,0.0,0.0,0.0,141.67165429038062,0.0,False,57.25731964480883,170.7082895598419,0.0,403.6494402718838,57.25731964480883,57.25731964480883,0.0,0.0,0089,base,1.3992911395753707,13.540615547101176,1.2279722885759878,9.991867094140426,0.17131885099938282,3.5487484529607496
4,57.25731964480883,170.7082895598419,0.0,403.6494402718838,12600.0,378.0,12600.0,13038.0,650.0,0.0,60.0,13038.0,12388.0,1941.5443857361836,441.9084742678965,58.2463315720855,383.662142695811,False,243.68406867792868,262.72972170899675,88.30929332715657,77.66177542944735,38.83088771472367,1.8283674461791861,10.242497373590513,20.182472013594193,20.182472013594193,38.211666613740746,13.13471286553124,30.0,30.0,0.0,False,232.72972170899675,0.0,0.0,0.0,0.0,140.7082895598419,0.0,False,92.02143214915486,0.0,0.0,378.5724865236743,92.02143214915486,92.02143214915486,0.0,0.0,0089,base,0.9210205962851654,21.746094553572554,0.6484398264804595,14.524533078216757,0.2725807698047059,7.221561475355797
5,92.02143214915486,0.0,0.0,378.5724865236743,12600.0,378.0,12600.0,13038.0,650.0,0.0,60.0,13038.0,12388.0,2037.479919976258,463.74404283669435,61.12439759928774,402.6196452374066,False,265.4747557988531,321.6584431107209,95.92275522780572,81.49919679905032,40.74959839952516,1.9187106848014892,0.0,18.928624326183716,18.928624326183716,35.83774483728703,13.783724912385336,0.0,0.0,0.0,False,321.6584431107209,0.0,0.0,0.0,0.0,0.0,0.0,False,321.6584431107209,0.0,0.0,356.51846659877253,321.6584431107209,321.6584431107209,3709.952342693555,3619.4430340650997,0089,base,0.6170310093276489,34.87601594568876,0.07517082758587038,24.499616815533887,0.5418601817417785,10.376399130154876
1,46.75,640.5,0.0,488.8,10875.0,326.25,10875.0,11248.0,640.5,0.0,46.75,11248.0,10607.5,1450.0,220.02937040304482,43.5,176.52937040304482,False,70.74452780228361,56.15341276994058,28.414842600761204,58.0,29.0,0.0,38.43,24.44,24.44,61.34111503234303,11.287078695295406,30.0,30.0,0.0,False,26.15341276994058,0.0,0.0,0.0,0.0,1.15341276994058,0.0,False,25.0,609.3465872300594,0.0,438.74596366295236,25.0,25.0,0.0,0.0,0090,downside,3.0581529883383514,5.93227271413418,4.64979992906826,3.4997513981715414,-1.591646940729909,2.432521315962638
2,25.0,609.3465872300594,0.0,438.74596366295236,10875.0,326.25,10875.0,11248.0,640.5,0.0,46.75,11248.0,10607.5,1397.4845067157091,212.06043873149457,41.92453520147127,170.1359035300233,False,70.80382238333283,40.74415252444298,27.909452528268034,55.89938026862836,27.94969013431418,-1.0503098656858185,36.56079523380356,21.937298183147618,21.937298183147618,55.05966985888985,10.87828800190089,30.0,30.0,0.0,False,10.744152524442981,0.0,14.255847475557019,14.255847475557019,0.0,0.0,0.0,False,25.0,579.3465872300594,14.255847475557019,394.5645818059634,25.0,25.0,0.0,0.0,0090,downside,2.7156783307917896,6.693389669333216,4.541945788064303,3.625082910309777,-1.8262674572725133,3.0683067590234394
3,25.0,579.3465872300594,14.255847475557019,394.5645818059634,10875.0,326.25,10875.0,11248.0,640.5,0.0,46.75,11248.0,10607.5,1346.870997593413,204.38012249282727,40.40612992780239,163.97399256502487,False,69.01577325080407,44.50056989514138,27.157404348097426,53.87483990373652,26.93741995186826,-1.0122701824459206,35.61614608233699,19.72822909029817,19.72822909029817,49.51520335566269,10.484302718791643,30.0,30.0,0.0,False,14.500569895141382,0.0,10.499430104858618,10.499430104858618,0.0,0.0,0.0,False,25.0,549.3465872300594,24.755277580415637,355.53368116909235,25.0,25.0,0.0,0.0,0090,downside,2.3611722692927226,7.733646584621952,4.426240355205363,3.6928797525549144,-2.0650680859126402,4.040766832067037
4,25.0,549.3465872300594,24.755277580415637,355.53368116909235,10875.0,326.25,10875.0,11248.0,640.5,0.0,46.75,11248.0,10607.5,1298.0905873665695,196.97796873405855,38.94271762099708,158.03525111306146,False,67.35404370535494,47.73695607346937,26.453113791494584,51.92362349466278,25.96181174733139,-0.9756082045368721,34.4461118886285,17.776684058454617,17.776684058454617,44.61708763188557,10.1045866298129,30.0,30.0,0.0,False,17.736956073469372,0.0,7.263043926530628,7.263043926530628,0.0,0.0,0.0,False,25.0,519.3465872300594,32.018321506946265,321.0211801670197,25.0,25.0,0.0,0.0,0090,downside,1.9913001696365695,9.251393167881615,4.301933329651133,3.7718771115520995,-2.3106331600145635,5.4795160563295155
5,25.0,519.3465872300594,32.018321506946265,321.0211801670197,10875.0,326.25,10875.0,11248.0,640.5,0.0,46.75,11248.0,10607.5,1251.076885626397,189.84390308288152,37.5323065687919,152.31159651408962,False,65.81348741467819,50.5274867181895,25.794660745379574,50.043075425055875,25.021537712527937,-0.9402740348034513,33.08189452422034,16.051059008350986,16.051059008350986,40.28600069648869,9.738622939262228,30.0,30.0,0.0,False,20.5274867181895,0.0,4.4725132818105,4.4725132818105,0.0,0.0,0.0,False,25.0,489.3465872300594,36.490834788756764,290.47380240979317,25.0,25.0,1518.7512246630522,704.6587318644971,0090,downside,1.6025832566152822,11.687536932115849,4.168220372519105,3.8638813552502964,-2.565637115903823,7.823655576865553
1,51.0,682.5,0.0,520.0,12600.0,378.0,12600.0,13029.0,682.5,0.0,51.0,13029.0,12346.5,1680.0,343.18290888535347,50.4,292.7829088853535,False,152.5746816640151,157.3642994820087,56.458227221338376,67.2,33.6,0.0,40.949999999999996,26.0,26.0,46.21038218200639,16.360988158081444,30.0,30.0,0.0,False,127.3642994820087,0.0,0.0,0.0,0.0,93.22309040130922,0.0,False,34.14120908069948,559.2769095986907,0.0,490.15060597607504,34.14120908069948,34.14120908069948,0.0,0.0,0091,downside,2.731686070211168,6.669996894947022,2.958440762075483,5.125958310460844,-0.2267546918643153,1.5440385844861773
2,34.14120908069948,559.2769095986907,0.0,490.15060597607504,12600.0,378.0,12600.0,13029.0,682.5,0.0,51.0,13029.0,12346.5,1661.7435421996786,339.45356109139095,49.85230626599036,289.6012548254006,False,157.40052619701623,147.98395291445328,57.88427748766885,66.46974168798714,33.23487084399357,-0.36512915600643225,33.556614575921444,24.507530298803754,24.507530298803754,43.55778236326241,16.18319429505789,30.0,30.0,0.0,False,117.98395291445328,0.0,0.0,0.0,0.0,87.66614451878517,0.0,False,30.31780839566811,441.61076507990555,0.0,462.77601790787054,30.31780839566811,30.31780839566811,0.0,0.0,0091,downside,2.3962162889131027,7.654862602709431,2.574929459516799,5.84618204270071,-0.17871317060369618,1.808680560008721
3,30.31780839566811,441.61076507990555,0.0,462.77601790787054,12600.0,378.0,12600.0,13029.0,682.5,0.0,51.0,13029.0,12346.5,1643.6854762156756,335.76473989303753,49.31056428647027,286.4541756065673,False,161.53835316230786,150.73105261145724,59.204682201594856,65.74741904862702,32.87370952431351,-0.3611613196800576,26.49664590479433,23.13880089539353,23.13880089539353,41.125108946518715,16.007332507128055,30.0,30.0,0.0,False,120.73105261145724,0.0,0.0,0.0,0.0,89.2935347479425,0.0,False,31.437517863514742,322.31723033196306,0.0,437.6582414684799,31.437517863514742,31.437517863514742,0.0,0.0,0091,downside,2.049439840195452,9.04746209733505,2.1697869590744223,6.764616046364806,-0.12034711887897043,2.2828460509702433
4,31.437517863514742,322.31723033196306,0.0,437.6582414684799,12600.0,378.0,12600.0,13029.0,682.5,0.0,51.0,13029.0,12346.5,1625.8236461361919,332.11600489024397,48.77470938408575,283.3412955061582,False,165.68851234984007,158.2330405915023,60.5298374032041,65.03294584544767,32.516472922723835,-0.3572366015896762,19.339033819917784,21.882912073423995,21.882912073423995,38.89298962185249,15.833381798549425,30.0,30.0,0.0,False,128.2330405915023,0.0,0.0,0.0,0.0,93.73773528107061,0.0,False,34.495305310431675,198.57949505089243,0.0,414.59863364517685,34.495305310431675,34.495305310431675,0.0,0.0,0091,downside,1.689468206201842,11.173902556943645,1.7424117322405999,8.056776498362435,-0.05294352603875785,3.11712605858121
5,34.495305310431675,198.57949505089243,0.0,414.59863364517685,12600.0,378.0,12600.0,13029.0,682.5,0.0,51.0,13029.0,12346.5,1608.1559194775907,328.50692046876185,48.24467758432772,280.26224288443416,False,169.9849514627374,167.63648501762816,61.904385374780446,64.32623677910362,32.16311838955181,-0.35335453317202337,11.914769703053546,20.729931682258844,20.729931682258844,36.843771755540914,15.661321401738952,30.0,30.0,0.0,False,137.63648501762816,0.0,0.0,0.0,0.0,99.30836440537617,0.0,False,38.32812061225199,69.27113064551627,0.0,393.4161832913749,38.32812061225199,38.32812061225199,2628.055363750095,2164.275339969204,0091,downside,1.3143570036019812,14.83196309834959,1.2917815938827142,10.063100795174213,0.02257540971926697,4.768862303175377
1,60.0,650.0,0.0,500.0,12600.0,378.0,12600.0,13038.0,650.0,0.0,60.0,13038.0,12388.0,1680.0,426.6930101849482,50.4,376.29301018494823,False,217.41975763871113,226.55995597652583,78.07325254623706,67.2,33.6,0.0,39.0,25.0,25.0,50.859801662185305,11.73988118317473,30.0,30.0,0.0,False,196.55995597652583,0.0,0.0,0.0,0.0,154.53822235164895,0.0,False,42.02173362487687,465.461777648351,0.0,460.8800795209894,42.02173362487687,42.02173362487687,0.0,0.0,0092,base,2.4971654119396285,7.326451226984134,2.0724973281403387,6.667078284139816,0.4246680837992898,0.6593729428443185
2,42.02173362487687,465.461777648351,0.0,460.8800795209894,12600.0,378.0,12600.0,13038.0,650.0,0.0,60.0,13038.0,12388.0,1659.3289495546246,421.442895459816,49.77986848663873,371.66302697317724,False,224.33861876703133,219.47981352292882,80.17282908455668,66.37315798218499,33.186578991092496,-0.41342100890750544,27.92770665890106,23.04400397604947,23.04400397604947,46.88053886897942,11.595431375936563,30.0,30.0,0.0,False,189.47981352292882,0.0,0.0,0.0,0.0,149.70880479610932,0.0,False,39.7710087268195,285.75297285224167,0.0,425.59497202794654,39.7710087268195,39.7710087268195,0.0,0.0,0092,base,2.057298474331608,9.0150924918201,1.5935182284201126,8.268172486462305,0.46378024591149547,0.7469200053577953
3,39.7710087268195,285.75297285224167,0.0,425.59497202794654,12600.0,378.0,12600.0,13038.0,650.0,0.0,60.0,13038.0,12388.0,1638.9122397797942,416.25737917892616,49.16736719339382,367.0900119855323,False,230.51802555744902,226.99768255273918,82.16627125325013,65.55648959119176,32.77824479559588,-0.4083341954966144,17.1451783711345,21.27974860139733,21.27974860139733,43.291351731529325,11.452758907539021,30.0,30.0,0.0,False,196.99768255273918,0.0,0.0,0.0,0.0,154.83679888814464,0.0,False,42.160883664594536,100.91617396409703,0.0,393.7563792039562,42.160883664594536,42.160883664594536,0.0,0.0,0092,base,1.6007910134337884,11.880089238365894,1.0870958501589683,10.83300378102186,0.5136951632748201,1.0470854573440338
4,42.160883664594536,100.91617396409703,0.0,393.7563792039562,12600.0,378.0,12600.0,13038.0,650.0,0.0,60.0,13038.0,12388.0,1618.746741217871,411.1356665103147,48.56240223653613,362.5732642737786,False,236.83869871586091,238.94683968138855,84.20761871893373,64.74986964871484,32.37493482435742,-0.403309971238464,6.054970437845822,19.687818960197813,19.687818960197813,40.052742699066876,11.311841909255415,30.0,30.0,0.0,False,208.94683968138855,0.0,0.0,0.0,0.0,70.91617396409703,0.0,False,138.03066571729153,0.0,0.0,365.01547841414475,138.03066571729153,138.03066571729153,0.0,0.0,0092,base,1.1249039951817286,17.83046390906071,0.5520922439628783,15.970905877882824,0.5728117512188503,1.8595580311778868
5,138.03066571729153,0.0,0.0,365.01547841414475,12600.0,378.0,12600.0,13038.0,650.0,0.0,60.0,13038.0,12388.0,1598.8293629166797,406.07697240178635,47.964880887500385,358.11209151428596,False,239.30604213204103,340.20747817779045,84.96532939839469,63.95317451666719,31.976587258333595,-0.3983475660238227,0.0,18.25077392070724,18.25077392070724,37.12922967154216,11.172658781436171,0.0,0.0,0.0,False,340.20747817779045,0.0,0.0,0.0,0.0,0.0,0.0,False,340.20747817779045,0.0,0.0,339.0589075240388,340.20747817779045,340.20747817779045,3248.615779214291,3201.0351131798284,0092,base,0.7999632292422486,26.863035738559834,-0.0028284555190567205,22.24984946753701,0.8027916847613054,4.613186271022823
1,35.0,470.0,0.0,360.0,7350.0,220.5,7350.0,7605.5,470.0,0.0,35.0,7605.5,7135.5,980.0,171.87883653205853,29.4,142.47883653205852,False,62.40912739904388,55.61479761711,24.06970913301463,39.2,19.6,0.0,28.2,18.0,18.0,41.79432978193388,17.192605538090774,30.0,30.0,0.0,False,25.61479761711,0.0,0.0,0.0,0.0,0.6147976171099998,0.0,False,25.0,439.38520238289,0.0,335.3982757561569,25.0,25.0,0.0,0.0,0093,base,3.439793960510169,5.23957045723226,4.362279226850588,3.7203211370575437,-0.922485266340419,1.519249320174716
2,25.0,439.38520238289,0.0,335.3982757561569,7350.0,220.5,7350.0,7605.5,470.0,0.0,35.0,7605.5,7135.5,1034.6475815814595,181.4632883091116,31.03942744744378,150.4238608616678,False,69.02869875072113,55.09051501392996,26.82270873272164,41.38590326325838,20.69295163162919,1.0929516316291874,26.3631121429734,16.769913787807848,16.769913787807848,38.938183736791174,18.15131402149962,30.0,30.0,0.0,False,25.09051501392996,0.0,0.0,0.0,0.0,0.09051501392995931,0.0,False,25.0,409.29468736896,0.0,314.61140604086535,25.0,25.0,0.0,0.0,0093,base,2.9215452740209704,6.157458332457939,3.851501314245346,4.207061396534506,-0.9299560402243756,1.9503969359234326
3,25.0,409.29468736896,0.0,314.61140604086535,7350.0,220.5,7350.0,7605.5,470.0,0.0,35.0,7605.5,7135.5,1092.3424674207786,191.5821963212668,32.770274022623354,158.81192229864342,False,76.81543067485276,65.29050607143657,29.63091768861564,43.69369869683114,21.84684934841557,1.153897716786382,24.5576812421376,15.730570302043269,15.730570302043269,36.524924603416196,19.16348281109206,30.0,30.0,0.0,False,35.29050607143657,0.0,0.0,0.0,0.0,10.290506071436567,0.0,False,25.0,369.0041812975235,0.0,297.24996424854123,25.0,25.0,0.0,0.0,0093,base,2.438116581336993,7.380234524046564,3.347148941077682,4.755286937959422,-0.9090323597406886,2.624947586087142
4,25.0,369.0041812975235,0.0,297.24996424854123,7350.0,220.5,7350.0,7605.5,470.0,0.0,35.0,7605.5,7135.5,1153.2545838526864,202.2653633651664,34.597637515580594,167.6677258495858,False,85.24794440231548,75.73860264267219,32.666244189826834,46.13018335410746,23.06509167705373,1.2182423286381585,22.140250877851408,14.862498212427063,14.862498212427063,34.5093417596433,20.232093005279864,30.0,30.0,0.0,False,45.73860264267219,0.0,0.0,0.0,0.0,20.73860264267219,0.0,False,25.0,318.2655786548513,0.0,282.9727154941778,25.0,25.0,0.0,0.0,0093,base,1.9835314123581382,9.102241469918358,2.848922250265353,5.466225303197985,-0.8653908379072146,3.636016166720373
5,25.0,318.2655786548513,0.0,282.9727154941778,7350.0,220.5,7350.0,7605.5,470.0,0.0,35.0,7605.5,7135.5,1217.5633327866476,213.54425412598425,36.52689998359943,177.01735414238482,False,94.36777942974294,86.51596001126234,35.943195912096215,48.702533311465906,24.351266655732953,1.2861749786792238,19.095934719291076,14.148635774708891,14.148635774708891,32.85181941848061,21.36029193698365,30.0,30.0,0.0,False,56.51596001126234,0.0,0.0,0.0,0.0,31.515960011262337,0.0,False,25.0,256.749618643589,0.0,271.48118801268083,25.0,25.0,1708.354033007874,1179.497915856486,0093,base,1.5527851633615746,11.726491638777086,2.3565644915895505,6.423432486953774,-0.8037793282279759,5.3030591518233114
1,60.0,650.0,0.0,500.0,12600.0,378.0,12600.0,13038.0,650.0,0.0,60.0,13038.0,12388.0,1680.0,366.11431255452453,50.4,315.71431255452455,False,171.98573441589343,180.38873309693727,62.92857813863114,67.2,33.6,0.0,39.0,25.0,25.0,51.59700131895615,9.060001870761496,30.0,30.0,0.0,False,150.38873309693727,0.0,0.0,0.0,0.0,112.4706373421271,0.0,False,37.91809575481017,507.52936265787287,0.0,457.46300055180535,37.91809575481017,37.91809575481017,0.0,0.0,0094,base,2.2765147139764705,8.018432862460937,2.532198921660024,5.720536133664446,-0.2556842076835535,2.2978967287964913
2,37.91809575481017,507.52936265787287,0.0,457.46300055180535,12600.0,378.0,12600.0,13038.0,650.0,0.0,60.0,13038.0,12388.0,1845.2717915338278,402.1311984724186,55.358153746014835,346.7730447264038,False,198.32794595849094,189.03860362761083,73.36203323483528,73.81087166135312,36.90543583067656,3.305435830676558,30.451761759472372,22.87315002759027,22.87315002759027,47.20743808569028,9.951289216285655,30.0,30.0,0.0,False,159.03860362761083,0.0,0.0,0.0,0.0,117.86374829096304,0.0,False,41.17485533664778,359.66561436690984,0.0,420.2068516824007,41.17485533664778,41.17485533664778,0.0,0.0,0094,base,1.6858826726821243,10.969557131407987,1.83695672834827,7.541150749169756,-0.15107405566614562,3.428406382238231
3,41.17485533664778,359.66561436690984,0.0,420.2068516824007,12600.0,378.0,12600.0,13038.0,650.0,0.0,60.0,13038.0,12388.0,2026.8023718038469,441.69128395050313,60.804071154115405,380.88721279638776,False,229.824064689251,227.63609306491628,84.57423333756329,81.07209487215388,40.53604743607694,3.6306116054003823,21.579936862014588,21.01034258412004,21.01034258412004,43.36282696098248,10.930257904884936,30.0,30.0,0.0,False,197.63609306491628,0.0,0.0,0.0,0.0,141.9289111328516,0.0,False,55.707181932064685,187.73670323405824,0.0,387.77428262630315,55.707181932064685,55.707181932064685,0.0,0.0,0094,base,1.142981831554398,16.668261583126647,1.1768486787403916,10.370706407529564,-0.03386684718599353,6.297555175597083
4,55.707181932064685,187.73670323405824,0.0,387.77428262630315,12600.0,378.0,12600.0,13038.0,650.0,0.0,60.0,13038.0,12388.0,2226.1912164901764,485.14313502394145,66.78573649470529,418.35739852923615,False,264.5286725942798,280.2198741820912,96.92612055096937,89.04764865960706,44.52382432980353,3.98777689372659,11.264202194043493,19.388714131315158,19.388714131315158,40.01598034425328,12.005533682186792,30.0,30.0,0.0,False,250.2198741820912,0.0,0.0,0.0,0.0,157.73670323405824,0.0,False,92.48317094803295,0.0,0.0,359.7638359642367,92.48317094803295,92.48317094803295,0.0,0.0,0094,base,0.6410505658365198,32.36381759238563,0.5509315616782121,15.826981350632224,0.09011900415830765,16.536836241753406
5,92.48317094803295,0.0,0.0,359.7638359642367,12600.0,378.0,12600.0,13038.0,650.0,0.0,60.0,13038.0,12388.0,2445.1951513986305,532.8696082833131,73.35585454195892,459.5137537413542,False,302.3121412452014,357.6698419557155,110.38139048578559,97.80780605594522,48.90390302797261,4.380078698169079,0.0,17.988191798211837,17.988191798211837,37.12547023751889,13.186590860743175,0.0,0.0,0.0,False,357.6698419557155,0.0,0.0,0.0,0.0,0.0,0.0,False,357.6698419557155,0.0,0.0,335.82495658746103,357.6698419557155,357.6698419557155,4262.956866266505,4220.857398640762,0094,base,0.46621026095293694,46.08035564997416,-0.040994804411213726,29.623300343967003,0.5072050653641507,16.457055306007156
1,29.75,493.5,0.0,374.40000000000003,7350.0,220.5,7350.0,7600.25,493.5,0.0,29.75,7600.25,7106.75,980.0,170.05368259598262,29.4,140.65368259598262,False,59.44276194698696,44.33051716931852,23.080920648995654,39.2,19.6,0.0,29.61,18.720000000000002,18.720000000000002,44.862244777668444,9.106876101310014,30.0,30.0,0.0,False,14.330517169318519,0.0,10.669482830681481,10.669482830681481,0.0,0.0,0.0,False,25.0,463.5,10.669482830681481,338.64463132364165,25.0,25.0,0.0,0.0,0095,downside,3.6965335006681803,4.859291172792878,4.632737745680166,3.5185947154144968,-0.9362042450119858,1.3406964573783808
2,25.0,463.5,10.669482830681481,338.64463132364165,7350.0,220.5,7350.0,7600.25,493.5,0.0,29.75,7600.25,7106.75,1024.7134230047484,177.81254202805343,30.74140269014245,147.07113933791098,False,65.12515141127355,49.547271221411116,25.422184700472002,40.98853692018994,20.49426846009497,0.8942684600949669,28.450168969840888,16.932231566182082,16.932231566182082,40.577880189862434,9.52238590066686,30.0,30.0,0.0,False,19.547271221411116,0.0,5.4527287785888845,5.4527287785888845,0.0,0.0,0.0,False,25.0,433.5,16.122211609270366,307.5891370344461,25.0,25.0,0.0,0.0,0095,downside,3.2491215599515892,5.496505368399615,4.117883588482728,3.918094678286399,-0.868762028531139,1.5784106901132158
3,25.0,433.5,16.122211609270366,307.5891370344461,7350.0,220.5,7350.0,7600.25,493.5,0.0,29.75,7600.25,7106.75,1071.4669380470496,185.9254067293289,32.14400814141148,153.7813985879174,False,71.91871709841263,60.06204200067993,27.85615225990972,42.85867752188198,21.42933876094099,0.9350703008460215,26.97733269655622,15.379456851722304,15.379456851722304,36.8566750977327,9.956853725963768,30.0,30.0,0.0,False,30.06204200067993,0.0,0.0,0.0,5.062042000679931,0.0,0.0,False,25.0,403.5,11.060169608590435,280.68931566267713,25.0,25.0,0.0,0.0,0095,downside,2.8355819141329417,6.267722076418501,3.6049375771812615,4.3895065870705325,-0.7693556630483198,1.8782154893479683
4,25.0,403.5,11.060169608590435,280.68931566267713,7350.0,220.5,7350.0,7600.25,493.5,0.0,29.75,7600.25,7106.75,1120.3536262475602,194.4084285236334,33.610608787426806,160.7978197362066,False,79.23603780593216,70.60261690386147,30.47243594413933,44.81414504990241,22.407072524951204,0.977733764010214,24.873610176515427,14.034465783133857,14.034465783133857,33.63342090207069,10.411144554989711,30.0,30.0,0.0,False,40.602616903861474,0.0,0.0,0.0,11.060169608590435,4.542447295271039,0.0,False,25.0,368.957552704729,0.0,257.4670393155962,25.0,25.0,0.0,0.0,0095,downside,2.4499629037644226,7.227319018954657,3.0936137727547783,4.996608640459378,-0.6436508689903557,2.230710378495279
5,25.0,368.957552704729,0.0,257.4670393155962,7350.0,220.5,7350.0,7600.25,493.5,0.0,29.75,7600.25,7106.75,1171.4708156407348,203.2784961769657,35.14412446922204,168.13437170774364,False,87.10562299048922,81.2547967619693,33.28089164492002,46.8588326256294,23.4294163128147,1.0223437878634947,22.137453162283737,12.873351965779811,12.873351965779811,30.850826228519924,10.886162830959956,30.0,30.0,0.0,False,51.2547967619693,0.0,0.0,0.0,0.0,26.254796761969303,0.0,False,25.0,312.70275594275967,0.0,237.50237591803622,25.0,25.0,1626.2279694157255,1076.6294180136936,0095,downside,2.087245938554669,8.463404564157342,2.583672851473549,5.806164566436208,-0.4964269129188801,2.657239997721134
1,35.0,470.0,0.0,360.0,7350.0,220.5,7350.0,7605.5,470.0,0.0,35.0,7605.5,7135.5,980.0,172.36921656609584,29.4,142.96921656609584,False,62.77691242457189,52.84147181668,24.19230414152396,39.2,19.6,0.0,28.2,18.0,18.0,44.93544060789189,10.22320703326114,30.0,30.0,0.0,False,22.84147181668,0.0,2.1585281833200014,2.1585281833200014,0.0,0.0,0.0,False,25.0,440.0,2.1585281833200014,325.2877664253692,25.0,25.0,0.0,0.0,0096,base,3.5798491345741095,5.02140506507523,4.307302135494678,3.730935423508568,-0.7274530009205682,1.2904696415666623
2,25.0,440.0,2.1585281833200014,325.2877664253692,7350.0,220.5,7350.0,7605.5,470.0,0.0,35.0,7605.5,7135.5,1000.502199285429,175.97528598314827,30.01506597856287,145.9602200045854,False,66.95967401567543,51.35703760267268,25.791579998079435,40.02008797141716,20.01004398570858,0.4100439857085796,26.5295116909992,16.264388321268463,16.264388321268463,40.60263641300275,10.437082776049017,30.0,30.0,0.0,False,21.357037602672683,0.0,3.6429623973273166,3.6429623973273166,0.0,0.0,0.0,False,25.0,410.0,5.801490580647318,295.1222127884155,25.0,25.0,0.0,0.0,0096,base,3.1867364642598974,5.611098796552163,3.8978411061354845,4.1121581798504385,-0.7111046418755871,1.4989406167017245
3,25.0,410.0,5.801490580647318,295.1222127884155,7350.0,220.5,7350.0,7605.5,470.0,0.0,35.0,7605.5,7135.5,1021.4333171173269,179.65679657757366,30.642999513519804,149.01379706405385,False,71.34924221453444,59.511890367802565,27.32739924744856,40.85733268469308,20.42866634234654,0.41862235663795744,24.94808943483884,14.756110639420775,14.756110639420775,36.83735184673188,10.6554329301644,30.0,30.0,0.0,False,29.511890367802565,0.0,0.0,0.0,4.511890367802565,0.0,0.0,False,25.0,380.0,1.2896002128447535,268.940293871848,25.0,25.0,0.0,0.0,0096,base,2.815469295800777,6.323336242718841,3.4801349350272193,4.5248814040216825,-0.6646656392264423,1.7984548386971584
4,25.0,380.0,1.2896002128447535,268.940293871848,7350.0,220.5,7350.0,7605.5,470.0,0.0,35.0,7605.5,7135.5,1042.802326733976,183.41532662493609,31.284069802019282,152.1312568229168,False,75.99974612774255,67.43043889899974,28.951716529138437,41.71209306935904,20.85604653467952,0.42738019233298274,22.877376012770682,13.4470146935924,13.4470146935924,33.56930722874282,10.878351103028434,30.0,30.0,0.0,False,37.43043889899974,0.0,0.0,0.0,1.2896002128447535,11.140838686154986,0.0,False,25.0,338.859161313845,0.0,246.2493377461336,25.0,25.0,0.0,0.0,0096,base,2.4615427385623714,7.208870091493378,3.053771510629197,5.049371044035338,-0.5922287720668256,2.1594990474580404
5,25.0,338.859161313845,0.0,246.2493377461336,7350.0,220.5,7350.0,7605.5,470.0,0.0,35.0,7605.5,7135.5,1064.6183890992913,187.25248741928965,31.93855167297874,155.3139357463109,False,80.91993424683093,75.18292732731956,30.66747979504338,42.584735563971655,21.292367781985828,0.4363212473063065,20.331549678830697,12.31246688730668,12.31246688730668,30.73700691951138,11.105932860386755,30.0,30.0,0.0,False,45.18292732731956,0.0,0.0,0.0,0.0,20.18292732731956,0.0,False,25.0,288.6762339865254,0.0,226.61826368700895,25.0,25.0,1498.0198993543172,985.255103190468,0096,base,2.121039362446411,8.3502136712861,2.6183603990033144,5.736196311502068,-0.49732103655690363,2.6140173597840324
1,25.5,409.5,0.0,312.0,5700.0,171.0,5700.0,5896.5,409.5,0.0,25.5,5896.5,5487.0,760.0,133.34002028016846,22.8,110.54002028016846,False,45.17751521012636,34.226025468628066,17.592505070042115,30.400000000000002,15.200000000000001,0.0,24.57,15.600000000000001,15.600000000000001,36.45148974149829,11.785642003596688,30.0,30.0,0.0,False,4.226025468628066,0.0,20.773974531371934,20.773974531371934,0.0,0.0,0.0,False,25.0,379.5,20.773974531371934,287.3341522620984,25.0,25.0,0.0,0.0,0097,downside,4.330888000184721,4.1378321324617255,4.969311729525958,3.319393086387066,-0.6384237293412367,0.8184390460746593
2,25.0,379.5,20.773974531371934,287.3341522620984,5700.0,171.0,5700.0,5896.5,409.5,0.0,25.5,5896.5,5487.0,774.6240733911092,135.90577586247,23.238722201733275,112.66705366073671,False,47.67420848007885,39.10447160968145,18.57097689393737,30.98496293564437,15.492481467822184,0.2924814678221832,24.016438471882317,14.366707613104921,14.366707613104921,33.5697368703974,12.012423705730816,30.0,30.0,0.0,False,9.104471609681447,0.0,15.895528390318553,15.895528390318553,0.0,0.0,0.0,False,25.0,349.5,36.66950292169049,265.7768390974319,25.0,25.0,0.0,0.0,0097,downside,3.947116601294554,4.511242262482304,4.613095639537509,3.540766970001625,-0.6659790382429547,0.9704752924806788
3,25.0,349.5,36.66950292169049,265.7768390974319,5700.0,171.0,5700.0,5896.5,409.5,0.0,25.5,5896.5,5487.0,789.5295461539928,138.52090223153368,23.68588638461978,114.8350158469139,False,50.58859787075805,44.53743849932253,19.59400092918522,31.581181846159712,15.790590923079856,0.29810945525767174,23.17017017530143,13.288841954871595,13.288841954871595,31.051159371435514,12.243569187148852,30.0,30.0,0.0,False,14.537438499322533,0.0,10.462561500677467,10.462561500677467,0.0,0.0,0.0,False,25.0,319.5,47.132064422367954,246.96924891314524,25.0,25.0,0.0,0.0,0097,downside,3.5870751906060194,4.935323915835307,4.249187695526868,3.799359723103839,-0.6621125049208487,1.1359641927314676
4,25.0,319.5,47.132064422367954,246.96924891314524,5700.0,171.0,5700.0,5896.5,409.5,0.0,25.5,5896.5,5487.0,804.7218330321574,141.1863493900029,24.14165499096472,117.04469439903818,False,53.67266699814428,49.81883032114732,20.67457702200971,32.188873321286295,16.094436660643147,0.30384573756329125,21.997923865342074,12.348462445657262,12.348462445657262,28.85383667699696,12.479162416572521,30.0,30.0,0.0,False,19.818830321147317,0.0,5.181169678852683,5.181169678852683,0.0,0.0,0.0,False,25.0,289.5,52.31323410122064,230.5945746527208,25.0,25.0,0.0,0.0,0097,downside,3.2464332192582765,5.425041856693543,3.8772006721543737,4.11066096187209,-0.6307674528960971,1.3143808948214533
5,25.0,289.5,52.31323410122064,230.5945746527208,5700.0,171.0,5700.0,5896.5,409.5,0.0,25.5,5896.5,5487.0,820.2064529606971,143.9030856206637,24.60619358882091,119.29689203184277,False,56.93202001167235,54.991264330906915,21.814592313283374,32.80825811842789,16.404129059213943,0.309692398570796,20.508794046073238,11.529728732636041,11.529728732636041,26.94075568076543,12.719288978466636,30.0,30.0,0.0,False,24.991264330906915,0.0,0.008735669093084653,0.008735669093084653,0.0,0.0,0.0,False,25.0,259.5,52.32196977031372,216.37310795042202,25.0,25.0,1151.2246849653095,630.7612369700942,0097,downside,2.9213896841342892,6.001653697870424,3.496763641658006,4.491564315077983,-0.5753739575237167,1.510089382792441
1,30.0,390.0,0.0,300.0,5700.0,171.0,5700.0,5901.0,390.0,0.0,30.0,5901.0,5511.0,760.0,158.38686670061904,22.8,135.58686670061903,False,65.29015002546427,56.79093381578996,24.296716675154755,30.400000000000002,15.200000000000001,0.0,23.4,15.0,15.0,38.49921620967431,11.742248977217802,30.0,30.0,0.0,False,26.790933815789963,0.0,0.0,0.0,0.0,1.7909338157899626,0.0,False,25.0,358.20906618421003,0.0,273.24303276754347,25.0,25.0,0.0,0.0,0098,base,3.6310136724499795,4.93817978032065,3.82892920091703,4.124657986995287,-0.19791552846705063,0.8135217933253625
2,25.0,358.20906618421003,0.0,273.24303276754347,5700.0,171.0,5700.0,5901.0,390.0,0.0,30.0,5901.0,5511.0,865.7388867419947,180.42324954203508,25.97216660225984,154.45108293977523,False,78.70012389549927,68.63464857448335,29.824096832586363,34.629555469679794,17.314777734839897,2.1147777348398957,21.4925439710526,13.662151638377175,13.662151638377175,35.065475321015924,13.375949417610352,30.0,30.0,0.0,False,38.63464857448335,0.0,0.0,0.0,0.0,13.63464857448335,0.0,False,25.0,314.57441760972665,0.0,251.5535068641379,25.0,25.0,0.0,0.0,0098,base,2.8655411298925317,6.229229781829677,2.999213936382364,5.132266014945638,-0.13367280648983249,1.0969637668840386
3,25.0,314.57441760972665,0.0,251.5535068641379,5700.0,171.0,5700.0,5901.0,390.0,0.0,30.0,5901.0,5511.0,986.1892368648269,205.52555684328232,29.585677105944804,175.93987973733752,False,96.09490513205535,88.81286230184122,36.12193483438676,39.447569474593074,19.723784737296537,2.40900700245664,18.8744650565836,12.577675343206895,12.577675343206895,32.28204283021412,15.236946786735814,30.0,30.0,0.0,False,58.81286230184122,0.0,0.0,0.0,0.0,33.81286230184122,0.0,False,25.0,250.76155530788543,0.0,234.50841082065958,25.0,25.0,0.0,0.0,0098,base,2.20981394764858,8.062649231748674,2.2394780152791935,6.534549134997863,-0.029664067630613467,1.5281000967508112
4,25.0,250.76155530788543,0.0,234.50841082065958,5700.0,171.0,5700.0,5901.0,390.0,0.0,30.0,5901.0,5511.0,1123.3978579477534,234.12035102438395,33.7019357384326,200.41841528595134,False,116.25732506869787,111.16269169812554,43.41182535661131,44.93591431791014,22.46795715895507,2.744172421658533,15.045693318473125,11.72542054103298,11.72542054103298,30.09463337057233,17.356864932231154,30.0,30.0,0.0,False,81.16269169812554,0.0,0.0,0.0,0.0,55.08201700560043,0.0,False,26.080674692525115,165.679538302285,0.0,221.7706423823184,26.080674692525115,26.080674692525115,0.0,0.0,0098,base,1.6427592741994952,10.86917137733174,1.5435202638767664,8.745259993776859,0.09923901032272875,2.1239113835548817
5,26.080674692525115,165.679538302285,0.0,221.7706423823184,5700.0,171.0,5700.0,5901.0,390.0,0.0,30.0,5901.0,5511.0,1279.6963301421442,266.6935421835463,38.39088990426433,228.30265227928197,False,139.5320781512125,137.1527664769535,51.81833696550724,51.18785320568577,25.593926602842885,3.125969443887815,9.9407722981371,11.088532119115921,11.088532119115921,28.459986366784122,19.771727531264432,30.0,30.0,0.0,False,107.1527664769535,0.0,0.0,0.0,0.0,67.9603102447733,0.0,False,39.192456232180206,67.71922805751171,0.0,213.08238354679872,39.192456232180206,39.192456232180206,2133.5483374683704,1859.9359570342144,0098,base,1.1479395126822138,15.70285998097603,0.9059430288186271,12.681995414206071,0.24199648386358674,3.0208645667699585
1,45.0,520.0,0.0,390.0,9000.0,270.0,9000.0,9315.0,520.0,0.0,45.0,9315.0,8795.0,1200.0,251.48824995270516,36.0,215.48824995270516,False,111.59118746452887,115.55968983108559,41.19706248817629,48.0,24.0,0.0,31.2,19.5,19.5,41.03149763344327,14.846886196244363,30.0,30.0,0.0,False,85.55968983108559,0.0,0.0,0.0,0.0,60.55968983108559,0.0,False,25.0,429.4403101689144,0.0,363.8153885628011,25.0,25.0,0.0,0.0,0099,base,2.8694868981425588,6.297402727405685,3.0548373487675606,4.960320511887676,-0.18535045062500188,1.3370822155180093
2,25.0,429.4403101689144,0.0,363.8153885628011,9000.0,270.0,9000.0,9315.0,520.0,0.0,45.0,9315.0,8795.0,1296.0828004111295,271.62466272433016,38.88248401233388,232.74217871199627,False,126.7062589929571,113.4296173139191,47.19624766843034,51.84331201644518,25.92165600822259,1.921656008222591,25.766418610134863,18.190769428140054,18.190769428140054,38.276641679038,16.03566153217811,30.0,30.0,0.0,False,83.4296173139191,0.0,0.0,0.0,0.0,58.429617313919096,0.0,False,25.0,341.0106928549953,0.0,341.5744084159412,25.0,25.0,0.0,0.0,0099,base,2.3252385855059474,7.791124559318603,2.4209329693243458,6.1793002429504345,-0.09569438381839834,1.6118243163681685
3,25.0,341.0106928549953,0.0,341.5744084159412,9000.0,270.0,9000.0,9315.0,520.0,0.0,45.0,9315.0,8795.0,1399.8588546012963,293.3733779370653,41.99576563803889,251.3776122990264,False,144.30457810038098,133.36788699637205,53.4595625767324,55.99435418405186,27.99717709202593,2.0755210838033378,20.460641571299718,17.07872042079706,17.07872042079706,35.93669110400892,17.319620920892024,30.0,30.0,0.0,False,103.36788699637205,0.0,0.0,0.0,0.0,71.02956286204598,0.0,False,32.33832413432607,239.98112999294932,0.0,322.9573382328243,32.33832413432607,32.33832413432607,0.0,0.0,0099,base,1.8214766393248436,10.01652441417286,1.8086172229481314,7.815086947903634,0.012859416376712174,2.201437466269226
4,32.33832413432607,239.98112999294932,0.0,322.9573382328243,9000.0,270.0,9000.0,9315.0,520.0,0.0,45.0,9315.0,8795.0,1511.9441537099701,316.8634910356202,45.3583246112991,271.5051664243211,False,163.35767626555403,161.71799204243584,60.239607928275724,60.47776614839881,30.238883074199403,2.2417059821734746,14.398867799576959,16.147866911641216,16.147866911641216,33.97800835744428,18.706385654340767,30.0,30.0,0.0,False,131.71799204243584,0.0,0.0,0.0,0.0,86.12836673354896,0.0,False,45.58962530888688,123.85276325940036,0.0,307.6857155297208,45.58962530888688,45.58962530888688,0.0,0.0,0099,base,1.3521257363479426,13.703979088970923,1.2180287865251347,10.373072409577487,0.13409694982280795,3.3309066793934363
5,45.58962530888688,123.85276325940036,0.0,307.6857155297208,9000.0,270.0,9000.0,9315.0,520.0,0.0,45.0,9315.0,8795.0,1633.0040106713777,342.2344340079112,48.99012032014133,293.2443136877699,False,184.07040934084796,197.28873796101163,67.60721552892996,65.32016042685511,32.660080213427555,2.421197139228152,7.431165795564022,15.384285776486042,15.384285776486042,32.371296688723184,20.204187253707133,30.0,30.0,0.0,False,167.28873796101163,0.0,0.0,0.0,0.0,93.85276325940036,0.0,False,73.43597470161127,0.0,0.0,295.51860609470475,73.43597470161127,73.43597470161127,2737.8754720632896,2474.724708589247,0099,base,0.9121392734752829,21.038766753879468,0.6489195981604813,15.00011660637756,0.2632196753148016,6.038650147501908
1,60.0,650.0,0.0,500.0,12600.0,378.0,12600.0,13038.0,650.0,0.0,60.0,13038.0,12388.0,1680.0,388.9276027461521,50.4,338.5276027461521,False,189.0957020596141,200.3245095596786,68.63190068653803,67.2,33.6,0.0,39.0,25.0,25.0,48.771192499935495,18.238350411825046,30.0,30.0,0.0,False,170.3245095596786,0.0,0.0,0.0,0.0,122.71140036923047,0.0,False,47.61310919044813,497.2885996307695,0.0,469.46715791188956,47.61310919044813,47.61310919044813,0.0,0.0,0100,base,2.4612479895580663,7.420564449016134,2.363274403416728,6.076993792908627,0.09797358614133822,1.3435706561075076
2,47.61310919044813,497.2885996307695,0.0,469.46715791188956,12600.0,378.0,12600.0,13038.0,650.0,0.0,60.0,13038.0,12388.0,1720.2201790028212,398.23875619947853,51.60660537008463,346.6321508293939,False,201.98450234688028,203.80466527549166,73.33036923898831,68.80880716011285,34.404403580056425,0.8044035800564231,29.83731597784617,23.47335789559448,23.47335789559448,45.79294626183676,18.674987148896346,30.0,30.0,0.0,False,173.80466527549166,0.0,0.0,0.0,0.0,124.84321530455259,0.0,False,48.96144997093907,342.4453843262169,0.0,442.34919879894915,48.96144997093907,48.96144997093907,0.0,0.0,0100,base,2.0042647524405166,9.21561008403061,1.8477185399445324,7.4701504832765,0.15654621249598422,1.7454596007541099
3,48.96144997093907,342.4453843262169,0.0,442.34919879894915,12600.0,378.0,12600.0,13038.0,650.0,0.0,60.0,13038.0,12388.0,1761.4032525288678,407.772824092457,52.842097575866035,354.93072651659094,False,215.76221364199318,221.57586775930065,78.06663587926761,70.45613010115471,35.22806505057736,0.823661470520932,20.546723059573015,22.11745993994746,22.11745993994746,43.147795853631564,19.12207722389872,30.0,30.0,0.0,False,191.57586775930065,0.0,0.0,0.0,0.0,135.7291979924757,0.0,False,55.84666976682496,176.71618633374123,0.0,418.3234801692163,55.84666976682496,55.84666976682496,0.0,0.0,0100,base,1.549692344060377,12.17119341961267,1.3222877172753371,9.557731929310357,0.2274046267850398,2.6134614903023135
4,55.84666976682496,176.71618633374123,0.0,418.3234801692163,12600.0,378.0,12600.0,13038.0,650.0,0.0,60.0,13038.0,12388.0,1803.5722728341432,417.535143126674,54.10716818502429,363.42797494164967,False,230.05251918042634,245.09491899009976,82.97720743829109,72.14289091336573,36.071445456682866,0.8433804061055099,10.602971180024474,20.916174008460814,20.916174008460814,40.80426995715159,19.579870895833828,30.0,30.0,0.0,False,215.09491899009976,0.0,0.0,0.0,0.0,146.71618633374123,0.0,False,68.37873265635852,0.0,0.0,397.09908110789854,68.37873265635852,68.37873265635852,0.0,0.0,0100,base,1.095315722673413,17.98491340345225,0.7872878579511836,13.247032577495462,0.3080278647222293,4.737880825956788
5,68.37873265635852,0.0,0.0,397.09908110789854,12600.0,378.0,12600.0,13038.0,650.0,0.0,60.0,13038.0,12388.0,1846.750844059092,427.5311777674617,55.40252532177276,372.12865244568894,False,244.87419392763064,274.5189351314675,88.06842459757351,73.87003376236369,36.935016881181845,0.8635714244989785,0.0,19.854954055394927,19.854954055394927,38.733991452521636,20.048624415049638,0.0,0.0,0.0,False,274.5189351314675,0.0,0.0,0.0,0.0,0.0,0.0,False,274.5189351314675,0.0,0.0,378.4137140704265,274.5189351314675,274.5189351314675,3420.2494221396937,3265.0509018686394,0100,base,0.7008719784108768,30.708420859778148,0.24301099976261467,21.53272057818206,0.45786097864826214,9.175700281596086
1,27.0,624.0,0.0,429.00000000000006,9000.0,270.0,9000.0,9297.0,624.0,0.0,27.0,9297.0,8673.0,1200.0,173.2220079849253,36.0,137.2220079849253,False,46.74900598869398,30.693014915036144,19.583001996231328,48.0,24.0,0.0,37.44,21.450000000000003,21.450000000000003,43.055991073657836,8.705437982954665,30.0,30.0,0.0,False,0.6930149150361444,0.0,24.306985084963856,24.306985084963856,0.0,0.0,0.0,False,25.0,594.0,24.306985084963856,394.6494469092969,25.0,25.0,0.0,0.0,0101,distressed,4.075357943369935,4.393336741771469,5.703411728608052,2.941450296908224,-1.6280537852381167,1.451886444863245
2,25.0,594.0,24.306985084963856,394.6494469092969,9000.0,270.0,9000.0,9297.0,624.0,0.0,27.0,9297.0,8673.0,1100.318157747989,158.8327672561504,33.00954473243967,125.82322252371071,False,42.734703572421346,28.126258203305532,17.24808276828701,44.012726309919564,22.006363154959782,-1.9936368450402178,37.098419105097825,19.732472345464846,19.732472345464846,39.60844536911582,7.9822929031617065,30.0,30.0,0.0,False,0.0,1.8737417966944676,25.0,26.873741796694468,0.0,0.0,0.0,False,25.0,564.0,51.18072688165832,363.02329444334276,25.0,25.0,0.0,0.0,0101,distressed,4.153619971378539,4.290143838887603,6.001305887895061,2.7948315291573316,-1.8476859165165216,1.4953123097302718
3,25.0,564.0,51.18072688165832,363.02329444334276,9000.0,270.0,9000.0,9297.0,624.0,0.0,27.0,9297.0,8673.0,1008.9167068916072,145.63881488108544,30.267501206748214,115.37131367433722,False,36.9708409526645,25.53651059116701,15.077326334817645,40.35666827566429,20.178334137832145,-1.828029017127637,36.9108436128995,18.151164722167138,18.151164722167138,36.434330361497494,7.3192181848431135,30.0,30.0,0.0,False,0.0,4.4634894088329915,25.0,29.46348940883299,0.0,0.0,0.0,False,25.0,534.0,80.64421629049131,333.9081822666884,25.0,25.0,0.0,0.0,0101,distressed,4.248553326920618,4.173360151207254,6.341389136620366,2.6449964192158664,-2.092835809699748,1.5283637319913872
4,25.0,534.0,80.64421629049131,333.9081822666884,9000.0,270.0,9000.0,9297.0,624.0,0.0,27.0,9297.0,8673.0,925.1078102067843,133.54086040546363,27.753234306203527,105.78762609926011,False,31.585272838000776,23.073040401879915,13.053391002124052,37.004312408271375,18.502156204135687,-1.676177933696458,36.878652977429475,16.69540911333442,16.69540911333442,33.51223243612086,6.71122389108513,30.0,30.0,0.0,False,0.0,6.926959598120085,12.4288241113886,19.355783709508685,0.0,0.0,12.5711758886114,True,12.4288241113886,504.0,100.0,307.10717372165266,12.4288241113886,12.4288241113886,0.0,0.0,0101,distressed,4.362742803801827,4.042891487611242,6.729613294999377,2.492640191800687,-2.3668704911975507,1.550251295810555
5,12.4288241113886,504.0,100.0,307.10717372165266,9000.0,270.0,9000.0,9297.0,624.0,0.0,27.0,9297.0,8673.0,848.2607678708378,122.4478612545176,25.447823036125133,97.00003821839248,False,27.107842817242926,8.714280610646068,11.35116988307746,33.93043071483351,16.965215357416756,-1.536940846718931,36.24,15.355358686082633,15.355358686082633,30.82238631798546,6.1537345900609015,30.0,8.714280610646068,21.285719389353932,True,0.0,0.0,0.0,0.0,0.0,0.0,25.0,True,0.0,495.2857193893539,100.0,282.4385219937281,0.0,0.0,979.5828900361408,87.16490530251671,0101,distressed,4.499185680763638,3.8989632300562462,7.16814677194453,2.3732340344703675,-2.6689610911808916,1.5257291955858787
1,51.0,682.5,0.0,520.0,12600.0,378.0,12600.0,13029.0,682.5,0.0,51.0,13029.0,12346.5,1680.0,344.5659621199924,50.4,294.1659621199924,False,153.6119715899943,152.90813520430464,56.8039905299981,67.2,33.6,0.0,40.949999999999996,26.0,26.0,51.703836385689655,18.7278350520644,30.0,30.0,0.0,False,122.90813520430464,0.0,0.0,0.0,0.0,85.44008897419583,0.0,False,37.46804623010881,567.0599110258041,0.0,487.0239986663747,37.46804623010881,37.46804623010881,0.0,0.0,0102,downside,2.607917120282364,6.973936671717537,2.9504245201911194,5.146616312471881,-0.34250739990875534,1.8273203592456557
2,37.46804623010881,567.0599110258041,0.0,487.0239986663747,12600.0,378.0,12600.0,13029.0,682.5,0.0,51.0,13029.0,12346.5,1745.4423944296234,357.98811783432524,52.3632718328887,305.62484600143654,False,166.6742667220384,155.71729536954996,61.81251285164238,69.81769577718494,34.90884788859247,1.3088478885924673,34.023594661548245,24.35119993331874,24.35119993331874,48.425017582597256,19.45735550937995,30.0,30.0,0.0,False,125.71729536954996,0.0,0.0,0.0,0.0,87.00975623971206,0.0,False,38.7075391298379,450.0501547860921,0.0,458.0563365931574,38.7075391298379,38.7075391298379,0.0,0.0,0102,downside,2.1740346999663664,8.411007558656662,2.428569298637348,6.1325803425748395,-0.2545345986709817,2.2784272160818224
3,38.7075391298379,450.0501547860921,0.0,458.0563365931574,12600.0,378.0,12600.0,13029.0,682.5,0.0,51.0,13029.0,12346.5,1813.434019209653,371.9331176012493,54.403020576289585,317.53009702495973,False,181.2240304934051,174.38681984893338,66.90606772703408,72.53736076838612,36.26868038419306,1.3598324956005925,27.003009287165526,22.902816829657873,22.902816829657873,45.544749774309615,20.215293565214623,30.0,30.0,0.0,False,144.38681984893338,0.0,0.0,0.0,0.0,97.44167884797065,0.0,False,46.945141000962735,322.60847593812144,0.0,432.72688038406244,46.945141000962735,46.945141000962735,0.0,0.0,0102,downside,1.752946352352651,10.541797976862638,1.9046172061523399,7.452699344773888,-0.15167085379968892,3.08909863208875
4,46.945141000962735,322.60847593812144,0.0,432.72688038406244,12600.0,378.0,12600.0,13029.0,682.5,0.0,51.0,13029.0,12346.5,1884.0741765651383,386.42132818666624,56.52222529695415,329.8991028897121,False,196.4261428229052,200.34505339489206,72.22656257855542,75.36296706260553,37.68148353130277,1.412803147109706,19.356508556287285,21.636344019203122,21.636344019203122,43.026230428975886,21.002756193194028,30.0,30.0,0.0,False,170.34505339489206,0.0,0.0,0.0,0.0,111.94629484381876,0.0,False,58.3987585510733,180.6621810943027,0.0,410.7034061482806,58.3987585510733,58.3987585510733,0.0,0.0,0102,downside,1.3419445425179823,14.050334098314785,1.379237608836262,9.426553750438615,-0.037293066318279555,4.6237803478761705
5,58.3987585510733,180.6621810943027,0.0,410.7034061482806,12600.0,378.0,12600.0,13029.0,682.5,0.0,51.0,13029.0,12346.5,1957.4660369207595,401.4739097195298,58.723981107622784,342.749928611907,False,212.48877300280606,230.05110517977135,77.8437568597087,78.29864147683038,39.14932073841519,1.4678372071124244,10.839730865658161,20.53517030741403,20.53517030741403,40.83642637410797,21.820893487779873,30.0,30.0,0.0,False,200.05110517977135,0.0,0.0,0.0,0.0,128.5450696845488,0.0,False,71.50603549522256,22.117111409753903,0.0,391.68787326195246,71.50603549522256,71.50603549522256,3211.7912777562383,2821.3154594134107,0102,downside,0.9386603079527277,20.955882164951678,0.8526057133217307,12.796021491984765,0.08605459463099696,8.159860672966913
1,38.25,546.0,0.0,405.6,9000.0,270.0,9000.0,9308.25,546.0,0.0,38.25,9308.25,8762.25,1200.0,241.40517502258135,36.0,205.40517502258135,False,102.273881266936,93.28168336141837,38.09129375564534,48.0,24.0,0.0,32.76,20.28,20.28,47.24219790551763,11.95087154953693,30.0,30.0,0.0,False,63.281683361418374,0.0,0.0,0.0,0.0,38.281683361418374,0.0,False,25.0,477.71831663858165,0.0,370.30867364401934,25.0,25.0,0.0,0.0,0103,downside,3.4137920806760493,5.2796502558358105,3.4093179245457934,4.5513796195810965,0.004474156130255924,0.728270636254714
2,25.0,477.71831663858165,0.0,370.30867364401934,9000.0,270.0,9000.0,9308.25,546.0,0.0,38.25,9308.25,8762.25,1144.2924055717706,230.1984237033866,34.32877216715312,195.86965153623348,False,101.18956697463508,83.05792090357863,37.1727797139294,45.77169622287082,22.88584811143541,-1.1141518885645887,28.663098998314897,18.515433682200968,18.515433682200968,43.13164607105646,11.396076295082374,30.0,30.0,0.0,False,53.05792090357863,0.0,0.0,0.0,0.0,28.057920903578633,0.0,False,25.0,419.660395735003,0.0,338.5731038680452,25.0,25.0,0.0,0.0,0103,downside,3.202040811225463,5.616707700519538,3.1852238073872665,4.879304434121488,0.01681700383819651,0.7374032663980499
3,25.0,419.660395735003,0.0,338.5731038680452,9000.0,270.0,9000.0,9308.25,546.0,0.0,38.25,9308.25,8762.25,1091.1709245410245,219.51192334864828,32.73512773623074,186.77679561241754,False,98.65210788139103,84.21685744150058,36.16712916872878,43.64683698164098,21.82341849082049,-1.062429620614921,25.17962374410018,16.92865519340226,16.92865519340226,39.43525043989045,10.867036298149367,30.0,30.0,0.0,False,54.21685744150058,0.0,0.0,0.0,0.0,29.21685744150058,0.0,False,25.0,360.44353829350246,0.0,310.0048897263041,25.0,25.0,0.0,0.0,0103,downside,2.9844031164188163,6.017048252580969,2.940379812510905,5.213034797134555,0.044023303907911426,0.8040134554464142
4,25.0,360.44353829350246,0.0,310.0048897263041,9000.0,270.0,9000.0,9308.25,546.0,0.0,38.25,9308.25,8762.25,1040.5155017775182,209.32152235025904,31.215465053325545,178.1060572969335,False,96.34235382225104,85.23458175092898,35.24480012825204,41.62062007110073,20.810310035550366,-1.0131084552701246,21.626612297610148,15.500244486315205,15.500244486315205,36.10777207132206,10.362555922537572,30.0,30.0,0.0,False,55.23458175092898,0.0,0.0,0.0,0.0,30.23458175092898,0.0,False,25.0,300.20895654257345,0.0,284.2596735775196,25.0,25.0,0.0,0.0,0103,downside,2.7588890201093332,6.503859456154449,2.672771647360421,5.638008182822738,0.0861173727489124,0.8658512733317103
5,25.0,300.20895654257345,0.0,284.2596735775196,9000.0,270.0,9000.0,9308.25,546.0,0.0,38.25,9308.25,8762.25,992.2116554697618,199.60419029010254,29.766349664092854,169.8378406260097,False,94.25320003739199,86.14409807558968,34.403079888644825,39.688466218790474,19.844233109395237,-0.9660769261551287,18.012537392554407,14.21298367887598,14.21298367887598,33.10910196180232,9.88149503706043,30.0,30.0,0.0,False,56.14409807558968,0.0,0.0,0.0,0.0,31.14409807558968,0.0,False,25.0,239.06485846698376,0.0,261.0320666527777,25.0,25.0,1596.8335223208203,1097.7840943662466,0103,downside,2.5233800624978415,7.112444020995253,2.3801951473526723,6.193978674469352,0.14318491514516918,0.9184653465259007
1,30.0,390.0,0.0,300.0,5700.0,171.0,5700.0,5901.0,390.0,0.0,30.0,5901.0,5511.0,760.0,151.81631330801835,22.8,129.01631330801834,False,60.362234981013756,55.00990775332615,22.654078327004584,30.400000000000002,15.200000000000001,0.0,23.4,15.0,15.0,35.35232722768761,6.31527027885939,30.0,30.0,0.0,False,25.009907753326146,0.0,0.0,0.0,0.0,0.009907753326146462,0.0,False,25.0,359.99009224667384,0.0,270.96294305117175,25.0,25.0,0.0,0.0,0104,base,4.301958362516938,4.168970627527305,3.9913565419576127,3.953549825729645,0.3106018205593255,0.21542080179765977
2,25.0,359.99009224667384,0.0,270.96294305117175,5700.0,171.0,5700.0,5901.0,390.0,0.0,30.0,5901.0,5511.0,735.8670316664557,146.99555241120538,22.07601094999367,124.91954146121171,False,60.45298063039584,53.522411865988154,22.442997193463174,29.434681266658227,14.717340633329114,-0.4826593666708874,21.59940553480043,13.548147152558588,13.548147152558588,31.93056876440769,6.114735781941643,30.0,30.0,0.0,False,23.522411865988154,0.0,1.477588134011846,1.477588134011846,0.0,0.0,0.0,False,25.0,329.99009224667384,1.477588134011846,245.1471100687057,25.0,25.0,0.0,0.0,0104,base,4.079753928513139,4.369637253418917,3.7525951050974937,4.182241469804326,0.32715882341564484,0.18739578361459053
3,25.0,329.99009224667384,1.477588134011846,245.1471100687057,5700.0,171.0,5700.0,5901.0,390.0,0.0,30.0,5901.0,5511.0,712.5003793336848,142.32786950132186,21.375011380010545,120.95285812131131,False,59.94791059959475,56.059507752691964,22.201860448758723,28.500015173347393,14.250007586673696,-0.4673330466554173,19.88806082284114,12.257355503435285,12.257355503435285,28.888402846902785,5.920569038529027,30.0,30.0,0.0,False,26.059507752691964,0.0,0.0,0.0,1.0595077526919638,0.0,0.0,False,25.0,299.99009224667384,0.4180803813198821,222.17927626033196,25.0,25.0,0.0,0.0,0104,base,3.864817759844746,4.5859211632306955,3.496064759711059,4.427625638961772,0.36875300013368717,0.15829552426892324
4,25.0,299.99009224667384,0.4180803813198821,222.17927626033196,5700.0,171.0,5700.0,5901.0,390.0,0.0,30.0,5901.0,5511.0,689.8757094756609,137.80840375440576,20.696271284269827,117.11213247013593,False,59.53774502698366,58.35589676843012,21.994669574859927,27.595028379026434,13.797514189513217,-0.4524933971604792,18.024490357679625,11.108963813016599,11.108963813016599,26.181848258553536,5.732567847577205,30.0,30.0,0.0,False,28.35589676843012,0.0,0.0,0.0,0.4180803813198821,2.9378163871102387,0.0,False,25.0,267.0522758595636,0.0,201.72999584935562,25.0,25.0,0.0,0.0,0104,base,3.655312031164827,4.82172767489127,3.2202845372173567,4.730245955284623,0.4350274939474703,0.09148171960664708
5,25.0,267.0522758595636,0.0,201.72999584935562,5700.0,171.0,5700.0,5901.0,390.0,0.0,30.0,5901.0,5511.0,667.9694612508482,133.4324486966408,20.039083837525446,113.39336485911534,False,59.221226738293076,60.44914398860479,21.820932128768437,26.71877845003393,13.359389225016965,-0.43812496449625193,16.023136551573817,10.086499792467782,10.086499792467782,23.772082749688277,5.550536428714738,30.0,30.0,0.0,False,30.44914398860479,0.0,0.0,0.0,0.0,5.4491439886047885,0.0,False,25.0,231.60313187095883,0.0,183.50844952838207,25.0,25.0,1067.4595895731263,661.3361143301886,0104,base,3.4494475150834845,5.082138027378865,2.9236635107121596,5.110467527713806,0.5257840043713249,-0.02832950033494086
1,30.0,390.0,0.0,300.0,5700.0,171.0,5700.0,5901.0,390.0,0.0,30.0,5901.0,5511.0,760.0,136.4613397189606,22.8,113.6613397189606,False,48.846004789220444,36.461948217172534,18.815334929740153,30.400000000000002,15.200000000000001,0.0,23.4,15.0,15.0,42.38405657204791,4.679917712552015,30.0,30.0,0.0,False,6.461948217172534,0.0,18.538051782827466,18.538051782827466,0.0,0.0,0.0,False,25.0,360.0,18.538051782827466,262.29586114050414,25.0,25.0,0.0,0.0,0105,base,4.103329995373141,4.3610950565183995,4.512881920928149,3.5536807218479325,-0.4095519255550082,0.807414334670467
2,25.0,360.0,18.538051782827466,262.29586114050414,5700.0,171.0,5700.0,5901.0,390.0,0.0,30.0,5901.0,5511.0,761.8638094757168,136.7959949005885,22.855914284271503,113.940080616317,False,50.92883905497012,38.87163033099296,19.528251113080536,30.474552379028673,15.237276189514336,0.0372761895143352,22.712283106969647,13.114793057025208,13.114793057025208,37.05720872397717,4.691394653312844,30.0,30.0,0.0,False,8.871630330992957,0.0,16.128369669007043,16.128369669007043,0.0,0.0,0.0,False,25.0,330.0,34.66642145183451,229.93004706983982,25.0,25.0,0.0,0.0,0105,base,3.704678301806175,4.792479903914185,4.163838780043288,3.818229382560233,-0.4591604782371128,0.9742505213539525
3,25.0,330.0,34.66642145183451,229.93004706983982,5700.0,171.0,5700.0,5901.0,390.0,0.0,30.0,5901.0,5511.0,763.7321897221728,137.13147078418828,22.911965691665184,114.2195050925231,False,52.957573586789934,45.473013178050834,20.21075436298026,30.549287588886916,15.274643794443458,0.03736760492912161,21.879985287110067,11.49650235349199,11.49650235349199,32.4845604087391,4.7028997399038595,30.0,30.0,0.0,False,15.473013178050834,0.0,9.526986821949166,9.526986821949166,0.0,0.0,0.0,False,25.0,300.0,44.193408273783675,202.1483864010046,25.0,25.0,0.0,0.0,0105,base,3.3310815669170846,5.291347620024001,3.8017662298339525,4.10862497758361,-0.47068466291686795,1.1827226424403907
4,25.0,300.0,44.193408273783675,202.1483864010046,5700.0,171.0,5700.0,5901.0,390.0,0.0,30.0,5901.0,5511.0,765.6051519486388,137.46776938243374,22.96815455845916,114.49961482397458,False,55.111932491607284,51.55237034104603,20.935147751874336,30.62420607794555,15.312103038972776,0.037459244529317814,20.65160449642702,10.10741932005023,10.10741932005023,28.559562150561263,4.714433041349357,30.0,30.0,0.0,False,21.55237034104603,0.0,3.4476296589539714,3.4476296589539714,0.0,0.0,0.0,False,25.0,270.0,47.641037932737646,178.3032572917927,25.0,25.0,0.0,0.0,0105,base,2.9770389231500887,5.881461512745757,3.425852455017065,4.469185049650173,-0.44881353186697615,1.4122764630955835
5,25.0,270.0,47.641037932737646,178.3032572917927,5700.0,171.0,5700.0,5901.0,390.0,0.0,30.0,5901.0,5511.0,767.4827073918749,137.80489271293456,23.024481221756247,114.78041149117831,False,57.39271158018484,57.201993766732315,21.701696587656105,30.699308295674996,15.349654147837498,0.03755110886472224,19.058462275964256,8.915162864589636,8.915162864589636,25.19071781345252,4.725994626842909,30.0,30.0,0.0,False,27.201993766732315,0.0,0.0,0.0,2.201993766732315,0.0,0.0,False,25.0,240.0,45.43904416600533,157.8385341051831,25.0,25.0,1102.4391417034765,667.6249763067358,0105,base,2.6377248595417018,6.5986128173607925,3.0352882980905096,4.926243632011648,-0.3975634385488078,1.6723691853491447
1,30.0,390.0,0.0,300.0,5700.0,171.0,5700.0,5901.0,390.0,0.0,30.0,5901.0,5511.0,760.0,174.209918774149,22.8,151.409918774149,False,77.15743908061174,65.85548735922805,28.252479693537246,30.400000000000002,15.200000000000001,0.0,23.4,15.0,15.0,41.30195172138368,7.280433104392194,30.0,30.0,0.0,False,35.85548735922805,0.0,0.0,0.0,0.0,10.85548735922805,0.0,False,25.0,349.14451264077195,0.0,265.97848138300856,25.0,25.0,0.0,0.0,0106,base,4.22478645691518,4.238947515040891,3.387424769934218,4.536716634743464,0.8373616869809624,-0.2977691197025729
2,25.0,349.14451264077195,0.0,265.97848138300856,5700.0,171.0,5700.0,5901.0,390.0,0.0,30.0,5901.0,5511.0,740.1303152079798,169.6553185456151,22.203909456239394,147.45140908937572,False,77.89895124009482,66.28084991673492,28.300953565444743,29.605212608319192,14.802606304159596,-0.39739369584040496,20.948670758446315,13.298924069150429,13.298924069150429,36.618101323359895,7.090091116321586,30.0,30.0,0.0,False,36.28084991673492,0.0,0.0,0.0,0.0,11.280849916734923,0.0,False,25.0,307.863662724037,0.0,236.45047117597022,25.0,25.0,0.0,0.0,0106,base,3.933372013926939,4.519699568381062,3.0609953071431684,4.953787832391275,0.8723767067837707,-0.43408826401021283
3,25.0,307.863662724037,0.0,236.45047117597022,5700.0,171.0,5700.0,5901.0,390.0,0.0,30.0,5901.0,5511.0,720.7801098550837,165.21979525246886,21.62340329565251,143.59639195681635,False,78.15573948443878,70.60285300107763,28.325512158643903,28.831204394203347,14.415602197101673,-0.38700410705792265,18.47181976344222,11.822523558798512,11.822523558798512,32.55288648336115,6.904725490495254,30.0,30.0,0.0,False,40.602853001077634,0.0,0.0,0.0,0.0,15.602853001077634,0.0,False,25.0,262.2608097229594,0.0,210.80231018310434,25.0,25.0,0.0,0.0,0106,base,3.6554964648769745,4.829419061581703,2.711921529871091,5.4538166909586705,0.9435749350058837,-0.6243976293769675
4,25.0,262.2608097229594,0.0,210.80231018310434,5700.0,171.0,5700.0,5901.0,390.0,0.0,30.0,5901.0,5511.0,701.9358025035334,160.90023570895744,21.058074075106003,139.84216163385145,False,78.53232627798465,74.51050348485558,28.391599385329666,28.077432100141337,14.038716050070668,-0.376886147031005,15.735648583377563,10.540115509155218,10.540115509155218,29.021822793129076,6.724206123295823,30.0,30.0,0.0,False,44.510503484855576,0.0,0.0,0.0,0.0,19.510503484855576,0.0,False,25.0,212.7503062381038,0.0,188.5046935132711,25.0,25.0,0.0,0.0,0106,base,3.3878305790136505,5.176616883096138,2.3384365976440176,6.123522617356849,1.049393981369633,-0.946905734260711
5,25.0,212.7503062381038,0.0,188.5046935132711,5700.0,171.0,5700.0,5901.0,390.0,0.0,30.0,5901.0,5511.0,683.5841667930348,156.6936081214591,20.50752500379104,136.18608311766806,False,79.02806359706832,78.07602442793716,28.49895751692957,27.34336667172139,13.671683335860696,-0.36703271420997297,12.765018374286228,9.425234675663555,9.425234675663555,25.95203916913117,6.548406312576796,30.0,30.0,0.0,False,48.076024427937156,0.0,0.0,0.0,0.0,23.076024427937156,0.0,False,25.0,159.67428181016663,0.0,169.1010606567167,25.0,25.0,1253.5488649716729,930.9702895302145,0106,base,3.127265850255706,5.573027878613574,1.9386581629508182,7.061370943753781,1.1886076873048876,-1.4883430651402074
1,30.0,390.0,0.0,300.0,5700.0,171.0,5700.0,5901.0,390.0,0.0,30.0,5901.0,5511.0,760.0,152.8857698302188,22.8,130.0857698302188,False,61.164327372664104,52.727340345449456,22.921442457554697,30.400000000000002,15.200000000000001,0.0,23.4,15.0,15.0,38.43698702721465,10.51416769631655,30.0,30.0,0.0,False,22.727340345449456,0.0,2.2726596545505444,2.2726596545505444,0.0,0.0,0.0,False,25.0,360.0,2.2726596545505444,272.07718066910195,25.0,25.0,0.0,0.0,0107,base,3.962884095855899,4.524883863341964,3.9856543941293006,3.9814002559952817,-0.02277029827340149,0.5434836073466824
2,25.0,360.0,2.2726596545505444,272.07718066910195,5700.0,171.0,5700.0,5901.0,390.0,0.0,30.0,5901.0,5511.0,792.216921235463,159.36670246790734,23.76650763706389,135.60019483084346,False,66.62847452652264,56.76905098059128,25.064994054528835,31.68867684941852,15.84433842470926,0.6443384247092592,21.73635957927303,13.603859033455098,13.603859033455098,34.85942354593136,10.95987047595955,30.0,30.0,0.0,False,26.76905098059128,0.0,0.0,0.0,1.769050980591281,0.0,0.0,False,25.0,330.0,0.5036086739592633,248.17762759913018,25.0,25.0,0.0,0.0,0107,base,3.438792848713462,5.1864946920062085,3.474259225414968,4.5094996217853005,-0.035466376701505986,0.676995070220908
3,25.0,330.0,0.5036086739592633,248.17762759913018,5700.0,171.0,5700.0,5901.0,390.0,0.0,30.0,5901.0,5511.0,825.7995398576261,166.1223662849653,24.77398619572878,141.3483800892365,False,72.90231387061229,66.10497969570338,27.27732054721061,33.031981594305044,16.515990797152522,0.6716523724432619,19.830216520437556,12.40888137995651,12.40888137995651,31.797334174908915,11.424466902110689,30.0,30.0,0.0,False,36.10497969570338,0.0,0.0,0.0,0.5036086739592633,10.601371021744114,0.0,False,25.0,289.3986289782559,0.0,227.80476032633194,25.0,25.0,0.0,0.0,0107,base,2.952573215897451,6.015353888447127,2.9628965702322416,5.152823034881964,-0.01032335433479048,0.862530853565163
4,25.0,289.3986289782559,0.0,227.80476032633194,5700.0,171.0,5700.0,5901.0,390.0,0.0,30.0,5901.0,5511.0,860.805748715356,173.1644073245067,25.82417246146068,147.34023486304602,False,79.63137766671738,75.44428227538084,29.646519777008514,34.43222994861424,17.21611497430712,0.7001241771545992,17.363917738695353,11.390238016316598,11.390238016316598,29.187095391336545,11.908757889403391,30.0,30.0,0.0,False,45.44428227538084,0.0,0.0,0.0,0.0,20.444282275380843,0.0,False,25.0,238.95434670287506,0.0,210.5264228243988,25.0,25.0,0.0,0.0,0107,base,2.4971108365111685,7.09337352268395,2.4513165036958506,6.022239317331497,0.04579433281531786,1.071134205352453
5,25.0,238.95434670287506,0.0,210.5264228243988,5700.0,171.0,5700.0,5901.0,390.0,0.0,30.0,5901.0,5511.0,897.2958947750882,180.50496531340048,26.918876843252644,153.58608847014784,False,86.83911802612101,84.86578008282994,32.18062663168885,35.89183579100353,17.945917895501765,0.7298029211946435,14.337260802172503,10.52632114121994,10.52632114121994,26.973337943291074,12.413578303791692,30.0,30.0,0.0,False,54.86578008282994,0.0,0.0,0.0,0.0,29.865780082829943,0.0,False,25.0,179.08856662004513,0.0,195.9666631848994,25.0,25.0,1444.0397225072038,1072.323896864651,0107,base,2.0664385936951075,8.565729865095449,1.939310806199506,7.259813397939234,0.1271277874956016,1.305916467156215
1,55.0,610.0,0.0,470.0,10875.0,326.25,10875.0,11256.25,610.0,0.0,55.0,11256.25,10646.25,1450.0,356.90324017638966,43.5,313.40324017638966,False,175.47743013229223,194.03959234239426,63.32581004409741,58.0,29.0,0.0,36.6,23.5,23.5,36.437837789897976,17.407592479784057,30.0,30.0,0.0,False,164.03959234239426,0.0,0.0,0.0,0.0,99.97019150104306,0.0,False,64.0694008413512,480.0298084989569,0.0,450.9697546898861,64.0694008413512,64.0694008413512,0.0,0.0,0108,base,2.7674526940287403,6.576329921995827,2.4290341604044707,5.93848985318452,0.33841853362426955,0.6378400688113066
2,64.0694008413512,480.0298084989569,0.0,450.9697546898861,10875.0,326.25,10875.0,11256.25,610.0,0.0,55.0,11256.25,10646.25,1534.5828814251943,377.7224846206015,46.03748644275583,331.68499817784567,False,193.21355500730465,222.32048187091084,70.08368048335349,61.38331525700777,30.691657628503886,1.6916576285038865,28.801788509937413,22.548487734494305,22.548487734494305,34.962473977745006,18.42302994917418,30.0,30.0,0.0,False,192.32048187091084,0.0,0.0,0.0,0.0,114.54065059063342,0.0,False,77.77983128027742,335.4891579083235,0.0,434.4303106613153,77.77983128027742,77.77983128027742,0.0,0.0,0108,base,2.3133462039820394,7.914578183509372,1.8324025322044888,7.355802387948413,0.4809436717775506,0.5587757955609591
3,77.77983128027742,335.4891579083235,0.0,434.4303106613153,10875.0,326.25,10875.0,11256.25,610.0,0.0,55.0,11256.25,10646.25,1624.099737905691,399.7561785021837,48.72299213717073,351.03318636501297,False,213.85540650941897,257.95502248992614,77.29558033936195,64.96398951622764,32.48199475811382,1.7903371296099344,20.129349474499406,21.721515533065766,21.721515533065766,33.6802152997702,19.497700954473352,30.0,30.0,0.0,False,227.95502248992614,0.0,0.0,0.0,0.0,132.89974837439195,0.0,False,95.05527411553419,172.58940953393153,0.0,420.2477963160185,95.05527411553419,95.05527411553419,0.0,0.0,0108,base,1.8772801464456406,9.858487080187853,1.2452138541035624,9.5519215296965,0.6320662923420781,0.3065655504913529
4,95.05527411553419,172.58940953393153,0.0,420.2477963160185,10875.0,326.25,10875.0,11256.25,610.0,0.0,55.0,11256.25,10646.25,1718.8383831153228,423.0751643264864,51.56515149345968,371.51001283302674,False,236.0235370985465,298.4981281636016,85.03556461129747,68.75353532461291,34.376767662306456,1.894772904192635,10.355364572035892,21.012389815800926,21.012389815800926,32.58068305047908,20.635060766815503,30.0,30.0,0.0,False,268.4981281636016,0.0,0.0,0.0,0.0,142.58940953393153,0.0,False,125.90871862967009,0.0,0.0,408.3021740323549,125.90871862967009,125.90871862967009,0.0,0.0,0108,base,1.456792387200152,12.951960832687357,0.6674782147806773,13.487582155085297,0.7893141724194748,-0.5356213223979402
5,125.90871862967009,0.0,0.0,408.3021740323549,10875.0,326.25,10875.0,11256.25,610.0,0.0,55.0,11256.25,10646.25,1819.1034197691959,447.75441705626,54.57310259307587,393.18131446318415,False,259.37831939040535,353.6324669846422,93.1915514403916,72.76413679076784,36.38206839538392,2.005300733077462,0.0,20.415108701617747,20.415108701617747,31.654571035433282,21.83876621374049,0.0,0.0,0.0,False,353.6324669846422,0.0,0.0,0.0,0.0,0.0,0.0,False,353.6324669846422,0.0,0.0,398.48636921066213,353.6324669846422,353.6324669846422,3582.03533645008,3483.450904177309,0108,base,1.049736727707072,18.666778292112678,0.10017523114771215,21.93250222668561,0.9495614965593597,-3.2657239345729323
1,25.5,409.5,0.0,312.0,5700.0,171.0,5700.0,5896.5,409.5,0.0,25.5,5896.5,5487.0,760.0,100.93050182050645,22.8,78.13050182050645,False,20.870376365379823,2.9061610991661695,9.490125455126613,30.400000000000002,15.200000000000001,0.0,24.57,15.600000000000001,15.600000000000001,43.46421526621366,13.978515511150237,30.0,30.0,0.0,False,0.0,27.09383890083383,25.0,52.09383890083383,0.0,0.0,0.0,False,25.0,379.5,52.09383890083383,282.5143002449366,25.0,25.0,0.0,0.0,0109,downside,4.683523942334484,3.8207289306558647,6.827550905981541,2.5125840632438745,-2.1440269636470566,1.3081448674119902
2,25.0,379.5,52.09383890083383,282.5143002449366,5700.0,171.0,5700.0,5896.5,409.5,0.0,25.5,5896.5,5487.0,706.0163252584931,93.76129210764422,21.180489757754792,72.58080234988944,False,18.43910299493965,4.082492861511312,8.139864250898146,28.240653010339724,14.120326505169862,-1.0796734948301392,25.89563033405003,14.125715012246829,14.125715012246829,39.35661013342833,12.985605465462022,30.0,30.0,0.0,False,0.0,25.917507138488688,25.0,50.91750713848869,0.0,0.0,0.0,False,25.0,349.5,103.01134603932252,256.1432955769703,25.0,25.0,0.0,0.0,0109,downside,4.644327656987502,3.820640390822063,7.291437929752628,2.3427821153023753,-2.6471102727651257,1.4778582755196878
3,25.0,349.5,103.01134603932252,256.1432955769703,5700.0,171.0,5700.0,5896.5,409.5,0.0,25.5,5896.5,5487.0,655.8671730677715,87.10131961227255,19.676015192033145,67.4253044202394,False,15.044905472410356,4.361997337939755,6.866864719757883,26.234686922710864,13.117343461355432,-1.0029830438144298,27.15068076235935,12.807164778848515,12.807164778848515,35.6829081344706,12.063222963134344,30.0,30.0,0.0,False,0.0,25.638002662060245,25.0,50.638002662060245,0.0,0.0,0.0,False,25.0,319.5,153.64934870138276,232.52361040563403,25.0,25.0,0.0,0.0,0109,downside,4.6266028341607885,3.80306970694108,7.814726138903528,2.179830229396287,-3.1881233047427395,1.6232394775447934
4,25.0,319.5,153.64934870138276,232.52361040563403,5700.0,171.0,5700.0,5896.5,409.5,0.0,25.5,5896.5,5487.0,609.2801728776108,80.9144126287134,18.27840518632832,62.63600744238507,False,11.804587775042414,4.41209977136397,5.655216500005102,24.37120691510443,12.185603457552215,-0.9317400038032169,28.388960922082966,11.626180520281702,11.626180520281702,32.392488003678444,11.206358351586816,30.0,30.0,0.0,False,0.0,25.58790022863603,20.762751069981206,46.35065129861724,0.0,0.0,4.237248930018794,True,20.762751069981206,289.5,200.0,211.33748075354242,20.762751069981206,20.762751069981206,0.0,0.0,0109,downside,4.631488518933388,3.767303295282005,8.40486518519482,2.022094879890841,-3.7733766662614325,1.745208415391164
5,20.762751069981206,289.5,200.0,211.33748075354242,5700.0,171.0,5700.0,5896.5,409.5,0.0,25.5,5896.5,5487.0,566.0023009314608,75.16696876917585,16.980069027943824,58.186899741232025,False,8.893053707274575,0.21472222183509615,4.562506425888726,22.640092037258434,11.320046018629217,-0.8655574389229983,29.369999999999997,10.566874037677122,10.566874037677122,29.441082555420685,10.410357819627828,30.0,0.21472222183509615,29.785277778164904,True,0.0,0.0,0.0,0.0,0.0,0.0,25.0,True,0.0,289.2852777781649,200.0,192.30675601774956,0.0,0.0,601.3357501534068,-89.27631989480876,0109,downside,4.660433342593761,3.712947428094988,9.067706799365027,1.8821445238368448,-4.407273456771266,1.8308029042581433
1,35.0,470.0,0.0,360.0,7350.0,220.5,7350.0,7605.5,470.0,0.0,35.0,7605.5,7135.5,980.0,188.29463981693667,29.4,158.89463981693666,False,74.72097986270249,67.59833279668942,28.173659954234168,39.2,19.6,0.0,28.2,18.0,18.0,42.12264706601307,8.77570035715728,30.0,30.0,0.0,False,37.59833279668942,0.0,0.0,0.0,0.0,12.59833279668942,0.0,False,25.0,427.4016672033106,0.0,326.6530532911442,25.0,25.0,0.0,0.0,0110,base,3.6022263825283316,5.0000167062822,3.871882498637532,4.075641554479148,-0.26965611610920037,0.9243751518030523
2,25.0,427.4016672033106,0.0,326.6530532911442,7350.0,220.5,7350.0,7605.5,470.0,0.0,35.0,7605.5,7135.5,986.285881867301,189.50239273748286,29.588576456019027,159.91381628146382,False,78.46422123251199,65.24341213023857,29.484265896176996,39.45143527469204,19.72571763734602,0.1257176373460176,25.644100032198633,16.332652664557212,16.332652664557212,38.220809102273414,8.831989148736792,30.0,30.0,0.0,False,35.24341213023857,0.0,0.0,0.0,0.0,10.243412130238568,0.0,False,25.0,387.15825507307204,0.0,297.2642333376076,25.0,25.0,0.0,0.0,0110,base,3.2191864715239897,5.57689910599416,3.4797581122058747,4.514460518336581,-0.260571640681885,1.0624385876575788
3,25.0,387.15825507307204,0.0,297.2642333376076,7350.0,220.5,7350.0,7605.5,470.0,0.0,35.0,7605.5,7135.5,992.6120824191424,190.71789238474682,29.778362472574273,160.93952991217253,False,82.08247237045263,72.3003712975943,30.711705735226957,39.7044832967657,19.85224164838285,0.12652401103683175,23.229495304384322,14.863211666880382,14.863211666880382,34.782101072858346,8.888638985922755,30.0,30.0,0.0,False,42.300371297594296,0.0,0.0,0.0,0.0,17.300371297594296,0.0,False,25.0,339.8578837754777,0.0,271.370771250672,25.0,25.0,0.0,0.0,0110,base,2.847190691526499,6.292073750198357,3.07379998644026,5.0066773287762185,-0.2266092949137608,1.2853964214221385
4,25.0,339.8578837754777,0.0,271.370771250672,7350.0,220.5,7350.0,7605.5,470.0,0.0,35.0,7605.5,7135.5,998.9788602662264,191.9411884475133,29.96936580798679,161.97182263952652,False,85.89173412824422,79.13935851317804,32.00295276261606,39.959154410649056,19.979577205324528,0.1273355569416772,20.39147302652866,13.568538562533602,13.568538562533602,31.752375615066182,8.945652184521322,30.0,30.0,0.0,False,49.13935851317804,0.0,0.0,0.0,0.0,24.13935851317804,0.0,False,25.0,285.7185252622997,0.0,248.56404782012714,25.0,25.0,0.0,0.0,0110,base,2.482897967097335,7.2100396403853875,2.6533261422505525,5.651976529635023,-0.1704281751532175,1.5580631107503642
5,25.0,285.7185252622997,0.0,248.56404782012714,7350.0,220.5,7350.0,7605.5,470.0,0.0,35.0,7605.5,7135.5,1005.3864756780268,193.172330933279,30.161594270340803,163.0107366629382,False,89.89755000212912,85.81372872538797,33.359855689048466,40.21545902712108,20.10772951356054,0.12815230823601098,17.14311151573798,12.428202391006359,12.428202391006359,29.083821276741148,9.003031075192611,30.0,30.0,0.0,False,55.813728725387975,0.0,0.0,0.0,0.0,30.813728725387975,0.0,False,25.0,224.9047965369117,0.0,228.4832576185786,25.0,25.0,1545.378647466232,1093.8099135987482,0110,base,2.1232672419896628,8.441715302057547,2.2176470723617965,6.532422994205277,-0.09437983037213371,1.9092923078522706
1,25.5,409.5,0.0,312.0,5700.0,171.0,5700.0,5896.5,409.5,0.0,25.5,5896.5,5487.0,760.0,146.4679399900425,22.8,123.66793999004251,False,55.023454992531896,37.295794700724386,20.874484997510628,30.400000000000002,15.200000000000001,0.0,24.57,15.600000000000001,15.600000000000001,43.22766029180751,11.338348213655216,30.0,30.0,0.0,False,7.295794700724386,0.0,17.704205299275614,17.704205299275614,0.0,0.0,0.0,False,25.0,379.5,17.704205299275614,280.11068792184767,25.0,25.0,0.0,0.0,0111,downside,4.090150835323883,4.371968405910369,4.453636019360075,3.646202140653286,-0.36348518403619146,0.7257662652570831
2,25.0,379.5,17.704205299275614,280.11068792184767,5700.0,171.0,5700.0,5896.5,409.5,0.0,25.5,5896.5,5487.0,812.636399278741,156.6120781095827,24.37909197836223,132.23298613122049,False,61.617307584516425,47.80791764352239,23.598799854292892,32.505455971149644,16.252727985574822,1.0527279855748208,23.832252317956534,14.005534396092385,14.005534396092385,38.80938994099404,12.123624297517525,30.0,30.0,0.0,False,17.807917643522387,0.0,7.192082356477613,7.192082356477613,0.0,0.0,0.0,False,25.0,349.5,24.896287655753227,253.42492227837118,25.0,25.0,0.0,0.0,0111,downside,3.514355138350907,5.047301392357762,3.8491361407791658,4.1390390852706425,-0.3347810024282589,0.9082623070871199
3,25.0,349.5,24.896287655753227,253.42492227837118,5700.0,171.0,5700.0,5896.5,409.5,0.0,25.5,5896.5,5487.0,868.9183124114703,167.45878320859507,26.067549372344107,141.39123383625096,False,69.87733646047113,59.76526450621744,26.564052615746803,34.75673249645882,17.37836624822941,1.1256382626545864,22.463777259345193,12.67124611391856,12.67124611391856,35.112071954253686,12.963287362293288,30.0,30.0,0.0,False,29.76526450621744,0.0,0.0,0.0,4.7652645062174415,0.0,0.0,False,25.0,319.5,20.131023149535785,231.27613768641078,25.0,25.0,0.0,0.0,0111,downside,3.0012102155171543,5.869126317848823,3.2599494059140346,4.766149759730174,-0.2587391903968803,1.102976558118649
4,25.0,319.5,20.131023149535785,231.27613768641078,5700.0,171.0,5700.0,5896.5,409.5,0.0,25.5,5896.5,5487.0,929.0982219281808,179.05671396609472,27.87294665784542,151.1837673082493,False,78.93699386660143,71.89364029766082,29.81052475873915,37.16392887712723,18.581964438563617,1.2035981903342083,20.377861388972146,11.56380688432054,11.56380688432054,32.043353568940596,13.86110416435477,30.0,30.0,0.0,False,41.89364029766082,0.0,0.0,0.0,16.893640297660824,0.0,0.0,False,25.0,289.5,3.237382851874962,213.09388828182495,25.0,25.0,0.0,0.0,0111,downside,2.5388440005182824,6.898120921150744,2.6853573958960717,5.605740828377741,-0.1465133953777893,1.2923800927730031
5,25.0,289.5,3.237382851874962,213.09388828182495,5700.0,171.0,5700.0,5896.5,409.5,0.0,25.5,5896.5,5487.0,993.4460968999966,191.45789908432982,29.803382906999897,161.65451617732992,False,88.85526562565838,84.33106622531507,33.35889469803155,39.737843875999864,19.868921937999932,1.2869574994363155,17.564242971112495,10.654694414091248,10.654694414091248,29.524199400343303,14.821102339669503,30.0,30.0,0.0,False,54.33106622531507,0.0,0.0,0.0,3.237382851874962,26.093683373440108,0.0,False,25.0,233.40631662655989,0.0,198.39079122115115,25.0,25.0,1531.6631926746386,1101.891136936808,0111,downside,2.1176916452423096,8.234108816763083,2.1247340004944513,6.784730993617019,-0.0070423552521416966,1.4493778231460643
1,46.75,640.5,0.0,488.8,10875.0,326.25,10875.0,11248.0,640.5,0.0,46.75,11248.0,10607.5,1450.0,308.425763142977,43.5,264.925763142977,False,137.04182235723277,131.7986244441094,50.51394078574425,58.0,29.0,0.0,38.43,24.44,24.44,51.99319791312337,14.53244262480916,30.0,30.0,0.0,False,101.79862444410941,0.0,0.0,0.0,0.0,76.79862444410941,0.0,False,25.0,533.7013755558905,0.0,451.3392447116858,25.0,25.0,0.0,0.0,0112,downside,2.904494527571091,6.252374772022509,3.1127121498683947,4.905770051582265,-0.20821762229730378,1.3466047204402436
2,25.0,533.7013755558905,0.0,451.3392447116858,10875.0,326.25,10875.0,11248.0,640.5,0.0,46.75,11248.0,10607.5,1497.1104391164045,318.44650323709965,44.913313173492135,273.5331900636075,False,148.2947957975102,125.28626331744822,54.73603632366744,59.88441756465618,29.94220878232809,0.9422087823280911,32.022082533353434,22.566962235584292,22.566962235584292,48.00853248006199,15.004601075491031,30.0,30.0,0.0,False,95.28626331744822,0.0,0.0,0.0,0.0,70.28626331744822,0.0,False,25.0,433.4151122384423,0.0,418.33531330711486,25.0,25.0,0.0,0.0,0112,downside,2.434087209602852,7.4903582303204965,2.5961987873674324,5.833524008068047,-0.16211157776458052,1.6568342222524493
3,25.0,433.4151122384423,0.0,418.33531330711486,10875.0,326.25,10875.0,11248.0,640.5,0.0,46.75,11248.0,10607.5,1545.7514944215955,328.79281675612265,46.37254483264786,282.4202719234748,False,160.19361359253958,140.69567836581024,58.87464988095313,61.83005977686382,30.91502988843191,0.9728211061038188,26.004906734306537,20.916765665355744,20.916765665355744,44.497935226729325,15.492099934410243,30.0,30.0,0.0,False,110.69567836581024,0.0,0.0,0.0,0.0,85.69567836581024,0.0,False,25.0,317.71943387263207,0.0,389.32947801479577,25.0,25.0,0.0,0.0,0112,downside,1.976925528816601,9.300704333771192,2.0744033236995194,7.007269774094606,-0.09747779488291841,2.2934345596765855
4,25.0,317.71943387263207,0.0,389.32947801479577,10875.0,326.25,10875.0,11248.0,640.5,0.0,46.75,11248.0,10607.5,1595.972895571278,339.4752815669505,47.87918686713834,291.59609469981217,False,172.83568409632943,156.4230723863534,63.266613691678614,63.83891582285112,31.91945791142556,1.0044280229936504,19.063166032357923,19.46647390073979,19.46647390073979,41.41261170997604,15.995437610786304,30.0,30.0,0.0,False,126.4230723863534,0.0,0.0,0.0,0.0,95.35559400217956,0.0,False,31.06747838417384,192.36383987045252,0.0,363.91230391560606,31.06747838417384,31.06747838417384,0.0,0.0,0112,downside,1.5297927529913207,12.220233962199899,1.5471190213839012,8.810756657897928,-0.017326268392580557,3.409477304301971
5,31.06747838417384,192.36383987045252,0.0,363.91230391560606,10875.0,326.25,10875.0,11248.0,640.5,0.0,46.75,11248.0,10607.5,1647.825987935583,350.5048192109395,49.43477963806749,301.070039572872,False,185.98412376200645,178.34259142501662,67.83314849621614,65.91303951742333,32.956519758711664,1.037061847286104,11.541830392227151,18.195615195780302,18.195615195780302,38.70901072116368,16.515128707133332,30.0,30.0,0.0,False,148.34259142501662,0.0,0.0,0.0,0.0,108.71774529026642,0.0,False,39.6248461347502,53.6460945801861,0.0,341.7184219015757,39.6248461347502,39.6248461347502,2804.038553687516,2406.2383050351914,0112,downside,1.0898639223965303,17.758306639315695,1.0149351759209955,11.786648526136066,0.07492874647553482,5.971658113179629
1,55.0,610.0,0.0,470.0,10875.0,326.25,10875.0,11256.25,610.0,0.0,55.0,11256.25,10646.25,1450.0,317.3704331933754,43.5,273.8704331933754,False,145.82782489503157,145.9232867843177,53.44260829834385,58.0,29.0,0.0,36.6,23.5,23.5,54.90453811071388,20.57112973285281,30.0,30.0,0.0,False,115.9232867843177,0.0,0.0,0.0,0.0,77.16516237090343,0.0,False,38.758124413414265,502.83483762909657,0.0,435.6665916221389,38.758124413414265,38.758124413414265,0.0,0.0,0113,base,2.7627758845130947,6.567718254094568,2.8349940975428014,5.280706043151005,-0.07221821302970666,1.2870122109435629
2,38.758124413414265,502.83483762909657,0.0,435.6665916221389,10875.0,326.25,10875.0,11256.25,610.0,0.0,55.0,11256.25,10646.25,1504.3875168673594,329.2745640820001,45.13162550602078,284.1429385759793,False,158.01051354682417,145.87486565538194,58.047379684281644,60.175500674694376,30.087750337347188,1.0877503373471882,30.170090257745795,21.783329581106948,21.783329581106948,50.89377230485648,21.342724674457067,30.0,30.0,0.0,False,115.87486565538194,0.0,0.0,0.0,0.0,77.13955696988178,0.0,False,38.73530868550016,395.6952806592148,0.0,406.1155439917395,38.73530868550016,38.73530868550016,0.0,0.0,0113,base,2.305896232054385,7.890432035793737,2.317444464903835,6.337880453362496,-0.011548232849449835,1.5525515824312413
3,38.73530868550016,395.6952806592148,0.0,406.1155439917395,10875.0,326.25,10875.0,11256.25,610.0,0.0,55.0,11256.25,10646.25,1560.8150351078204,341.625202639243,46.82445105323461,294.8007515860084,False,171.328242444264,162.6218780181732,62.68831438671713,62.43260140431282,31.21630070215641,1.1285503648092217,23.741716839552886,20.305777199586977,20.305777199586977,47.44167311159098,22.143261087027717,30.0,30.0,0.0,False,132.6218780181732,0.0,0.0,0.0,0.0,85.99548364670055,0.0,False,46.62639437147264,279.69979701251424,0.0,380.81713196717624,46.62639437147264,46.62639437147264,0.0,0.0,0113,base,1.8672444018642762,9.811851527504235,1.7969708612408422,7.755837422571204,0.07027354062343405,2.0560141049330305
4,46.62639437147264,279.69979701251424,0.0,380.81713196717624,10875.0,326.25,10875.0,11256.25,610.0,0.0,55.0,11256.25,10646.25,1619.3590723828238,354.4390967570754,48.58077217148471,305.8583245855907,False,185.16213865553243,187.30217401571875,67.50887004162027,64.77436289531295,32.387181447656474,1.1708807455000638,16.781987820750853,19.04085659835881,19.04085659835881,44.486359011286346,22.973824525558108,30.0,30.0,0.0,False,157.30217401571875,0.0,0.0,0.0,0.0,99.04658117870345,0.0,False,58.2555928370153,150.6532158338108,0.0,359.30459748144796,58.2555928370153,58.2555928370153,0.0,0.0,0113,base,1.4429279786873375,12.882067182093458,1.2744142071545512,9.894219805951538,0.16851377153278624,2.9878473761419198
5,58.2555928370153,150.6532158338108,0.0,359.30459748144796,10875.0,326.25,10875.0,11256.25,610.0,0.0,55.0,11256.25,10646.25,1680.099016426639,367.73362251799057,50.40297049279917,317.3306520251914,False,199.72888285567507,216.01117151019065,72.58155730027259,67.20396065706556,33.60198032853278,1.2147988808763088,9.039192950028648,17.9652298740724,17.9652298740724,41.97330418249972,23.83554126272469,30.0,30.0,0.0,False,186.01117151019065,0.0,0.0,0.0,0.0,114.22808169164875,0.0,False,71.7830898185419,6.425134142162051,0.0,341.16683456167294,71.7830898185419,71.7830898185419,2941.8689801439245,2621.932066556473,0113,base,1.0296059107715423,18.617900612213877,0.7500235550851752,13.617533132009537,0.27958235568636713,5.000367480204339
1,55.0,610.0,0.0,470.0,10875.0,326.25,10875.0,11256.25,610.0,0.0,55.0,11256.25,10646.25,1450.0,372.6681285076271,43.5,329.1681285076271,False,187.3010963807203,194.34794917930074,67.26703212690677,58.0,29.0,0.0,36.6,23.5,23.5,47.95314720141956,8.293399538490373,30.0,30.0,0.0,False,164.34794917930074,0.0,0.0,0.0,0.0,112.81551096123653,0.0,False,51.532438218064215,467.18448903876345,0.0,430.3402523370708,51.532438218064215,51.532438218064215,0.0,0.0,0114,base,2.7294981869187613,6.662880626067752,2.270095665399666,6.200800807115259,0.45940252151909533,0.4620798189524926
2,51.532438218064215,467.18448903876345,0.0,430.3402523370708,10875.0,326.25,10875.0,11256.25,610.0,0.0,55.0,11256.25,10646.25,1511.8517836332305,388.5648101982855,45.35555350899691,343.20925668928857,False,203.89032753858504,211.51602220980757,73.4152936825273,60.47407134532922,30.23703567266461,1.2370356726646108,28.031069342325807,21.517012616853542,21.517012616853542,43.90674354684169,8.647166127344608,30.0,30.0,0.0,False,181.51602220980757,0.0,0.0,0.0,0.0,122.78127051432337,0.0,False,58.734751695484206,314.4032185244401,0.0,395.08067491757373,58.734751695484206,58.734751695484206,0.0,0.0,0114,base,2.237210968013763,8.176416390058376,1.6747505812851422,7.842176625896604,0.5624603867286209,0.33423976416177226
3,58.734751695484206,314.4032185244401,0.0,395.08067491757373,10875.0,326.25,10875.0,11256.25,610.0,0.0,55.0,11256.25,10646.25,1576.341941844814,405.1395871416452,47.29025825534442,357.8493288863008,False,222.370103939037,240.7955752924816,79.80777550723892,63.05367767379256,31.52683883689628,1.289803164231671,18.864193111466406,19.754033745878687,19.754033745878687,40.30928034203958,9.016023126206068,30.0,30.0,0.0,False,210.7955752924816,0.0,0.0,0.0,0.0,139.77752777192416,0.0,False,71.01804752055745,144.62569075251594,0.0,363.7874177017402,71.01804752055745,71.01804752055745,0.0,0.0,0114,base,1.7617538389357996,10.506761876807696,1.079615704847861,10.490890445027997,0.6821381340879387,0.015871431779698852
4,71.01804752055745,144.62569075251594,0.0,363.7874177017402,10875.0,326.25,10875.0,11256.25,610.0,0.0,55.0,11256.25,10646.25,1643.5830182027255,422.4213844417427,49.307490546081766,373.1138938956609,False,241.9045844648818,275.8061392384693,86.56174539135574,65.74332072810903,32.87166036405451,1.3448215271582313,8.677541445150956,18.189370885087012,18.189370885087012,37.1164927469699,9.400614237677999,30.0,30.0,0.0,False,245.8061392384693,0.0,0.0,0.0,0.0,114.62569075251594,0.0,False,131.18044848595338,0.0,0.0,336.0715391924483,131.18044848595338,131.18044848595338,0.0,0.0,0114,base,1.2998293413026785,14.586542852036422,0.48503957955933463,15.722736548565692,0.8147897617433438,-1.1361936965292703
5,131.18044848595338,0.0,0.0,336.0715391924483,10875.0,326.25,10875.0,11256.25,610.0,0.0,55.0,11256.25,10646.25,1713.692356978675,440.4403610434946,51.41077070936025,389.02959033413435,False,260.6303996855782,357.522150322376,93.05650334362798,68.547694279147,34.2738471395735,1.4021867755189845,0.0,16.803576959622415,16.803576959622415,34.28869784915557,9.80161062240098,0.0,0.0,0.0,False,357.522150322376,0.0,0.0,0.0,0.0,0.0,0.0,False,357.522150322376,0.0,0.0,311.5844519656937,357.522150322376,357.522150322376,3523.5228883479567,3516.6077433794194,0114,base,0.8485800243284475,23.63453964488325,-0.10429947484341888,26.211107438721875,0.9528794991718663,-2.576567793838624
1,55.0,610.0,0.0,470.0,10875.0,326.25,10875.0,11256.25,610.0,0.0,55.0,11256.25,10646.25,1450.0,295.72308861180056,43.5,252.22308861180056,False,129.59231645885043,137.96704540897744,48.03077215295014,58.0,29.0,0.0,36.6,23.5,23.5,46.625271049873,20.869391074904186,30.0,30.0,0.0,False,107.96704540897744,0.0,0.0,0.0,0.0,79.73834576717455,0.0,False,28.22869964180289,500.26165423282544,0.0,444.2441200250312,28.22869964180289,28.22869964180289,0.0,0.0,0115,base,2.758693087094247,6.597210587149286,3.098429273538605,4.920517281394352,-0.339736186444358,1.6766933057549345
2,28.22869964180289,500.26165423282544,0.0,444.2441200250312,10875.0,326.25,10875.0,11256.25,610.0,0.0,55.0,11256.25,10646.25,1503.3767878864621,306.60912211108433,45.10130363659386,261.5078184744905,False,140.8586312778582,125.01711281651345,52.31997830481735,60.135071515458485,30.067535757729242,1.0675357577292424,30.015699253969526,22.21220600125156,22.21220600125156,44.070218103147646,21.63762628919714,30.0,30.0,0.0,False,95.01711281651345,0.0,0.0,0.0,0.0,70.01711281651345,0.0,False,25.0,400.244541416312,0.0,421.8115282110807,25.0,25.0,0.0,0.0,0115,base,2.2900371217619586,7.9991829014349065,2.5995836788529068,5.8705996461620185,-0.30954655709094814,2.128583255272888
3,25.0,400.244541416312,0.0,421.8115282110807,10875.0,326.25,10875.0,11256.25,610.0,0.0,55.0,11256.25,10646.25,1558.7184595557355,317.8958876800345,46.76155378667207,271.1343338933624,False,152.82779571942945,135.9829513900618,56.50727124945741,62.34873838222942,31.17436919111471,1.106833433385468,24.01467248497872,21.090576410554036,21.090576410554036,41.84484432936764,22.434141453890252,30.0,30.0,0.0,False,105.9829513900618,0.0,0.0,0.0,0.0,78.59163443153712,0.0,False,27.391316958524683,291.6529069847749,0.0,402.4008253356034,27.391316958524683,27.391316958524683,0.0,0.0,0115,base,1.833297123520795,10.116104962808667,2.097109277591084,7.047869049926007,-0.2638121540702889,3.0682359128826597
4,27.391316958524683,291.6529069847749,0.0,402.4008253356034,10875.0,326.25,10875.0,11256.25,610.0,0.0,55.0,11256.25,10646.25,1616.0973454801626,329.59813689843156,48.482920364404876,281.1152165340267,False,165.31344946282982,152.78551631079046,60.87400021204,64.64389381920651,32.321946909603255,1.1475777184885452,17.499174419086494,20.12004126678017,20.12004126678017,39.919250110564064,23.259977598579347,30.0,30.0,0.0,False,122.78551631079046,0.0,0.0,0.0,0.0,88.30271237375766,0.0,False,34.4828039370328,173.35019461101726,0.0,385.74155282361863,34.4828039370328,34.4828039370328,0.0,0.0,0115,base,1.3856998256665816,13.704322775532216,1.5916623450431266,8.76143031929982,-0.20596251937654508,4.942892456232396
5,34.4828039370328,173.35019461101726,0.0,385.74155282361863,10875.0,326.25,10875.0,11256.25,610.0,0.0,55.0,11256.25,10646.25,1675.5884387309,341.7311643749838,50.267653161926994,291.4635112130568,False,178.38586016908744,174.60205888143912,65.44385547380371,67.023537549236,33.511768774618,1.1898218650147427,10.401011676661035,19.287077641180932,19.287077641180932,38.266605224681115,24.11621407480226,30.0,30.0,0.0,False,144.60205888143912,0.0,0.0,0.0,0.0,100.91162930595624,0.0,False,43.69042957548288,42.43856530506102,0.0,371.59116167373975,43.69042957548288,43.69042957548288,2733.8493149998703,2322.5022778715547,0115,base,0.9448065861506416,21.163173948700212,1.0837153178015166,11.510715988368101,-0.13890873165087503,9.65245796033211
1,38.25,546.0,0.0,405.6,9000.0,270.0,9000.0,9308.25,546.0,0.0,38.25,9308.25,8762.25,1200.0,233.97089543522597,36.0,197.97089543522597,False,96.69817157641947,91.1551906987502,36.232723858806494,48.0,24.0,0.0,32.76,20.28,20.28,43.79298087766926,8.103262089402168,30.0,30.0,0.0,False,61.155190698750204,0.0,0.0,0.0,0.0,36.155190698750204,0.0,False,25.0,479.8448093012498,0.0,369.9102812117329,25.0,25.0,0.0,0.0,0116,downside,3.2903930720150476,5.482109479170354,3.5250328421353303,4.411215977285558,-0.2346397701202827,1.0708935018847967
2,25.0,479.8448093012498,0.0,369.9102812117329,9000.0,270.0,9000.0,9308.25,546.0,0.0,38.25,9308.25,8762.25,1188.5493810763905,231.73830246618894,35.65648143229171,196.08182103389723,False,99.94023237913498,85.0007011376195,37.19890460380889,47.541975243055624,23.770987621527812,-0.2290123784721878,28.79068855807499,18.495514060586647,18.495514060586647,39.939531241515475,8.025939284215605,30.0,30.0,0.0,False,55.0007011376195,0.0,0.0,0.0,0.0,30.0007011376195,0.0,False,25.0,419.8441081636303,0.0,337.9966892544331,25.0,25.0,0.0,0.0,0116,downside,2.960785896975812,6.087602877825501,3.162363707764651,4.9007594104148415,-0.20157781078883907,1.1868434674106592
3,25.0,419.8441081636303,0.0,337.9966892544331,9000.0,270.0,9000.0,9308.25,546.0,0.0,38.25,9308.25,8762.25,1177.208026047559,229.52701330656853,35.31624078142677,194.21077252514175,False,102.54496551955276,91.05117225220832,38.03007289315057,47.08832104190236,23.54416052095118,-0.22682710057663158,25.19064648981782,16.899834462721653,16.899834462721653,36.493793267344444,7.949354307342621,30.0,30.0,0.0,False,61.05117225220832,0.0,0.0,0.0,0.0,36.05117225220832,0.0,False,25.0,353.792935911422,0.0,309.4522502944312,25.0,25.0,0.0,0.0,0116,downside,2.63030070164257,6.856580719278471,2.780697474389992,5.453181054532957,-0.15039677274742225,1.403399664745514
4,25.0,353.792935911422,0.0,309.4522502944312,9000.0,270.0,9000.0,9308.25,546.0,0.0,38.25,9308.25,8762.25,1165.974892297488,227.3368246715287,34.97924676892464,192.35757790260405,False,105.30795567692442,96.89613003664891,38.91434730829929,46.63899569189952,23.31949784594976,-0.22466267500142223,21.227576154685316,15.472612514721561,15.472612514721561,33.41182564027551,7.873500118290842,30.0,30.0,0.0,False,66.89613003664891,0.0,0.0,0.0,0.0,41.89613003664891,0.0,False,25.0,281.89680587477307,0.0,283.91392477244653,25.0,25.0,0.0,0.0,0116,downside,2.296597907070829,7.872779197321711,2.3788962981629513,6.194432042825865,-0.08229839109212245,1.6783471544958468
5,25.0,281.89680587477307,0.0,283.91392477244653,9000.0,270.0,9000.0,9308.25,546.0,0.0,38.25,9308.25,8762.25,1154.848947158992,225.16753521601441,34.64546841476976,190.52206680124465,False,108.233451088782,102.57902042195809,39.85314055253398,46.19395788635968,23.09697894317984,-0.22251890276992015,16.913808352486384,14.195696238622327,14.195696238622327,30.654430666823913,7.798369743749555,30.0,30.0,0.0,False,72.57902042195809,0.0,0.0,0.0,0.0,47.57902042195809,0.0,False,25.0,204.31778545281497,0.0,261.0578638493722,25.0,25.0,1801.3402817281153,1333.9445282000065,0116,downside,1.9573951654525803,9.287558402489566,1.955768840653307,7.237901669458559,0.001626324799273382,2.049656733031007
1,45.0,520.0,0.0,390.0,9000.0,270.0,9000.0,9315.0,520.0,0.0,45.0,9315.0,8795.0,1200.0,233.99242706584448,36.0,197.99242706584448,False,98.46932029938336,99.04338812564373,36.82310676646112,48.0,24.0,0.0,31.2,19.5,19.5,44.42593217373962,5.567852959074919,30.0,30.0,0.0,False,69.04338812564373,0.0,0.0,0.0,0.0,44.04338812564373,0.0,False,25.0,445.95661187435627,0.0,351.1419207853353,25.0,25.0,0.0,0.0,0117,base,3.0537454934063892,5.9155532310759025,3.2996731660996286,4.615235247847031,-0.24592767269323934,1.3003179832288714
2,25.0,445.95661187435627,0.0,351.1419207853353,9000.0,270.0,9000.0,9315.0,520.0,0.0,45.0,9315.0,8795.0,1200.1872836806792,234.02894620167112,36.005618510420376,198.02332769125076,False,103.27600769422158,88.2765021655909,38.42720873488066,48.00749134722717,24.003745673613587,0.0037456736135865754,26.757396712461375,17.557096039266764,17.557096039266764,39.99950552863066,5.568721932404633,30.0,30.0,0.0,False,58.2765021655909,0.0,0.0,0.0,0.0,33.2765021655909,0.0,False,25.0,382.6801097087654,0.0,316.71113718910925,25.0,25.0,0.0,0.0,0117,base,2.650010412046276,6.824975015402533,2.881657409663878,5.281092745725825,-0.23164699761760188,1.5438822696767076
3,25.0,382.6801097087654,0.0,316.71113718910925,9000.0,270.0,9000.0,9315.0,520.0,0.0,45.0,9315.0,8795.0,1200.3745965906726,234.06547103702954,36.01123789772018,198.05423313930936,False,107.43591004888938,96.35850620419372,39.814467424331994,48.0149838636269,24.00749193181345,0.003746258199864627,22.960806582525922,15.835556859455464,15.835556859455464,36.07740384469567,5.569591041354783,30.0,30.0,0.0,False,66.35850620419372,0.0,0.0,0.0,0.0,41.358506204193716,0.0,False,25.0,311.32160350457167,0.0,286.2033243857684,25.0,25.0,0.0,0.0,0117,base,2.247245425364352,8.079520590224078,2.4460033568973767,6.033180697130708,-0.19875793153302457,2.0463398930933705
4,25.0,311.32160350457167,0.0,286.2033243857684,9000.0,270.0,9000.0,9315.0,520.0,0.0,45.0,9315.0,8795.0,1200.561938734542,234.10200157280931,36.016858162036264,198.08514341077304,False,111.81239450568495,104.21021635937484,41.273920245302584,48.022477549381684,24.011238774690842,0.003746842877390577,18.6792962102743,14.31016621928842,14.31016621928842,32.602178146310116,5.5704602859465355,30.0,30.0,0.0,False,74.21021635937484,0.0,0.0,0.0,0.0,49.21021635937484,0.0,False,25.0,232.11138714519683,0.0,259.1716065254048,25.0,25.0,0.0,0.0,0117,base,1.8425525926486812,9.935820383793184,1.9917941347698407,7.096266029573867,-0.14924154212115948,2.8395543542193167
5,25.0,232.11138714519683,0.0,259.1716065254048,9000.0,270.0,9000.0,9315.0,520.0,0.0,45.0,9315.0,8795.0,1200.74931011685,234.13853780990007,36.0224793035055,198.11605850639458,False,116.41185568474478,111.88893206203512,42.80769873785313,48.029972404674,24.014986202337,0.0037474276461573197,13.92668322871181,12.95858032627024,12.95858032627024,29.522923622709655,5.571329666201059,30.0,30.0,0.0,False,81.88893206203512,0.0,0.0,0.0,0.0,56.888932062035124,0.0,False,25.0,145.22245508316172,0.0,235.2200125688962,25.0,25.0,1873.1083024792006,1489.5692102899545,0117,base,1.4331921352673533,12.985601395600291,1.518086133862534,8.708805748958795,-0.08489399859518065,4.276795646641496
1,35.0,470.0,0.0,360.0,7350.0,220.5,7350.0,7605.5,470.0,0.0,35.0,7605.5,7135.5,980.0,226.5607852823679,29.4,197.1607852823679,False,103.42058896177592,95.08050141693067,37.74019632059198,39.2,19.6,0.0,28.2,18.0,18.0,43.340087544845254,9.275566735770697,30.0,30.0,0.0,False,65.08050141693067,0.0,0.0,0.0,0.0,40.08050141693067,0.0,False,25.0,399.9194985830693,0.0,325.9354791909255,25.0,25.0,0.0,0.0,0118,base,3.343863646584442,5.389343239760386,3.0934522799278925,4.903913101349954,0.2504113666565493,0.4854301384104316
2,25.0,399.9194985830693,0.0,325.9354791909255,7350.0,220.5,7350.0,7605.5,470.0,0.0,35.0,7605.5,7135.5,1053.2893679090964,243.50414930923856,31.598681037272893,211.90546827196567,False,116.71146226080354,102.47237281050967,42.90338109935881,42.13157471636386,21.06578735818193,1.4657873581819274,23.995169914984157,16.296773959546275,16.296773959546275,39.23908945029389,9.969240636855671,30.0,30.0,0.0,False,72.47237281050967,0.0,0.0,0.0,0.0,47.47237281050967,0.0,False,25.0,322.4471257725596,0.0,296.6656303774873,25.0,25.0,0.0,0.0,0118,base,2.7479582645367566,6.547772786593419,2.439846539927138,6.0434947012612055,0.3081117246096188,0.5042780853322135
3,25.0,322.4471257725596,0.0,296.6656303774873,7350.0,220.5,7350.0,7605.5,470.0,0.0,35.0,7605.5,7135.5,1132.059686275861,261.7146239889491,33.961790588275825,227.75283340067327,False,132.28354002149007,121.56822226563727,48.39318108386133,45.28238745103444,22.64119372551722,1.5754063673352903,19.346827546353577,14.833281518874365,14.833281518874365,35.71531775585279,10.714790988701415,30.0,30.0,0.0,False,91.56822226563727,0.0,0.0,0.0,0.0,65.77247758578473,0.0,False,25.795744679852547,226.6746481867749,0.0,271.6651036103359,25.795744679852547,25.795744679852547,0.0,0.0,0118,base,2.202025228894623,8.181667328976086,1.8055697458358746,7.656927702878405,0.39645548305874856,0.5247396260976815
4,25.795744679852547,226.6746481867749,0.0,271.6651036103359,7350.0,220.5,7350.0,7605.5,470.0,0.0,35.0,7605.5,7135.5,1216.720848360073,281.2869702794765,36.50162545080219,244.78534482867434,False,149.3407763424283,142.43099498519362,54.40040268923776,48.66883393440292,24.33441696720146,1.6932232416842403,13.600478891206494,13.583255180516796,13.583255180516796,32.70552603708726,11.516097375272851,30.0,30.0,0.0,False,112.43099498519362,0.0,0.0,0.0,0.0,77.05993598158138,0.0,False,35.371059003612245,119.61471220519353,0.0,250.47567494852152,35.371059003612245,35.371059003612245,0.0,0.0,0118,base,1.697662266135655,10.675308026515536,1.1899567470812382,10.34762073294681,0.5077055190544169,0.32768729356872583
5,35.371059003612245,119.61471220519353,0.0,250.47567494852152,7350.0,220.5,7350.0,7605.5,470.0,0.0,35.0,7605.5,7135.5,1307.7134013173477,302.32303584360676,39.23140203952043,263.0916338040863,False,167.64624042094252,172.86275031310166,60.847741831087156,52.30853605269391,26.154268026346955,1.8198510591454955,7.176882732311611,12.523783747426076,12.523783747426076,30.15454911145313,12.377329515490556,30.0,30.0,0.0,False,142.86275031310166,0.0,0.0,0.0,0.0,89.61471220519353,0.0,False,53.24803810790813,0.0,0.0,232.69845535255897,53.24803810790813,53.24803810790813,2418.584286748854,2202.85510520297,0118,base,1.2279863241779185,14.978715834232553,0.5935717625483274,15.345827825396096,0.6344145616295911,-0.36711199116354365
1,38.25,546.0,0.0,405.6,9000.0,270.0,9000.0,9308.25,546.0,0.0,38.25,9308.25,8762.25,1200.0,237.10272082476394,36.0,201.10272082476394,False,99.04704061857296,88.21952315678547,37.015680206190986,48.0,24.0,0.0,32.76,20.28,20.28,49.077517461787494,11.523976836487781,30.0,30.0,0.0,False,58.21952315678547,0.0,0.0,0.0,0.0,33.21952315678547,0.0,False,25.0,482.7804768432145,0.0,368.04645937470036,25.0,25.0,0.0,0.0,0119,downside,3.1995783142784653,5.638134303973814,3.482992237901229,4.470262458988762,-0.2834139236227635,1.1678718449850525
2,25.0,482.7804768432145,0.0,368.04645937470036,9000.0,270.0,9000.0,9308.25,546.0,0.0,38.25,9308.25,8762.25,1204.541035428017,237.999964037551,36.13623106284051,201.8637329747105,False,103.73470498369645,84.20115829555316,38.623645348845656,48.18164141712068,24.09082070856034,0.09082070856034008,28.96682861059287,18.402322968735017,18.402322968735017,44.53354668814329,11.56758582572623,30.0,30.0,0.0,False,54.20115829555316,0.0,0.0,0.0,0.0,29.201158295553157,0.0,False,25.0,423.57931854766133,0.0,335.08049851228327,25.0,25.0,0.0,0.0,0119,downside,2.7867480966630667,6.472335089785967,3.0826047391510936,5.02436619830479,-0.2958566424880269,1.4479688914811772
3,25.0,423.57931854766133,0.0,335.08049851228327,9000.0,270.0,9000.0,9308.25,546.0,0.0,38.25,9308.25,8762.25,1209.0992550249996,238.90060259468544,36.272977650749986,202.62762494393544,False,108.16197373690655,92.61730160465544,40.114710226365396,48.36397020099999,24.181985100499993,0.0911643919396532,25.414759112859677,16.754024925614164,16.754024925614164,40.54467213225109,11.611359839935607,30.0,30.0,0.0,False,62.61730160465544,0.0,0.0,0.0,0.0,37.61730160465544,0.0,False,25.0,355.9620169430059,0.0,306.1471862199678,25.0,25.0,0.0,0.0,0119,downside,2.379399038248296,7.596329046968159,2.6668379913795444,5.665342457508804,-0.28743895313124845,1.930986589459355
4,25.0,355.9620169430059,0.0,306.1471862199678,9000.0,270.0,9000.0,9308.25,546.0,0.0,38.25,9308.25,8762.25,1213.6747238192143,239.80464934481634,36.41024171457643,203.39440763023993,False,112.81873886291945,100.77499163020846,41.6823318256653,48.54698895276857,24.273494476384286,0.09150937588429287,21.357721016580353,15.307359310998391,15.307359310998391,37.04374723271099,11.655299503602775,30.0,30.0,0.0,False,70.77499163020846,0.0,0.0,0.0,0.0,45.77499163020846,0.0,False,25.0,280.18702531279746,0.0,280.75873849085957,25.0,25.0,0.0,0.0,0119,downside,1.9741901733521119,9.206807779400416,2.234926492325917,6.540409763249313,-0.2607363189738052,2.6663980161511027
5,25.0,280.18702531279746,0.0,280.75873849085957,9000.0,270.0,9000.0,9308.25,546.0,0.0,38.25,9308.25,8762.25,1218.2675070850075,240.7121171852147,36.54802521255022,204.1640919726645,False,117.71166941084931,108.73991918689816,43.32873338233842,48.7307002834003,24.36535014170015,0.09185566531586531,16.811221518767848,14.03793692454298,14.03793692454298,33.971750223951155,11.699405443577785,30.0,30.0,0.0,False,78.73991918689816,0.0,0.0,0.0,0.0,53.73991918689816,0.0,False,25.0,196.4471061258993,0.0,258.4863937104862,25.0,25.0,1925.6969374817177,1466.8779835831062,0119,downside,1.5680416216255981,11.727705642944494,1.786089976956064,7.8028746757404495,-0.21804835533046596,3.924830967204045
1,33.0,732.0,0.0,517.0,10875.0,326.25,10875.0,11234.25,732.0,0.0,33.0,11234.25,10502.25,1450.0,252.79970464950523,43.5,209.29970464950523,False,90.14727848712894,74.43499102589043,34.88242616237631,58.0,29.0,0.0,43.92,25.85,25.85,48.71228746123852,14.15004894511906,30.0,30.0,0.0,False,44.434991025890426,0.0,0.0,0.0,0.0,19.434991025890426,0.0,False,25.0,682.5650089741096,0.0,482.4377614838805,25.0,25.0,0.0,0.0,0120,distressed,3.6200652585045554,4.981583455401768,4.509509898512539,3.6233295778917185,-0.8894446400079832,1.35825387751005
2,25.0,682.5650089741096,0.0,482.4377614838805,10875.0,326.25,10875.0,11234.25,732.0,0.0,33.0,11234.25,10502.25,1370.868863030026,239.0036163359956,41.126065890900776,197.8775504450948,False,87.47525548343987,67.0194587338089,33.20044045811355,54.83475452120104,27.41737726060052,-1.5826227393994792,40.953900538446575,24.121888074194025,24.121888074194025,45.45579674963097,13.377835523596264,30.0,30.0,0.0,False,37.019458733808904,0.0,0.0,0.0,0.0,12.019458733808904,0.0,False,25.0,640.5455502403006,0.0,450.3598002578458,25.0,25.0,0.0,0.0,0120,distressed,3.478268740283777,5.182295932504083,4.459787541455764,3.672696427217334,-0.9815188011719873,1.5095995052867486
3,25.0,640.5455502403006,0.0,450.3598002578458,10875.0,326.25,10875.0,11234.25,732.0,0.0,33.0,11234.25,10502.25,1296.0561652587835,225.96042468040744,38.881684957763504,187.07873972264395,False,83.13170482433725,65.69832754939306,31.532004173833407,51.84224661035134,25.92112330517567,-1.4962539554248515,38.432733014418034,22.51799001289229,22.51799001289229,42.43337727494419,12.647764257955243,30.0,30.0,0.0,False,35.698327549393056,0.0,0.0,0.0,0.0,10.698327549393056,0.0,False,25.0,599.8472226909075,0.0,420.5741872408569,25.0,25.0,0.0,0.0,0120,distressed,3.3278766559421085,5.416360595941033,4.4052909324261655,3.7072640562304873,-1.077414276484057,1.7090965397105453
4,25.0,599.8472226909075,0.0,420.5741872408569,10875.0,326.25,10875.0,11234.25,732.0,0.0,33.0,11234.25,10502.25,1225.3262356492166,213.62904170442206,36.759787069476495,176.86925463494558,False,79.04862016928539,64.42167489336009,29.962427977862074,49.01304942596867,24.506524712984334,-1.4145985921913358,35.99083336145445,21.028709362042846,21.028709362042846,39.62694527592529,11.957535315982694,30.0,30.0,0.0,False,34.42167489336009,0.0,0.0,0.0,0.0,9.421674893360091,0.0,False,25.0,560.4255477975474,0.0,392.9047772809143,25.0,25.0,0.0,0.0,0120,distressed,3.167468503153614,5.693569660254064,4.34552492335243,3.746593387119312,-1.1780564201988164,1.946976273134752
5,25.0,560.4255477975474,0.0,392.9047772809143,10875.0,326.25,10875.0,11234.25,732.0,0.0,33.0,11234.25,10502.25,1158.456264486416,201.97062173209318,34.753687934592485,167.2169337975007,False,75.21245832759342,63.192554157764036,28.48654051640053,46.33825057945665,23.169125289728324,-1.3373994232560094,33.62553286785285,19.645238864045716,19.645238864045716,37.01990416982939,11.304974374663846,30.0,30.0,0.0,False,33.192554157764036,0.0,0.0,0.0,0.0,8.192554157764036,0.0,False,25.0,522.2329936397834,0.0,367.18984748574877,25.0,25.0,1615.7649738567454,727.1056581233621,0120,distressed,2.995464450918349,6.027676628229476,4.279943457678504,3.7913965795084037,-1.2844790067601553,2.2362800487210723
1,30.0,390.0,0.0,300.0,5700.0,171.0,5700.0,5901.0,390.0,0.0,30.0,5901.0,5511.0,760.0,156.73408308141228,22.8,133.93408308141227,False,64.0505623110592,54.31824914412414,23.883520770353066,30.400000000000002,15.200000000000001,0.0,23.4,15.0,15.0,39.73231316693506,10.502905172102839,30.0,30.0,0.0,False,24.318249144124138,0.0,0.6817508558758618,0.6817508558758618,0.0,0.0,0.0,False,25.0,360.0,0.6817508558758618,270.77059200516777,25.0,25.0,0.0,0.0,0121,base,4.194391793167509,4.270613199728872,3.86930737040797,4.081616746911778,0.32508442275953886,0.18899645281709354
2,25.0,360.0,0.6817508558758618,270.77059200516777,5700.0,171.0,5700.0,5901.0,390.0,0.0,30.0,5901.0,5511.0,751.3334888184359,154.94679665567907,22.540004664553074,132.406791991126,False,65.58051334008323,54.71937348026413,24.306839334878767,30.053339552737434,15.026669776368717,-0.17333022363128414,21.64090505135255,13.53852960025839,13.53852960025839,35.8611398598191,10.383137349585816,30.0,30.0,0.0,False,24.71937348026413,0.0,0.2806265197358684,0.2806265197358684,0.0,0.0,0.0,False,25.0,330.0,0.9623773756117302,245.29258949493448,25.0,25.0,0.0,0.0,0121,base,3.87574417101447,4.589365845873891,3.5577048301007377,4.404470912911153,0.31803934091373254,0.18489493296273807
3,25.0,330.0,0.9623773756117302,245.29258949493448,5700.0,171.0,5700.0,5901.0,390.0,0.0,30.0,5901.0,5511.0,742.7658045001087,153.17989120072642,22.28297413500326,130.89691706572316,False,66.82460435269523,59.33779774155796,24.69363623710993,29.71063218000435,14.855316090002175,-0.17135368636654214,19.857742642536703,12.264629474746725,12.264629474746725,32.486806611137276,10.264735275980682,30.0,30.0,0.0,False,29.337797741557956,0.0,0.0,0.0,0.9623773756117302,3.3754203659462263,0.0,False,25.0,296.62457963405376,0.0,223.0705181597779,25.0,25.0,0.0,0.0,0121,base,3.5733378664973943,4.945172020892587,3.2295041726174416,4.768635723459167,0.34383369387995266,0.1765362974334197
4,25.0,296.62457963405376,0.0,223.0705181597779,5700.0,171.0,5700.0,5901.0,390.0,0.0,30.0,5901.0,5511.0,734.2958200922354,151.433134306145,22.02887460276706,129.40425970337793,False,68.16638575024447,63.622693464128574,25.113314754336454,29.37183280368942,14.68591640184471,-0.16939968815746553,17.797474778043224,11.153525907988895,11.153525907988895,29.5436922861159,10.147683377237152,30.0,30.0,0.0,False,33.622693464128574,0.0,0.0,0.0,0.0,8.622693464128574,0.0,False,25.0,258.00188616992517,0.0,203.67450925089912,25.0,25.0,0.0,0.0,0121,base,3.283500110072255,5.349036420112296,2.8836251552319907,5.230670122542825,0.39987495484026425,0.11836629756947126
5,25.0,258.00188616992517,0.0,203.67450925089912,5700.0,171.0,5700.0,5901.0,390.0,0.0,30.0,5901.0,5511.0,725.9224214930181,149.70629621177196,21.77767264479054,127.92862356698141,False,69.60683245773487,67.63196783880642,25.566196233560238,29.036896859720724,14.518448429860362,-0.16746797198434749,15.48011317019551,10.183725462544956,10.183725462544956,26.974864618928454,10.031966256900574,30.0,30.0,0.0,False,37.63196783880642,0.0,0.0,0.0,0.0,12.631967838806418,0.0,False,25.0,215.36991833111875,0.0,186.73161088887124,25.0,25.0,1197.6503696941757,802.584084928773,0121,base,3.0028828211196203,5.81634972667825,2.518942347531921,5.8333555768537755,0.4839404735876993,-0.017005850175525694
1,18.0,468.0,0.0,330.0,5700.0,171.0,5700.0,5889.0,468.0,0.0,18.0,5889.0,5421.0,760.0,128.25420948673025,22.8,105.45420948673025,False,38.05565711504768,20.140616796650434,15.218552371682563,30.400000000000002,15.200000000000001,0.0,28.08,16.5,16.5,35.915040318397246,5.634993050607073,30.0,30.0,0.0,False,0.0,9.859383203349566,25.0,34.859383203349566,0.0,0.0,0.0,False,25.0,438.0,34.859383203349566,299.71995273220983,25.0,25.0,0.0,0.0,0122,distressed,5.41883265564735,3.2899697101593346,5.828887324067965,2.8769450311065556,-0.41005466842061544,0.41302467905277895
2,25.0,438.0,34.859383203349566,299.71995273220983,5700.0,171.0,5700.0,5889.0,468.0,0.0,18.0,5889.0,5421.0,696.1128372931144,117.47289692183324,20.88338511879343,96.58951180303981,False,34.24057826187783,26.62102012064924,13.307987793557086,27.844513491724573,13.922256745862287,-1.2777432541377145,28.371562992200975,14.985997636610492,14.985997636610492,32.61955814122859,5.1613039481382526,30.0,30.0,0.0,False,0.0,3.3789798793507586,25.0,28.37897987935076,0.0,0.0,0.0,False,25.0,408.0,63.238363082700324,272.2616985391195,25.0,25.0,0.0,0.0,0122,distressed,5.620725263114269,3.1472679267584294,6.116304955856427,2.7093982045606944,-0.4955796927421581,0.437869722197735
3,25.0,408.0,63.238363082700324,272.2616985391195,5700.0,171.0,5700.0,5889.0,468.0,0.0,18.0,5889.0,5421.0,637.5961608477236,107.59788365960381,19.127884825431707,88.4699988341721,False,29.731331012121164,25.100149557006635,11.645653030563526,25.503846433908944,12.751923216954472,-1.1703335289078147,28.27430178496202,13.613084926955976,13.613084926955976,29.631181455114525,4.727434125619305,30.0,30.0,0.0,False,0.0,4.899850442993365,25.0,29.899850442993365,0.0,0.0,0.0,False,25.0,378.0,93.13821352569369,247.35795120962428,25.0,25.0,0.0,0.0,0122,distressed,5.86459341121403,2.992801156863116,6.4452584116734055,2.5687418601597685,-0.5806650004593754,0.4240592967033474
4,25.0,378.0,93.13821352569369,247.35795120962428,5700.0,171.0,5700.0,5889.0,468.0,0.0,18.0,5889.0,5421.0,583.9985165459286,98.5529843171332,17.519955496377857,81.03302882075533,False,25.529596557125995,23.60877597903571,10.099209612183124,23.359940661837147,11.679970330918573,-1.0719528860358984,28.26829281154162,12.367897560481214,12.367897560481214,26.92082057809029,4.33003629250151,30.0,30.0,0.0,False,0.0,6.391224020964291,0.47056245334202274,6.861786474306314,0.0,0.0,24.529437546657977,True,0.47056245334202274,348.0,100.0,224.7671669240355,0.47056245334202274,0.47056245334202274,0.0,0.0,0122,distressed,6.156920042998583,2.8283909516037666,6.821676777512017,2.4252515655351603,-0.6647567345134338,0.40313938606860633
5,0.47056245334202274,348.0,100.0,224.7671669240355,5700.0,171.0,5700.0,5889.0,468.0,0.0,18.0,5889.0,5421.0,534.9064004312581,90.26841781145184,16.047192012937742,74.2212257985141,False,22.70992890721507,-1.2816961010449077,9.025716863078081,21.396256017250327,10.698128008625163,-0.9818423222934101,26.88,11.238358346201776,11.238358346201776,24.462187461602,3.9660445383623473,30.0,0.0,30.0,True,-1.2816961010449077,0.0,0.0,0.0,0.0,0.0,26.281696101044908,True,-1.2816961010449077,348.0,100.0,204.27102400079588,-1.2816961010449077,-1.2816961010449077,722.1473424916147,57.76241225239973,0122,distressed,6.5052325497254735,2.6562163313332707,7.240103858549388,2.3681087467515884,-0.7348713088239149,0.2881075845816823
1,33.0,732.0,0.0,517.0,10875.0,326.25,10875.0,11234.25,732.0,0.0,33.0,11234.25,10502.25,1450.0,243.0892851926715,43.5,199.5892851926715,False,82.86446389450364,77.98301791364582,32.45482129816788,58.0,29.0,0.0,43.92,25.85,25.85,37.88144598085781,14.772312353774081,30.0,30.0,0.0,False,47.983017913645824,0.0,0.0,0.0,0.0,22.983017913645824,0.0,False,25.0,679.0169820863541,0.0,493.89086637291626,25.0,25.0,0.0,0.0,0123,distressed,3.580709832746828,5.0513103915664175,4.722165551432855,3.484152002188211,-1.1414557186860272,1.5671583893782066
2,25.0,679.0169820863541,0.0,493.89086637291626,10875.0,326.25,10875.0,11234.25,732.0,0.0,33.0,11234.25,10502.25,1386.0949015944225,232.37573712951345,41.58284704783267,190.79289008168078,False,81.4351488305576,70.2469473316317,31.339331959463433,55.4437960637769,27.72189803188845,-1.2781019681115495,40.741018925181244,24.694543318645813,24.694543318645813,36.1882014989259,14.121259888501074,30.0,30.0,0.0,False,40.2469473316317,0.0,0.0,0.0,0.0,15.246947331631702,0.0,False,25.0,633.7700347547225,0.0,471.82392476249146,25.0,25.0,0.0,0.0,0123,distressed,3.392939195440121,5.346727256604873,4.650201319920721,3.5512148006558144,-1.2572621244806,1.7955124559490585
3,25.0,633.7700347547225,0.0,471.82392476249146,10875.0,326.25,10875.0,11234.25,732.0,0.0,33.0,11234.25,10502.25,1325.0062594662425,222.13436171687195,39.75018778398727,182.38417393288466,False,78.54679195500873,68.97547180342914,30.191693902369188,53.000250378649696,26.500125189324848,-1.2217728425636025,38.026202085283344,23.591196238124574,23.591196238124574,34.57132015157958,13.498900921062868,30.0,30.0,0.0,False,38.975471803429144,0.0,0.0,0.0,0.0,13.975471803429144,0.0,False,25.0,589.7945629512933,0.0,450.7515055319747,25.0,25.0,0.0,0.0,0123,distressed,3.1895306697740837,5.710759081845603,4.571764857242856,3.6050590865743355,-1.3822341874687725,2.105699995271267
4,25.0,589.7945629512933,0.0,450.7515055319747,10875.0,326.25,10875.0,11234.25,732.0,0.0,33.0,11234.25,10502.25,1266.609945397831,212.34434913426722,37.99829836193493,174.3460507723323,False,75.81742811638185,67.79011901077288,29.105200429663988,50.66439781591325,25.332198907956624,-1.1679262813682243,35.387673777077595,22.537575276598737,22.537575276598737,33.02730910560896,12.90397085780241,30.0,30.0,0.0,False,37.790119010772884,0.0,0.0,0.0,0.0,12.790119010772884,0.0,False,25.0,547.0044439405204,0.0,430.62816728416817,25.0,25.0,0.0,0.0,0123,distressed,2.968597530928184,6.169582152870816,4.486263068024148,3.6658340292589626,-1.5176655370959642,2.503748123611853
5,25.0,547.0044439405204,0.0,430.62816728416817,10875.0,326.25,10875.0,11234.25,732.0,0.0,33.0,11234.25,10502.25,1210.787301810154,202.9858067016509,36.32361905430462,166.66218764734626,False,73.241464338682,66.68862554407654,28.077628161676657,48.431492072406165,24.215746036203083,-1.1164528717535411,32.82026663643123,21.53140836420841,21.53140836420841,31.55283879460545,12.335260838843396,30.0,30.0,0.0,False,36.688625544076544,0.0,0.0,0.0,0.0,11.688625544076544,0.0,False,25.0,505.3158183964439,0.0,411.4105893284061,25.0,25.0,1623.886453613207,707.8017490841589,0123,distressed,2.7280486602347405,6.764353399662179,4.393048076684061,3.7346743536286975,-1.6649994164493207,3.0296790460334813
1,51.0,682.5,0.0,520.0,12600.0,378.0,12600.0,13029.0,682.5,0.0,51.0,13029.0,12346.5,1680.0,340.0385012038595,50.4,289.6385012038595,False,150.21637590289464,153.8669753424978,55.67212530096488,67.2,33.6,0.0,40.949999999999996,26.0,26.0,47.34940056039685,11.79563949468388,30.0,30.0,0.0,False,123.8669753424978,0.0,0.0,0.0,0.0,87.68637712294739,0.0,False,36.180598219550404,564.8136228770526,0.0,484.446238934287,36.180598219550404,36.180598219550404,0.0,0.0,0124,downside,2.8212349147587985,6.451696275086099,2.979307519604755,5.078991802895587,-0.15807260484595664,1.3727044721905122
2,36.180598219550404,564.8136228770526,0.0,484.446238934287,12600.0,378.0,12600.0,13029.0,682.5,0.0,51.0,13029.0,12346.5,1613.6864910243671,326.61639036954824,48.41059473073101,278.2057956388172,False,150.26040500887882,142.32900511828063,55.02366657986993,64.54745964097468,32.27372982048734,-1.3262701795126617,33.88881737262315,24.222311946714353,24.222311946714353,44.111998110148605,11.330038158074325,30.0,30.0,0.0,False,112.32900511828063,0.0,0.0,0.0,0.0,81.1110687693386,0.0,False,31.217936348942033,453.702554107714,0.0,451.66427898221275,31.217936348942033,31.217936348942033,0.0,0.0,0124,downside,2.5701109116944356,7.115885446915085,2.676377923814338,5.620547977560313,-0.1062670121199023,1.495337469354772
3,31.217936348942033,453.702554107714,0.0,451.66427898221275,12600.0,378.0,12600.0,13029.0,682.5,0.0,51.0,13029.0,12346.5,1549.990530544366,313.72408148004837,46.49971591633098,267.2243655637174,False,148.83826268026428,138.92921275160703,54.354749592035986,61.999621221774646,30.999810610887323,-1.2739192096000167,27.222153246462838,22.58321394911064,22.58321394911064,41.12698627759928,10.882815189568538,30.0,30.0,0.0,False,108.92921275160703,0.0,0.0,0.0,0.0,79.1735803970594,0.0,False,29.75563235454763,344.52897371065455,0.0,421.420107894182,29.75563235454763,29.75563235454763,0.0,0.0,0124,downside,2.3022234670125528,8.00184265686706,2.3466271565037893,6.299001476048369,-0.04440368949123652,1.702841180818691
4,29.75563235454763,344.52897371065455,0.0,421.420107894182,12600.0,378.0,12600.0,13029.0,682.5,0.0,51.0,13029.0,12346.5,1488.8087978304377,301.3406620198702,44.66426393491313,256.67639808495704,False,147.5357873766807,138.9183630141374,53.73341356690217,59.55235191321751,29.776175956608753,-1.2236346542785697,20.671738422639272,21.071005394709104,21.071005394709104,38.37305671709093,10.453245152215201,30.0,30.0,0.0,False,108.91836301413741,0.0,0.0,0.0,0.0,79.16739730176343,0.0,False,29.750965712373983,235.36157640889112,0.0,393.50029632930625,29.750965712373983,29.750965712373983,0.0,0.0,0124,downside,2.0152838986709405,9.243776354118655,1.9881515591358143,7.21899507465133,0.02713233953512617,2.024781279467325
5,29.750965712373983,235.36157640889112,0.0,393.50029632930625,12600.0,378.0,12600.0,13029.0,682.5,0.0,51.0,13029.0,12346.5,1430.0420504626222,289.4460449391691,42.901261513878666,246.54478342529043,False,146.43596996094882,140.3561603819167,53.18701850607292,57.20168201850489,28.600841009252445,-1.1753349473563084,14.121694584533467,19.675014816465314,19.675014816465314,35.83077529140611,10.040631243747395,30.0,30.0,0.0,False,110.35616038191671,0.0,0.0,0.0,0.0,79.98677548175846,0.0,False,30.369384900158252,125.37480092713267,0.0,367.71015228164754,30.369384900158252,30.369384900158252,2315.568359513353,1818.1192658120308,0124,downside,1.706789824382451,11.110187273549805,1.5986246017141736,8.564326233802372,0.10816522266827744,2.5458610397474324
1,55.0,610.0,0.0,470.0,10875.0,326.25,10875.0,11256.25,610.0,0.0,55.0,11256.25,10646.25,1450.0,323.7577624738357,43.5,280.2577624738357,False,150.61832185537682,158.45111241354908,55.03944061845893,58.0,29.0,0.0,36.6,23.5,23.5,47.167209441827744,20.678555966149702,30.0,30.0,0.0,False,128.45111241354908,0.0,0.0,0.0,0.0,103.45111241354908,0.0,False,25.0,476.5488875864509,0.0,443.51134652432194,25.0,25.0,0.0,0.0,0125,base,2.5762180074645933,7.079893665645234,2.7645985296896365,5.38698440056299,-0.1883805222250432,1.6929092650822444
2,25.0,476.5488875864509,0.0,443.51134652432194,10875.0,326.25,10875.0,11256.25,610.0,0.0,55.0,11256.25,10646.25,1580.6763203837072,352.93533012607236,47.420289611511215,305.5150405145611,False,172.6396153383573,153.13069497380468,63.686634983289494,63.22705281534829,31.613526407674144,2.6135264076741436,28.592933255187052,22.175567326216097,22.175567326216097,44.50892036455262,22.542140520980734,30.0,30.0,0.0,False,123.13069497380468,0.0,0.0,0.0,0.0,98.13069497380468,0.0,False,25.0,348.41819261264624,0.0,421.54456668075005,25.0,25.0,0.0,0.0,0125,base,1.9621702751716543,9.403846659048497,2.1107627820294654,6.951856487472372,-0.1485925068578111,2.451990171576125
3,25.0,348.41819261264624,0.0,421.54456668075005,10875.0,326.25,10875.0,11256.25,610.0,0.0,55.0,11256.25,10646.25,1723.129399877087,384.74242686695794,51.69388199631261,333.04854487064534,False,198.2193131462484,180.91488577242828,72.76655624496227,68.92517599508348,34.46258799754174,2.8490615898675955,20.905091556758773,21.077228334037503,21.077228334037503,42.304427373820126,24.57367429812158,30.0,30.0,0.0,False,150.91488577242828,0.0,0.0,0.0,0.0,118.71678378869125,0.0,False,32.19810198373703,199.70140882395498,0.0,403.8138136050515,32.19810198373703,32.19810198373703,0.0,0.0,0125,base,1.39281164281436,13.579873505548642,1.4849340248166292,9.164391769386343,-0.09212238200226919,4.415481736162299
4,32.19810198373703,199.70140882395498,0.0,403.8138136050515,10875.0,326.25,10875.0,11256.25,610.0,0.0,55.0,11256.25,10646.25,1878.4205788570341,419.4160300659039,56.35261736571102,363.0634127001929,False,226.2779487497079,217.95100664448185,82.72265937262574,75.13682315428137,37.56841157714069,3.1058235795989475,11.982084529437298,20.190690680252576,20.190690680252576,40.52504408896309,26.78829315025,30.0,30.0,0.0,False,187.95100664448185,0.0,0.0,0.0,0.0,143.0199755087476,0.0,False,44.93103113573426,26.681433315207386,0.0,390.0770626663384,44.93103113573426,44.93103113573426,0.0,0.0,0125,base,0.8619365067414829,23.33335322860307,0.8865361316480569,13.036364669578868,-0.02459962490657397,10.296988559024202
5,44.93103113573426,26.681433315207386,0.0,390.0770626663384,10875.0,326.25,10875.0,11256.25,610.0,0.0,55.0,11256.25,10646.25,2047.7068473936345,457.2144738720795,61.43120542180903,395.7832684502705,False,257.1461031438625,262.93065233654113,93.66963232951029,81.90827389574538,40.95413694787269,3.385725370732004,1.600885998912443,19.503853133316923,19.503853133316923,39.14648194305563,29.20249699730844,26.681433315207386,26.681433315207386,0.0,False,236.24921902133374,0.0,0.0,0.0,0.0,0.0,0.0,False,236.24921902133374,0.0,0.0,380.13307772059125,236.24921902133374,236.24921902133374,3657.715790976636,3458.966195412729,0125,base,0.5717347068454887,37.57443822435555,0.31469664002700326,21.664066587483205,0.2570380668184854,15.910371636872348
1,27.0,624.0,0.0,429.00000000000006,9000.0,270.0,9000.0,9297.0,624.0,0.0,27.0,9297.0,8673.0,1200.0,200.77138734342805,36.0,164.77138734342805,False,67.41104050757103,43.56902539148688,26.47034683585701,48.0,24.0,0.0,37.44,21.450000000000003,21.450000000000003,50.84201511608415,9.453847692174731,30.0,30.0,0.0,False,13.569025391486882,0.0,11.430974608513118,11.430974608513118,0.0,0.0,0.0,False,25.0,594.0,11.430974608513118,387.61183257609065,25.0,25.0,0.0,0.0,0126,distressed,3.747657533304346,4.788660247394961,4.821617362880126,3.4092611197729332,-1.07395982957578,1.3793991276220274
2,25.0,594.0,11.430974608513118,387.61183257609065,9000.0,270.0,9000.0,9297.0,624.0,0.0,27.0,9297.0,8673.0,1146.290775650215,191.7853244385566,34.38872326950645,157.39660116905014,False,65.87889002829468,44.94190482781291,25.422537765933704,45.8516310260086,22.9258155130043,-1.0741844869957013,36.32585847651079,19.380591628804535,19.380591628804535,45.936985200481764,9.030715336618305,30.0,30.0,0.0,False,14.941904827812913,0.0,10.058095172187087,10.058095172187087,0.0,0.0,0.0,False,25.0,564.0,21.489069780700206,350.70556271222716,25.0,25.0,0.0,0.0,0126,distressed,3.4769182952673368,5.153922528012826,4.751117611112378,3.442784885340541,-1.2741993158450415,1.711137642672285
3,25.0,564.0,21.489069780700206,350.70556271222716,9000.0,270.0,9000.0,9297.0,624.0,0.0,27.0,9297.0,8673.0,1094.985451950643,183.20145692416764,32.849563558519286,150.35189336564835,False,63.34170523688123,46.77858747298882,24.421817760798742,43.79941807802572,21.89970903901286,-1.0261064739914403,35.12934418684201,17.53527813561136,17.53527813561136,41.56311776389242,8.626521406573742,30.0,30.0,0.0,False,16.778587472988818,0.0,8.221412527011182,8.221412527011182,0.0,0.0,0.0,False,25.0,534.0,29.710482307711388,317.76896635490846,25.0,25.0,0.0,0.0,0126,distressed,3.1968212624603956,5.601981907148307,4.675068981668313,3.478643705113221,-1.4782477192079178,2.123338202035086
4,25.0,534.0,29.710482307711388,317.76896635490846,9000.0,270.0,9000.0,9297.0,624.0,0.0,27.0,9297.0,8673.0,1045.9764358685031,175.00178346487797,31.37929307605509,143.62249038882288,False,60.95397581241885,48.29426814146619,23.477853283153692,41.83905743474013,20.919528717370063,-0.9801803216427949,33.82262893846268,15.888448317745423,15.888448317745423,37.659707670952656,8.2404182619205,30.0,30.0,0.0,False,18.29426814146619,0.0,6.7057318585338095,6.7057318585338095,0.0,0.0,0.0,False,25.0,504.0,36.4162141662452,288.34967694587635,25.0,25.0,0.0,0.0,0126,distressed,2.904722094623501,6.168348149184229,4.592901141909983,3.520378014801985,-1.6881790472864817,2.6479701343822444
5,25.0,504.0,36.4162141662452,288.34967694587635,9000.0,270.0,9000.0,9297.0,624.0,0.0,27.0,9297.0,8673.0,999.1609499862948,167.16910842343827,29.974828499588842,137.19427992384942,False,58.70856763771689,49.5354239687187,22.58795580664522,39.96643799945179,19.983218999725896,-0.9363097176441677,32.424972849974715,14.417483847293818,14.417483847293818,34.17314366899819,7.871596200949203,30.0,30.0,0.0,False,19.535423968718703,0.0,5.464576031281297,5.464576031281297,0.0,0.0,0.0,False,25.0,474.0,41.880790197526494,262.0481294778274,25.0,25.0,1337.3528673875062,564.3636547013397,0126,distressed,2.5978050552220364,6.911229016508821,4.503995545446051,3.568751944497954,-1.9061904902240143,3.3424770720108667
1,25.5,409.5,0.0,312.0,5700.0,171.0,5700.0,5896.5,409.5,0.0,25.5,5896.5,5487.0,760.0,121.75579721990162,22.8,98.95579721990163,False,36.48934791492621,21.332360881080213,14.696449304975408,30.400000000000002,15.200000000000001,0.0,24.57,15.600000000000001,15.600000000000001,40.656987033846,10.515153085086919,30.0,30.0,0.0,False,0.0,8.667639118919787,25.0,33.66763911891979,0.0,0.0,0.0,False,25.0,379.5,33.66763911891979,281.8581660512409,25.0,25.0,0.0,0.0,0127,downside,4.517661109448748,3.9654610969298396,5.50303000324523,3.031013124717491,-0.9853688937964815,0.9344479722123484
2,25.0,379.5,33.66763911891979,281.8581660512409,5700.0,171.0,5700.0,5896.5,409.5,0.0,25.5,5896.5,5487.0,731.050363590795,117.1179208248634,21.931510907723847,95.18640991713956,False,35.49607154285789,23.766892688598546,14.075860816860581,29.2420145436318,14.6210072718159,-0.578992728184101,24.790058347135187,14.092908302562046,14.092908302562046,36.729178854259345,10.114613797454817,30.0,30.0,0.0,False,0.0,6.233107311401454,25.0,31.233107311401454,0.0,0.0,0.0,False,25.0,349.5,64.90074643032125,255.24360099443638,25.0,25.0,0.0,0.0,0127,downside,4.30566870251194,4.1314113292512875,5.504233194070703,3.0120623737380225,-1.1985644915587628,1.119348955513265
3,25.0,349.5,64.90074643032125,255.24360099443638,5700.0,171.0,5700.0,5896.5,409.5,0.0,25.5,5896.5,5487.0,703.2034659292547,112.65670868686097,21.09610397787764,91.56060470898333,False,33.97568819901992,25.714676096125814,13.48359496836056,28.12813863717019,14.064069318585094,-0.5569379532308059,24.864044785819274,12.76218004972182,12.76218004972182,33.26101210289411,9.729331702907652,30.0,30.0,0.0,False,0.0,4.285323903874186,25.0,29.285323903874186,0.0,0.0,0.0,False,25.0,319.5,94.18607033419543,231.71192059444994,25.0,25.0,0.0,0.0,0127,downside,4.105239839995819,4.303488593995811,5.50697777487087,2.9941007682611662,-1.401737934875051,1.3093878257346452
4,25.0,319.5,94.18607033419543,231.71192059444994,5700.0,171.0,5700.0,5896.5,409.5,0.0,25.5,5896.5,5487.0,676.4173019024853,108.36543137693681,20.292519057074557,88.07291231986225,False,32.52116431407656,27.32658562434545,12.916538017522008,27.056692076099413,13.528346038049706,-0.5357232805353878,24.821164220051728,11.585596029722497,11.585596029722497,30.194578689731106,9.358725630139588,30.0,30.0,0.0,False,0.0,2.6734143756545485,25.0,27.67341437565455,0.0,0.0,0.0,False,25.0,289.5,121.85948470984998,210.8760675348584,25.0,25.0,0.0,0.0,0127,downside,3.9143783107573498,4.483402851779954,5.511310614981014,2.9765194879599,-1.5969323042236638,1.5068833638200538
5,25.0,289.5,121.85948470984998,210.8760675348584,5700.0,171.0,5700.0,5896.5,409.5,0.0,25.5,5896.5,5487.0,650.6514664406795,104.23761580103027,19.519543993220385,84.71807180780989,False,31.128326556186295,28.648885711592794,12.373174837118993,26.026058657627182,13.013029328813591,-0.5153167092361155,24.681569082591,10.543803376742922,10.543803376742922,27.4794408445935,9.002236545605314,30.0,30.0,0.0,False,0.0,1.3511142884072065,25.0,26.351114288407206,0.0,0.0,0.0,False,25.0,259.5,148.21059899825718,192.3988632358702,25.0,25.0,833.9009264082422,246.28295027799118,0127,downside,3.731187872076391,4.673331066222976,5.517292944726418,2.9591629136460607,-1.7861050726500274,1.714168152576915
1,55.0,610.0,0.0,470.0,10875.0,326.25,10875.0,11256.25,610.0,0.0,55.0,11256.25,10646.25,1450.0,345.82401102564836,43.5,302.32401102564836,False,167.16800826923625,172.03511672677143,60.556002756412084,58.0,29.0,0.0,36.6,23.5,23.5,50.132891542464805,8.77821552373819,30.0,30.0,0.0,False,142.03511672677143,0.0,0.0,0.0,0.0,86.45131440697251,0.0,False,55.58380231979892,493.54868559302747,0.0,428.6453239812734,55.58380231979892,55.58380231979892,0.0,0.0,0128,base,2.7648642947058284,6.560618489844621,2.5059283902361225,5.7541432782969775,0.25893590446970594,0.8064752115476432
2,55.58380231979892,493.54868559302747,0.0,428.6453239812734,10875.0,326.25,10875.0,11256.25,610.0,0.0,55.0,11256.25,10646.25,1515.3913660073363,361.41980721813337,45.461740980220085,315.9580662379133,False,182.2229181972309,192.08495554397052,66.22821972581698,60.61565464029345,30.307827320146725,1.3078273201467248,29.612921135581647,21.432266199063672,21.432266199063672,45.721764973059294,9.174091043878912,30.0,30.0,0.0,False,162.08495554397052,0.0,0.0,0.0,0.0,96.52678592914846,0.0,False,65.55816961482206,367.021899663879,0.0,392.097650052093,65.55816961482206,65.55816961482206,0.0,0.0,0128,base,2.311946518437396,7.86241503519028,1.9189910631614993,7.08038947626373,0.3929554552758967,0.7820255589265503
3,65.55816961482206,367.021899663879,0.0,392.097650052093,10875.0,326.25,10875.0,11256.25,610.0,0.0,55.0,11256.25,10646.25,1583.7317187376418,377.71893473268636,47.511951562129255,330.2069831705571,False,199.2314657741072,222.96625461421243,72.14519667202994,63.349268749505676,31.674634374752838,1.366807054606113,22.02131397983274,19.604882502604653,19.604882502604653,41.82338077471681,9.587819557834022,30.0,30.0,0.0,False,192.96625461421243,0.0,0.0,0.0,0.0,112.04529718436696,0.0,False,80.92095742984547,224.97660247951205,0.0,359.8620888352102,80.92095742984547,80.92095742984547,0.0,0.0,0128,base,1.8793615546312883,9.728582761994074,1.3341076857624359,9.07406793440882,0.5452538688688524,0.6545148275852544
4,80.92095742984547,224.97660247951205,0.0,359.8620888352102,10875.0,326.25,10875.0,11256.25,610.0,0.0,55.0,11256.25,10646.25,1655.1540501013667,394.7531120492425,49.654621503041,345.09849054620145,False,217.2251053384645,259.76111155592605,78.40169748891755,66.20616200405468,33.10308100202734,1.4284466272745,13.498596148770723,17.99310444176051,17.99310444176051,38.38495121238389,10.02020619088135,30.0,30.0,0.0,False,229.76111155592605,0.0,0.0,0.0,0.0,130.53549736297182,0.0,False,99.22561419295423,64.44110511654023,0.0,331.4973438137077,99.22561419295423,99.22561419295423,0.0,0.0,0128,base,1.463414345065396,12.647893640321225,0.751641534114824,12.53514750384534,0.711772810950572,0.11274613647588438
5,99.22561419295423,64.44110511654023,0.0,331.4973438137077,10875.0,326.25,10875.0,11256.25,610.0,0.0,55.0,11256.25,10646.25,1729.7973496108175,412.5554880716887,51.893920488324525,360.6615675833642,False,236.37433607796766,300.2405451985224,85.0550585214216,69.1918939844327,34.59594699221635,1.49286599018901,3.8664663069924137,16.574867190685385,16.574867190685385,35.35940507239952,10.472092377430934,30.0,30.0,0.0,False,270.2405451985224,0.0,0.0,0.0,0.0,34.44110511654023,0.0,False,235.79944008198217,0.0,0.0,306.61003111873913,235.79944008198217,235.79944008198217,3300.44390457351,3180.12665496815,0128,base,1.0609347265425126,17.899554828093386,0.17163895059966428,20.182415600164067,0.8892957759428484,-2.2828607720706806
1,30.0,390.0,0.0,300.0,5700.0,171.0,5700.0,5901.0,390.0,0.0,30.0,5901.0,5511.0,760.0,153.2765112503797,22.8,130.4765112503797,False,61.457383437784785,49.96428786478086,23.019127812594924,30.400000000000002,15.200000000000001,0.0,23.4,15.0,15.0,41.49309557300393,6.819840620674332,30.0,30.0,0.0,False,19.964287864780857,0.0,5.035712135219143,5.035712135219143,0.0,0.0,0.0,False,25.0,360.0,5.035712135219143,265.3267450476704,25.0,25.0,0.0,0.0,0129,base,4.067961434177338,4.399044789295034,3.9494796185308525,3.9915758138119717,0.11848181564648552,0.40746897548306205
2,25.0,360.0,5.035712135219143,265.3267450476704,5700.0,171.0,5700.0,5901.0,390.0,0.0,30.0,5901.0,5511.0,772.98037273337,155.8943878915646,23.1894111820011,132.7049767095635,False,65.16296136479905,53.46553473034227,24.38412418226671,30.9192149093348,15.4596074546674,0.25960745466739965,21.902142728113144,13.26633725238352,13.26633725238352,36.697426634456775,6.93631966440924,30.0,30.0,0.0,False,23.46553473034227,0.0,1.53446526965773,1.53446526965773,0.0,0.0,0.0,False,25.0,330.0,6.570177404876873,235.56563807762288,25.0,25.0,0.0,0.0,0129,base,3.6404090889967087,4.877586590831384,3.509656908644273,4.432787199731656,0.13075218035243585,0.44479939109972744
3,25.0,330.0,6.570177404876873,235.56563807762288,5700.0,171.0,5700.0,5901.0,390.0,0.0,30.0,5901.0,5511.0,786.1824429355521,158.55697639402916,23.585473288066563,134.9715031059626,False,69.12339208494245,61.54223363670759,25.74975263944721,31.447297717422085,15.723648858711043,0.26404140404364185,20.19421064429261,11.778281903881144,11.778281903881144,32.58115844823486,7.054788104727445,30.0,30.0,0.0,False,31.542233636707593,0.0,0.0,0.0,6.542233636707593,0.0,0.0,False,25.0,300.0,0.027943768169279792,210.03926773411547,25.0,25.0,0.0,0.0,0129,base,3.243419074831932,5.435969497204904,3.0592612355122526,4.95916845254174,0.18415783931967944,0.47680104466316386
4,25.0,300.0,0.027943768169279792,210.03926773411547,5700.0,171.0,5700.0,5901.0,390.0,0.0,30.0,5901.0,5511.0,799.6099970746769,161.26504041122737,23.988299912240308,137.27674049898707,False,73.3151743111141,69.26457627719606,27.193275121547785,31.984399882987077,15.992199941493539,0.26855108278249595,18.001676626090156,10.501963386705775,10.501963386705775,29.050598033918043,7.175279919404164,30.0,30.0,0.0,False,39.264576277196056,0.0,0.0,0.0,0.027943768169279792,14.236632509026776,0.0,False,25.0,255.76336749097322,0.0,188.1639496196016,25.0,25.0,0.0,0.0,0129,base,2.8707777577051323,6.1028536236845925,2.5977565629990615,5.657699870572034,0.2730211947060708,0.44515375311255845
5,25.0,255.76336749097322,0.0,188.1639496196016,5700.0,171.0,5700.0,5901.0,390.0,0.0,30.0,5901.0,5511.0,813.2668862896219,164.01935663938488,24.398006588688656,139.62135005069624,False,77.74470624299818,76.71969042646477,28.71683763006444,32.53067545158488,16.26533772579244,0.2731377842988998,15.345802049458392,9.40819748098008,9.40819748098008,26.025015816533415,7.2978296665359155,30.0,30.0,0.0,False,46.719690426464766,0.0,0.0,0.0,0.0,21.719690426464766,0.0,False,25.0,204.04367706450847,0.0,169.43676346960407,25.0,25.0,1312.154853115079,943.9920897842402,0129,base,2.517152771702954,6.921988434346242,2.1246299685243017,6.625973973930975,0.39252280317865207,0.29601446041526724
1,46.75,640.5,0.0,488.8,10875.0,326.25,10875.0,11248.0,640.5,0.0,46.75,11248.0,10607.5,1450.0,288.6489691601592,43.5,245.1489691601592,False,122.20922687011938,125.00580760787926,45.5697422900398,58.0,29.0,0.0,38.43,24.44,24.44,43.95341926224012,16.20062964693459,30.0,30.0,0.0,False,95.00580760787926,0.0,0.0,0.0,0.0,70.00580760787926,0.0,False,25.0,540.4941923921208,0.0,461.0472103846945,25.0,25.0,0.0,0.0,0130,downside,3.1054588418939884,5.854070226772333,3.3831452979656182,4.59120358136089,-0.2776864560716299,1.2628666454114423
2,25.0,540.4941923921208,0.0,461.0472103846945,10875.0,326.25,10875.0,11248.0,640.5,0.0,46.75,11248.0,10607.5,1417.3079751304144,282.1410248302529,42.51923925391243,239.62178557634047,False,124.58559088127146,108.12773217070537,46.03494337839462,56.692319005216575,28.346159502608288,-0.6538404973917125,32.42965154352725,23.052360519234725,23.052360519234725,41.457858710566086,15.835366621196293,30.0,30.0,0.0,False,78.12773217070537,0.0,0.0,0.0,0.0,53.12773217070537,0.0,False,25.0,457.3664602214154,0.0,435.4247182953247,25.0,25.0,0.0,0.0,0130,downside,2.8084668622702305,6.498263650219288,3.0757355440912475,5.085270240579799,-0.26726868182101704,1.4129934096394887
3,25.0,457.3664602214154,0.0,435.4247182953247,10875.0,326.25,10875.0,11248.0,640.5,0.0,46.75,11248.0,10607.5,1385.353031978121,275.77981007130046,41.56059095934363,234.21921911195682,False,125.54006523119394,111.3862084382782,46.25149889597641,55.41412127912484,27.70706063956242,-0.6390988630458665,27.441987613284926,21.771235914766237,21.771235914766237,39.15385679291571,15.478338897472739,30.0,30.0,0.0,False,81.3862084382782,0.0,0.0,0.0,0.0,56.3862084382782,0.0,False,25.0,370.9802517831372,0.0,411.7492003998817,25.0,25.0,0.0,0.0,0130,downside,2.498952229060216,7.348677757385163,2.7475885634525405,5.603774561000014,-0.24863633439232435,1.744903196385149
4,25.0,370.9802517831372,0.0,411.7492003998817,10875.0,326.25,10875.0,11248.0,640.5,0.0,46.75,11248.0,10607.5,1354.11855213358,269.56201668552075,40.623556564007394,228.93846012151334,False,126.65264282145333,114.62771394242688,46.52304624863275,54.1647420853432,27.0823710426716,-0.6246895968908213,22.25881510698823,20.587460019994086,20.587460019994086,37.02492887902645,15.1293608007996,30.0,30.0,0.0,False,84.62771394242688,0.0,0.0,0.0,0.0,59.62771394242688,0.0,False,25.0,281.3525378407103,0.0,389.85363232165486,25.0,25.0,0.0,0.0,0130,downside,2.1749284268160958,8.52660897945332,2.39724490159253,6.2913757587241195,-0.22231647477643435,2.2352332207292003
5,25.0,281.3525378407103,0.0,389.85363232165486,10875.0,326.25,10875.0,11248.0,640.5,0.0,46.75,11248.0,10607.5,1323.5882918696364,263.484411062501,39.70764875608909,223.7767623064119,False,127.92691860149745,117.8708626433532,46.85073210497164,52.943531674785454,26.471765837392727,-0.6106052052788726,16.881152270442616,19.492681616082745,19.492681616082745,35.056055958144235,14.788250842481894,30.0,30.0,0.0,False,87.8708626433532,0.0,0.0,0.0,0.0,62.870862643353206,0.0,False,25.0,188.48167519735708,0.0,369.58582720599253,25.0,25.0,2107.875288500008,1543.1896567691583,0130,downside,1.8342994769525456,10.270448506321312,2.0231462660494968,7.243789914598705,-0.18884678909695118,3.026658591722607
1,46.75,640.5,0.0,488.8,10875.0,326.25,10875.0,11248.0,640.5,0.0,46.75,11248.0,10607.5,1450.0,233.2008482284861,43.5,189.7008482284861,False,80.62313617136459,79.57322442070429,31.707712057121526,58.0,29.0,0.0,38.43,24.44,24.44,47.79991175066031,12.600122505950344,30.0,30.0,0.0,False,49.57322442070429,0.0,0.0,0.0,0.0,24.573224420704292,0.0,False,25.0,585.9267755792957,0.0,453.60021075529005,25.0,25.0,0.0,0.0,0131,downside,3.22762462322419,5.626064024586106,4.350442950964612,3.709254783338414,-1.122818327740422,1.9168092412476918
2,25.0,585.9267755792957,0.0,453.60021075529005,10875.0,326.25,10875.0,11248.0,640.5,0.0,46.75,11248.0,10607.5,1360.450337980932,218.7987398550924,40.81351013942796,177.98522971566445,False,78.2986993429287,58.94098648657891,30.03740316078555,54.418013519237284,27.209006759618642,-1.7909932403813578,35.155606534757744,22.680010537764502,22.680010537764502,44.35771285634979,11.821959256428478,30.0,30.0,0.0,False,28.940986486578907,0.0,0.0,0.0,0.0,3.9409864865789075,0.0,False,25.0,551.9857890927168,0.0,421.06445715536876,25.0,25.0,0.0,0.0,0131,downside,3.0500154565179827,5.965067938042945,4.332978548578328,3.7831141246531956,-1.2829630920603456,2.1819538133897494
3,25.0,551.9857890927168,0.0,421.06445715536876,10875.0,326.25,10875.0,11248.0,640.5,0.0,46.75,11248.0,10607.5,1276.431118698229,205.28608247287065,38.29293356094687,166.99314891192378,False,73.531657230116,57.35562635170701,28.205194677148086,51.05724474792916,25.52862237396458,-1.6803843856540617,33.11914734556301,21.05322285776844,21.05322285776844,41.17603087840899,11.091854114486159,30.0,30.0,0.0,False,27.35562635170701,0.0,0.0,0.0,0.0,2.3556263517070093,0.0,False,25.0,519.6301627410098,0.0,390.98028039144594,25.0,25.0,0.0,0.0,0131,downside,2.8569183054129788,6.38733828096999,4.314030607747082,3.7894978879887766,-1.457112302334103,2.5978403929812135
4,25.0,519.6301627410098,0.0,390.98028039144594,10875.0,326.25,10875.0,11248.0,640.5,0.0,46.75,11248.0,10607.5,1197.6007909257826,192.6079450227575,35.92802372777348,156.679921294984,False,69.06542177940446,55.831332378914404,26.48827437773778,47.9040316370313,23.95201581851565,-1.5766065554489295,31.177809764460587,19.549014019572297,19.549014019572297,38.234089400490056,10.406839088888196,30.0,30.0,0.0,False,25.831332378914404,0.0,0.0,0.0,0.0,0.8313323789144036,0.0,False,25.0,488.79883036209543,0.0,363.1530300798441,25.0,25.0,0.0,0.0,0131,downside,2.6459999704154593,6.927492552288497,4.2934462560421975,3.796964419510611,-1.6474462856267382,3.1305281327778856
5,25.0,488.79883036209543,0.0,363.1530300798441,10875.0,326.25,10875.0,11248.0,640.5,0.0,46.75,11248.0,10607.5,1123.6388970904914,180.71278889932634,33.70916691271474,147.0036219866116,False,64.88137940147115,54.36852590351404,24.879510165223415,44.945555883619654,22.472777941809827,-1.4792378767058239,29.327929821725725,18.157651503992206,18.157651503992206,35.51285349795711,9.764129486752498,30.0,30.0,0.0,False,24.36852590351404,0.0,0.6314740964859595,0.6314740964859595,0.0,0.0,0.0,False,25.0,458.79883036209543,0.6314740964859595,337.40430606863947,25.0,25.0,1445.7023111946107,652.1821659994707,0131,downside,2.4146316032619577,7.641794155504125,4.2710569364141895,3.805634970745389,-1.8564253331522318,3.836159184758736
1,27.0,624.0,0.0,429.00000000000006,9000.0,270.0,9000.0,9297.0,624.0,0.0,27.0,9297.0,8673.0,1200.0,214.74359063635922,36.0,178.74359063635922,False,77.89019297726942,62.72795111081383,29.963397659089804,48.0,24.0,0.0,37.44,21.450000000000003,21.450000000000003,42.162241866455595,8.064034111605423,30.0,30.0,0.0,False,32.72795111081383,0.0,0.0,0.0,0.0,7.727951110813827,0.0,False,25.0,586.2720488891862,0.0,394.90179224514986,25.0,25.0,0.0,0.0,0132,distressed,3.8702679726714355,4.630701158142076,4.4526304058755075,3.646520472683974,-0.582362433204072,0.9841806854581017
2,25.0,586.2720488891862,0.0,394.90179224514986,9000.0,270.0,9000.0,9297.0,624.0,0.0,27.0,9297.0,8673.0,1150.8268722964885,205.94391229813232,34.524806168894656,171.41910612923766,False,76.84846401882709,63.03740369682987,29.12442339590725,46.03307489185954,23.01653744592977,-0.9834625540702291,35.176322933351166,19.745089612257495,19.745089612257495,38.81106032199722,7.733589295625885,30.0,30.0,0.0,False,33.03740369682987,0.0,0.0,0.0,0.0,8.03740369682987,0.0,False,25.0,548.2346451923563,0.0,363.82432121877855,25.0,25.0,0.0,0.0,0132,distressed,3.7292404570939377,4.789812759476466,4.307284233422711,3.749792708392365,-0.5780437763287729,1.0400200510841011
3,25.0,548.2346451923563,0.0,363.82432121877855,9000.0,270.0,9000.0,9297.0,624.0,0.0,27.0,9297.0,8673.0,1103.668741666432,197.5048237154683,33.11006224999296,164.39476146547534,False,74.88857521568306,64.13181757436564,28.32736667324876,44.14674966665728,22.07337483332864,-0.9431626126011317,32.894078711541376,18.191216060938928,18.191216060938928,35.75675764131742,7.416685317258951,30.0,30.0,0.0,False,34.13181757436564,0.0,0.0,0.0,0.0,9.131817574365641,0.0,False,25.0,509.10282761799067,0.0,335.48424889472005,25.0,25.0,0.0,0.0,0132,distressed,3.5875719918988738,4.9632675752936635,4.1497066304235375,3.8661776269492005,-0.5621346385246637,1.097089948344463
4,25.0,509.10282761799067,0.0,335.48424889472005,9000.0,270.0,9000.0,9297.0,624.0,0.0,27.0,9297.0,8673.0,1058.4430383528177,189.41154878328476,31.75329115058453,157.6582576327002,False,73.0734903309077,65.10200304819122,27.58446888272119,42.33772153411271,21.168860767056355,-0.9045140662722844,30.54616965707944,16.774212444736005,16.774212444736005,32.97148728271649,7.11276730539034,30.0,30.0,0.0,False,35.10200304819122,0.0,0.0,0.0,0.0,10.102003048191222,0.0,False,25.0,469.0008245697994,0.0,309.62552891739386,25.0,25.0,0.0,0.0,0132,distressed,3.4443385801065207,5.154389981055074,3.978777209353031,4.002747661160961,-0.5344386292465102,1.1516423198941128
5,25.0,469.0008245697994,0.0,309.62552891739386,9000.0,270.0,9000.0,9297.0,624.0,0.0,27.0,9297.0,8673.0,1015.070576109638,181.64991688591783,30.452117283289137,151.1977996026287,False,71.39909874569548,65.96901380806284,26.89411842064276,40.60282304438552,20.30141152219276,-0.8674492448635966,28.140049474187965,15.481276445869694,15.481276445869694,30.430084937632635,6.821303126195907,30.0,30.0,0.0,False,35.96901380806284,0.0,0.0,0.0,0.0,10.96901380806284,0.0,False,25.0,428.03181076173655,0.0,286.01674710595717,25.0,25.0,1453.1993350873427,742.3527871933388,0132,distressed,3.2985685907577604,5.367429314148157,3.793277584048877,4.164245654036684,-0.4947089932911166,1.2031836601114732
1,55.0,610.0,0.0,470.0,10875.0,326.25,10875.0,11256.25,610.0,0.0,55.0,11256.25,10646.25,1450.0,320.9911562910542,43.5,277.4911562910542,False,148.54336721829068,164.55213367255945,54.347789072763554,58.0,29.0,0.0,36.6,23.5,23.5,38.991233545731234,9.426290255837348,30.0,30.0,0.0,False,134.55213367255945,0.0,0.0,0.0,0.0,78.97383564349325,0.0,False,55.578298029066204,501.02616435650674,0.0,440.4350567101061,55.578298029066204,55.578298029066204,0.0,0.0,0133,base,2.739985807951115,6.6303052449389055,2.7598359196983133,5.340951019817874,-0.01985011174719853,1.2893542251210315
2,55.578298029066204,501.02616435650674,0.0,440.4350567101061,10875.0,326.25,10875.0,11256.25,610.0,0.0,55.0,11256.25,10646.25,1554.9052109711206,344.2143597190383,46.647156329133615,297.5672033899047,False,166.46575419062313,185.5055284794529,61.370970173252246,62.19620843884483,31.098104219422414,2.0981042194224138,30.061569861390403,22.021752835505307,22.021752835505307,36.53852374023644,10.108267475122615,30.0,30.0,0.0,False,155.5055284794529,0.0,0.0,0.0,0.0,89.0300404505706,0.0,False,66.4754880288823,381.99612390593614,0.0,414.00480044499227,66.4754880288823,66.4754880288823,0.0,0.0,0133,base,2.2693423593647384,8.03631345142039,2.1193928019665256,6.60891705627595,0.1499495573982128,1.4273963951444406
3,66.4754880288823,381.99612390593614,0.0,414.00480044499227,10875.0,326.25,10875.0,11256.25,610.0,0.0,55.0,11256.25,10646.25,1667.4001483483758,369.11772525394514,50.02200445045127,319.09572080349386,False,187.6828847791372,219.81250501396727,68.86892833672202,66.69600593393503,33.34800296696751,2.2498987475450996,22.919767434356167,20.700240022249616,20.700240022249616,34.34586779405223,10.839584669626237,30.0,30.0,0.0,False,189.81250501396727,0.0,0.0,0.0,0.0,105.4950565265896,0.0,False,84.31744848737767,246.50106737934655,0.0,390.49851732056624,84.31744848737767,84.31744848737767,0.0,0.0,0133,base,1.826275278394807,10.066045962413776,1.4973058685607732,8.462119719285976,0.3289694098340339,1.6039262431278
4,84.31744848737767,246.50106737934655,0.0,390.49851732056624,10875.0,326.25,10875.0,11256.25,610.0,0.0,55.0,11256.25,10646.25,1788.0339168557991,395.8228099718384,53.64101750567397,342.18179246616444,False,210.60708737932504,262.5287509983879,76.96670063934384,71.52135667423197,35.76067833711598,2.41267537014847,14.790064042760793,19.524925866028312,19.524925866028312,32.395784868314834,11.623811508665177,30.0,30.0,0.0,False,232.52875099838792,0.0,0.0,0.0,0.0,125.99595016066115,0.0,False,106.53280083772677,90.5051172186854,0.0,369.7265439609166,106.53280083772677,106.53280083772677,0.0,0.0,0133,base,1.4071738198079724,13.265169733589243,0.8935787716908985,11.534982554969549,0.5135950481170739,1.730187178619694
5,106.53280083772677,90.5051172186854,0.0,369.7265439609166,10875.0,326.25,10875.0,11256.25,610.0,0.0,55.0,11256.25,10646.25,1917.3953480773691,424.4599654113401,57.52186044232107,366.93810496901904,False,235.50492094818395,311.3651813100891,85.75536768446302,76.69581392309476,38.34790696154738,2.587228624431397,5.430307033121124,18.48632719804583,18.48632719804583,30.67254047582163,12.464775921496251,30.0,30.0,0.0,False,281.3651813100891,0.0,0.0,0.0,0.0,60.5051172186854,0.0,False,220.8600640914037,0.0,0.0,351.51877940659125,220.8600640914037,220.8600640914037,3395.6797232907206,3214.085812126172,0133,base,1.008947061394539,19.076765435549977,0.3078234131894334,17.747479068697935,0.7011236482051056,1.3292863668520418
1,25.5,409.5,0.0,312.0,5700.0,171.0,5700.0,5896.5,409.5,0.0,25.5,5896.5,5487.0,760.0,129.78643306930994,22.8,106.98643306930994,False,42.51232480198246,24.178385217087026,16.704108267327484,30.400000000000002,15.200000000000001,0.0,24.57,15.600000000000001,15.600000000000001,43.83393958489543,8.338680543046479,30.0,30.0,0.0,False,0.0,5.821614782912974,25.0,30.821614782912974,0.0,0.0,0.0,False,25.0,379.5,30.821614782912974,276.50474095815105,25.0,25.0,0.0,0.0,0134,downside,4.534086111847272,3.943932029359144,5.099349293216406,3.230929376881004,-0.5652631813691338,0.7130026524781403
2,25.0,379.5,30.821614782912974,276.50474095815105,5700.0,171.0,5700.0,5896.5,409.5,0.0,25.5,5896.5,5487.0,729.2812321643204,124.5405392460506,21.878436964929612,102.66210228112098,False,41.48473929474939,27.63764919828543,16.054392086559663,29.171249286572817,14.585624643286408,-0.6143753567135928,24.61929688697478,13.825237047907553,13.825237047907553,38.84709009646396,8.001635817181027,30.0,30.0,0.0,False,0.0,2.3623508017145696,25.0,27.36235080171457,0.0,0.0,0.0,False,25.0,349.5,58.18396558462754,245.6592866788681,25.0,25.0,0.0,0.0,0134,downside,4.3460492018070624,4.078200451545218,5.045290923480739,3.2394862545868914,-0.6992417216736762,0.8387141969583265
3,25.0,349.5,58.18396558462754,245.6592866788681,5700.0,171.0,5700.0,5896.5,409.5,0.0,25.5,5896.5,5487.0,699.8040994567228,119.50668146811668,20.994122983701683,98.512558484415,False,39.91791882113018,30.404411350777572,15.442139053848484,27.992163978268913,13.996081989134456,-0.589542654151952,24.461037935077652,12.282964333943406,12.282964333943406,34.5135074703526,7.678214247478865,30.0,30.0,0.0,False,0.40441135077757195,0.0,24.595588649222428,24.595588649222428,0.0,0.0,0.0,False,25.0,319.5,82.77955423384998,218.82399345599438,25.0,25.0,0.0,0.0,0134,downside,4.176971846200125,4.206715770185592,4.988035316241959,3.252413294369759,-0.8110634700418338,0.9543024758158327
4,25.0,319.5,82.77955423384998,218.82399345599438,5700.0,171.0,5700.0,5896.5,409.5,0.0,25.5,5896.5,5487.0,671.5184156913704,114.67628935912776,20.14555247074111,94.53073688838666,False,38.44010248956029,32.696776499574355,14.863190990388985,26.860736627654816,13.430368313827408,-0.5657136753070482,24.136773254031,10.94119967279972,10.94119967279972,30.74332598998593,7.367865193714509,30.0,30.0,0.0,False,2.696776499574355,0.0,22.303223500425645,22.303223500425645,0.0,0.0,0.0,False,25.0,289.5,105.08277773427562,195.44853265972299,25.0,25.0,0.0,0.0,0134,downside,4.0248350009764975,4.329190536368594,4.927185153545644,3.2691823326944087,-0.9023501525691469,1.060008203674185
5,25.0,289.5,105.08277773427562,195.44853265972299,5700.0,171.0,5700.0,5896.5,409.5,0.0,25.5,5896.5,5487.0,644.3760231795196,110.0411389524432,19.331280695385587,90.70985825705762,False,37.045936338453004,34.58670822126467,14.315616240003731,25.775040927180786,12.887520463590393,-0.5428478502370151,23.674966664056537,9.77242663298615,9.77242663298615,27.459228117188328,7.0700602722272725,30.0,30.0,0.0,False,4.586708221264672,0.0,20.413291778735328,20.413291778735328,0.0,0.0,0.0,False,25.0,259.5,125.49606951301095,175.05936481476192,25.0,25.0,880.3291116195456,332.06874061747953,0134,downside,3.887826895003374,4.44544274944742,4.862321850003837,3.2899765304632185,-0.9744949550004627,1.155466218984201
1,29.75,493.5,0.0,374.40000000000003,7350.0,220.5,7350.0,7600.25,493.5,0.0,29.75,7600.25,7106.75,980.0,146.30141542944804,29.4,116.90141542944804,False,41.62856157208603,26.06660245221488,17.14285385736201,39.2,19.6,0.0,29.61,18.720000000000002,18.720000000000002,45.31195911987115,11.326519079640589,30.0,30.0,0.0,False,0.0,3.9333975477851197,25.0,28.93339754778512,0.0,0.0,0.0,False,25.0,463.5,28.93339754778512,340.41455995976946,25.0,25.0,0.0,0.0,0135,downside,3.781482099644469,4.757228671155733,5.521805480392832,3.027134604375089,-1.7403233807483627,1.7300940667806444
2,25.0,463.5,28.93339754778512,340.41455995976946,7350.0,220.5,7350.0,7600.25,493.5,0.0,29.75,7600.25,7106.75,988.7649013875025,147.60990265301044,29.662947041625074,117.94695561138536,False,43.47222077877226,27.273367614493417,17.845055940132447,39.5505960555001,19.77529802775005,0.1752980277500491,29.54600385286711,17.020727997988473,17.020727997988473,41.19885316427884,11.427820939637236,30.0,30.0,0.0,False,0.0,2.7266323855065835,25.0,27.726632385506583,0.0,0.0,0.0,False,25.0,433.5,56.6600299332917,310.64352773512786,25.0,25.0,0.0,0.0,0135,downside,3.3974462780073806,5.271918707472895,5.255769048856543,3.1698574666089296,-1.858322770849162,2.102061240863965
3,25.0,433.5,56.6600299332917,310.64352773512786,7350.0,220.5,7350.0,7600.25,493.5,0.0,29.75,7600.25,7106.75,997.6081940977934,148.93009269441094,29.928245822933803,119.00184687147714,False,45.392103721358666,32.79630556541136,18.515017172180812,39.90432776391174,19.95216388195587,0.17686585420581835,29.4096017959975,15.532176386756394,15.532176386756394,37.59579815594731,11.530028820871886,30.0,30.0,0.0,False,2.796305565411359,0.0,22.20369443458864,22.20369443458864,0.0,0.0,0.0,False,25.0,403.5,78.86372436788034,284.57775840005246,25.0,25.0,0.0,0.0,0135,downside,3.028558957314756,5.893635342865303,4.981810387309162,3.3138451284413546,-1.9532514299944057,2.5797902144239484
4,25.0,403.5,78.86372436788034,284.57775840005246,7350.0,220.5,7350.0,7600.25,493.5,0.0,29.75,7600.25,7106.75,1006.5305792453768,150.26209022104166,30.1959173773613,120.06617284368036,False,47.42784260079825,37.98666804137585,19.22386536540123,40.261223169815075,20.130611584907538,0.17844770295166867,28.94182346207282,14.228887920002624,14.228887920002624,34.44117455942239,11.633150826596381,30.0,30.0,0.0,False,7.98666804137585,0.0,17.01333195862415,17.01333195862415,0.0,0.0,0.0,False,25.0,373.5,95.87705632650449,261.76973466722643,25.0,25.0,0.0,0.0,0135,downside,2.671060741896489,6.6667002681415095,4.699434101808116,3.4806489263327443,-2.028373359911627,3.1860513418087653
5,25.0,373.5,95.87705632650449,261.76973466722643,7350.0,220.5,7350.0,7600.25,493.5,0.0,29.75,7600.25,7106.75,1015.5327642153682,151.60600083641663,30.465982926461045,121.14001790995559,False,49.581309506199496,42.900488149199276,19.972226949251,40.621310568614724,20.310655284307362,0.18004369939982467,28.16262337959027,13.088486733361322,13.088486733361322,31.680821357000212,11.73719513253624,30.0,30.0,0.0,False,12.900488149199276,0.0,12.099511850800724,12.099511850800724,0.0,0.0,0.0,False,25.0,343.5,107.97656817730521,241.82610844276243,25.0,25.0,1212.848006691333,526.3526099708953,0135,downside,2.3215814631447578,7.662995637292472,4.408154511912549,3.6751980836708915,-2.0865730487677916,3.98779755362158
1,30.0,390.0,0.0,300.0,5700.0,171.0,5700.0,5901.0,390.0,0.0,30.0,5901.0,5511.0,760.0,183.31653219196602,22.8,160.516532191966,False,83.9873991439745,78.81844847888519,30.5291330479915,30.400000000000002,15.200000000000001,0.0,23.4,15.0,15.0,35.16895066508932,10.0394166446682,30.0,30.0,0.0,False,48.81844847888519,0.0,0.0,0.0,0.0,23.818448478885188,0.0,False,25.0,336.1815515211148,0.0,274.8704659795789,25.0,25.0,0.0,0.0,0136,base,4.218726083344875,4.252382301186661,3.1969403440764945,4.773868025832448,1.0217857392683807,-0.5214857246457871
2,25.0,336.1815515211148,0.0,274.8704659795789,5700.0,171.0,5700.0,5901.0,390.0,0.0,30.0,5901.0,5511.0,751.5561170788008,181.27981727703283,22.546683512364023,158.73313376466882,False,86.26735451845319,79.04433499403345,31.204679343605747,30.06224468315203,15.031122341576015,-0.16887765842398572,20.170893091266887,13.743523298978946,13.743523298978946,32.22301952441974,9.927874988425152,30.0,30.0,0.0,False,49.04433499403345,0.0,0.0,0.0,0.0,24.04433499403345,0.0,False,25.0,282.13721652708136,0.0,252.57532144358436,25.0,25.0,0.0,0.0,0136,base,3.9173843505147397,4.554140233152506,2.8117445484387273,5.345214117532948,1.1056398020760123,-0.7910738843804426
3,25.0,282.13721652708136,0.0,252.57532144358436,5700.0,171.0,5700.0,5901.0,390.0,0.0,30.0,5901.0,5511.0,743.2060488402159,179.2657310230017,22.296181465206477,156.96954955779523,False,88.29435374686287,83.68499034996789,31.85313762349778,29.728241953608634,14.864120976804317,-0.16700136477169814,16.92823299162488,12.628766072179218,12.628766072179218,29.60936339689498,9.817572601505988,30.0,30.0,0.0,False,53.68499034996789,0.0,0.0,0.0,0.0,28.68499034996789,0.0,False,25.0,223.45222617711346,0.0,232.78353064819538,25.0,25.0,0.0,0.0,0136,base,3.6263748849019186,4.89447772824565,2.4055671676031416,6.0650856548739736,1.220807717298777,-1.1706079266283238
4,25.0,223.45222617711346,0.0,232.78353064819538,5700.0,171.0,5700.0,5901.0,390.0,0.0,30.0,5901.0,5511.0,734.9487529681976,177.27402201702614,22.048462589045926,155.22555942798022,False,90.45009538146611,88.16092036476047,32.54481233123591,29.397950118727906,14.698975059363953,-0.16514591744036444,13.407133570626806,11.63917653240977,11.63917653240977,27.289175016705634,9.708495715167185,30.0,30.0,0.0,False,58.16092036476047,0.0,0.0,0.0,0.0,33.16092036476047,0.0,False,25.0,160.291305812353,0.0,215.20285134665693,25.0,25.0,0.0,0.0,0136,base,3.342967656131382,5.284779703689347,1.977132087212118,7.077849842461773,1.3658355689192638,-1.7930701387724257
5,25.0,160.291305812353,0.0,215.20285134665693,5700.0,171.0,5700.0,5901.0,390.0,0.0,30.0,5901.0,5511.0,726.7831987272175,175.30444163955,21.803495961816523,153.50094567773345,False,92.73797266879203,92.50977779546827,33.28083119041486,29.0713279490887,14.53566397454435,-0.16331108481960221,9.617478348741178,10.760142567332847,10.760142567332847,25.22819487332376,9.600630713641085,30.0,30.0,0.0,False,62.50977779546827,0.0,0.0,0.0,0.0,37.50977779546827,0.0,False,25.0,92.78152801688472,0.0,199.57528718697426,25.0,25.0,1402.4355331164,1114.042184915795,0136,base,3.064605798971309,5.74100404680985,1.5251000642275871,8.602792365288751,1.5395057347437218,-2.861788318478901
1,27.0,624.0,0.0,429.00000000000006,9000.0,270.0,9000.0,9297.0,624.0,0.0,27.0,9297.0,8673.0,1200.0,201.5287992003718,36.0,165.5287992003718,False,67.97909940027886,50.45819883436962,26.659699800092948,48.0,24.0,0.0,37.44,21.450000000000003,21.450000000000003,44.52090056590924,15.554658522167042,30.0,30.0,0.0,False,20.458198834369618,0.0,4.541801165630382,4.541801165630382,0.0,0.0,0.0,False,25.0,594.0,4.541801165630382,400.03375795625783,25.0,25.0,0.0,0.0,0137,distressed,3.9896273333786008,4.496758280821489,4.83095003287298,3.4221225878820136,-0.8413226994943797,1.0746356929394758
2,25.0,594.0,4.541801165630382,400.03375795625783,9000.0,270.0,9000.0,9297.0,624.0,0.0,27.0,9297.0,8673.0,1103.915719304952,185.39234110828474,33.117471579148564,152.27486952913617,False,63.15303359189053,46.63820104881931,24.090168390346363,44.15662877219808,22.07831438609904,-1.9216856139009586,35.91250806993782,20.001687897812893,20.001687897812893,41.51483254307122,14.309193375867444,30.0,30.0,0.0,False,16.63820104881931,0.0,8.361798951180688,8.361798951180688,0.0,0.0,0.0,False,25.0,564.0,12.90360011681107,372.82811878905403,25.0,25.0,0.0,0.0,0137,distressed,3.9696817574329284,4.507706235900392,4.987971527722086,3.3156578199785316,-1.018289770289158,1.1920484159218607
3,25.0,564.0,12.90360011681107,372.82811878905403,9000.0,270.0,9000.0,9297.0,624.0,0.0,27.0,9297.0,8673.0,1015.5249294404747,170.54793299015097,30.465747883214238,140.08218510693672,False,56.73248887324135,43.04101193901648,21.70664079011884,40.62099717761899,20.310498588809494,-1.767815797289547,34.614216007008665,18.641405939452703,18.641405939452703,38.69147693422487,13.163452915161969,30.0,30.0,0.0,False,13.041011939016478,0.0,11.958988060983522,11.958988060983522,0.0,0.0,0.0,False,25.0,534.0,24.862588177794592,347.3000947699911,25.0,25.0,0.0,0.0,0137,distressed,3.9518928750088005,4.515825995988812,5.166657065252572,3.2024399820474394,-1.2147641902437716,1.3133860139413724
4,25.0,534.0,24.862588177794592,347.3000947699911,9000.0,270.0,9000.0,9297.0,624.0,0.0,27.0,9297.0,8673.0,934.2116107961602,156.8921201023294,28.026348323884807,128.86577177844458,False,50.760909076882676,39.71868766479498,19.492252937319336,37.36846443184641,18.684232215923206,-1.6262663728862883,33.531755290667675,17.365004738499557,17.365004738499557,36.042221412087706,12.109452161148244,30.0,30.0,0.0,False,9.718687664794977,0.0,15.281312335205023,15.281312335205023,0.0,0.0,0.0,False,25.0,504.0,40.143900512999615,323.36732551905163,25.0,25.0,0.0,0.0,0137,distressed,3.936486458890794,4.520759279929117,5.370003448755375,3.082556139377433,-1.4335169898645805,1.4382031405516842
5,25.0,504.0,40.143900512999615,323.36732551905163,9000.0,270.0,9000.0,9297.0,624.0,0.0,27.0,9297.0,8673.0,859.409068595901,144.32973134670155,25.782272057877027,118.54745928882453,False,45.19980439461517,36.641285640075075,17.432614745522994,34.37636274383604,17.18818137191802,-1.496050844005186,32.648634030779974,16.168366275952582,16.168366275952582,33.558518754540096,11.139845494052393,30.0,30.0,0.0,False,6.6412856400750755,0.0,18.358714359924925,18.358714359924925,0.0,0.0,0.0,False,25.0,474.0,58.50261487292454,300.9486522585639,25.0,25.0,1154.6378507736124,328.8670158805197,0137,distressed,3.923728322757216,4.522103841516996,5.601418776215054,2.956546498962093,-1.6776904534578376,1.5655573425549032
1,21.0,564.0,0.0,396.00000000000006,7350.0,220.5,7350.0,7591.5,564.0,0.0,21.0,7591.5,7027.5,980.0,157.37650277966412,29.4,127.97650277966412,False,45.95237708474808,26.880338859525345,18.584125694916025,39.2,19.6,0.0,33.839999999999996,19.800000000000004,19.800000000000004,40.072038225222734,10.825354747032321,30.0,30.0,0.0,False,0.0,3.119661140474655,25.0,28.119661140474655,0.0,0.0,0.0,False,25.0,534.0,28.119661140474655,366.75331652180967,25.0,25.0,0.0,0.0,0138,distressed,4.227576262109397,4.239595631541247,5.743379486121616,2.9339392762800918,-1.5158032240122186,1.3056563552611555
2,25.0,534.0,28.119661140474655,366.75331652180967,7350.0,220.5,7350.0,7591.5,564.0,0.0,21.0,7591.5,7027.5,996.4787860716012,160.02280249599357,29.894363582148035,130.12843891384554,False,48.25333148234687,36.14082411141464,19.515898354831645,39.859151442864054,19.929575721432027,0.3295757214320254,33.727179668428484,18.337665826090483,18.337665826090483,37.11250737093224,11.007384037874706,30.0,30.0,0.0,False,6.140824111414638,0.0,18.859175888585362,18.859175888585362,0.0,0.0,0.0,False,25.0,504.0,46.97883702906002,340.64819318875215,25.0,25.0,0.0,0.0,0138,distressed,3.837126694630015,4.655058085555566,5.4156471246621845,3.0735288077026888,-1.5785204300321696,1.581529277852877
3,25.0,504.0,46.97883702906002,340.64819318875215,7350.0,220.5,7350.0,7591.5,564.0,0.0,21.0,7591.5,7027.5,1013.234664378298,162.71359997447274,30.39703993134894,132.31656004312381,False,51.20160091154004,41.73072359130587,20.556355040485652,40.52938657513192,20.26469328756596,0.33511756613393473,33.0587302217436,17.032409659437608,17.032409659437608,34.47087732023417,11.192474167229907,30.0,30.0,0.0,False,11.730723591305868,0.0,13.269276408694132,13.269276408694132,0.0,0.0,0.0,False,25.0,474.0,60.24811343775415,317.3697900357479,25.0,25.0,0.0,0.0,0138,distressed,3.4595414454260403,5.149463089108205,5.08020167707669,3.248350913164242,-1.6206602316506493,1.9011121759439633
4,25.0,474.0,60.24811343775415,317.3697900357479,7350.0,220.5,7350.0,7591.5,564.0,0.0,21.0,7591.5,7027.5,1030.27229425036,165.44964344888032,30.908168827510796,134.54147462136953,False,54.32009819504282,47.20480941260999,21.654524578329223,41.2108917700144,20.6054458850072,0.340752597441238,32.054886806265245,15.868489501787394,15.868489501787394,32.11528878243283,11.38067660336634,30.0,30.0,0.0,False,17.20480941260999,0.0,7.79519058739001,7.79519058739001,0.0,0.0,0.0,False,25.0,444.0,68.04330402514415,296.63517785668137,25.0,25.0,0.0,0.0,0138,distressed,3.091880741095406,5.751847409379995,4.736658632473644,3.452378696888257,-1.6447778913782383,2.2994687124917386
5,25.0,444.0,68.04330402514415,296.63517785668137,7350.0,220.5,7350.0,7591.5,564.0,0.0,21.0,7591.5,7027.5,1047.5964133651044,168.23169373461175,31.42789240095313,136.8038013336586,False,57.614636633541,52.59752505268575,22.812361049828972,41.903856534604174,20.951928267302087,0.34648238229488726,30.72259824150865,14.831758892834069,14.831758892834069,30.01711158085525,11.572043679995883,30.0,30.0,0.0,False,22.597525052685747,0.0,2.4024749473142535,2.4024749473142535,0.0,0.0,0.0,False,25.0,414.0,70.44577897245841,278.190109955822,25.0,25.0,1345.853549876894,588.0298577004603,0138,distressed,2.7314817727521525,6.507040509565501,4.384642825340111,3.6929879887995285,-1.6531610525879588,2.8140525207659723
1,33.0,732.0,0.0,517.0,10875.0,326.25,10875.0,11234.25,732.0,0.0,33.0,11234.25,10502.25,1450.0,229.92797264329462,43.5,186.42797264329462,False,72.99347948247097,44.56263535181604,29.16449316082366,58.0,29.0,0.0,43.92,25.85,25.85,61.43084413065493,12.311718885571354,30.0,30.0,0.0,False,14.562635351816041,0.0,10.437364648183959,10.437364648183959,0.0,0.0,0.0,False,25.0,702.0,10.437364648183959,467.8808747549165,25.0,25.0,0.0,0.0,0139,distressed,3.5280057288596165,5.100404625267314,5.024696326077022,3.2955134390611236,-1.4966905972174054,1.80489118620619
2,25.0,702.0,10.437364648183959,467.8808747549165,10875.0,326.25,10875.0,11234.25,732.0,0.0,33.0,11234.25,10502.25,1389.9363249590415,220.40361469041653,41.698089748771245,178.70552494164528,False,71.72583974498511,41.131415975577454,28.14130983125211,55.59745299836166,27.79872649918083,-1.2012735008191697,42.746241878891034,23.394043737745825,23.394043737745825,55.594423769407655,11.801727794303362,30.0,30.0,0.0,False,11.131415975577454,0.0,13.868584024422546,13.868584024422546,0.0,0.0,0.0,False,25.0,672.0,24.305948672606505,424.0881787798122,25.0,25.0,0.0,0.0,0139,distressed,3.2992998405990344,5.440512612565429,4.969946291448222,3.332365632164377,-1.6706464508491878,2.1081469804010515
3,25.0,672.0,24.305948672606505,424.0881787798122,10875.0,326.25,10875.0,11234.25,732.0,0.0,33.0,11234.25,10502.25,1332.360680993549,211.27378635205943,39.97082042980647,171.30296592225295,False,69.0680561165538,43.67715706766412,27.080050015726492,53.294427239741964,26.647213619870982,-1.1515128793098484,41.77835692035639,21.20440893899061,21.20440893899061,50.390899048889686,11.312862178331716,30.0,30.0,0.0,False,13.677157067664119,0.0,11.322842932335881,11.322842932335881,0.0,0.0,0.0,False,25.0,642.0,35.628791604942386,385.01014190925423,25.0,25.0,0.0,0.0,0139,distressed,3.0664059596392486,5.842994916774792,4.911347268539555,3.354469805658832,-1.8449413089003066,2.48852511111596
4,25.0,642.0,35.628791604942386,385.01014190925423,10875.0,326.25,10875.0,11234.25,732.0,0.0,33.0,11234.25,10502.25,1277.1700058345514,202.5221449395608,38.31510017503654,164.20704476452426,False,66.5562210744082,45.80864270622883,26.07470254319125,51.08680023338206,25.54340011669103,-1.1038135031799534,40.657727496296545,19.250507095462712,19.250507095462712,45.74757836817937,10.844246952357603,30.0,30.0,0.0,False,15.80864270622883,0.0,9.19135729377117,9.19135729377117,0.0,0.0,0.0,False,25.0,612.0,44.820148898713555,350.1068104934325,25.0,25.0,0.0,0.0,0139,distressed,2.827228947544848,6.330643730661969,4.848491801650555,3.3805393585645565,-2.0212628541057067,2.950104372097413
5,25.0,612.0,44.820148898713555,350.1068104934325,10875.0,326.25,10875.0,11234.25,732.0,0.0,33.0,11234.25,10502.25,1224.2655063845475,194.13302473111412,36.72796519153643,157.40505953957768,False,64.18331748589208,47.58301399555785,25.12262752024581,48.9706202553819,24.48531012769095,-1.0580899890000772,39.40920893392281,17.505340524671624,17.505340524671624,41.60030349033423,10.395043279936697,30.0,30.0,0.0,False,17.58301399555785,0.0,7.416986004442151,7.416986004442151,0.0,0.0,0.0,False,25.0,582.0,52.237134903155706,318.90155028303496,25.0,25.0,1553.064197848913,601.6295496949886,0139,distressed,2.579580773568793,6.938091011175626,4.780941761308868,3.410956013494347,-2.201360987740075,3.5271349976812787
1,51.0,682.5,0.0,520.0,12600.0,378.0,12600.0,13029.0,682.5,0.0,51.0,13029.0,12346.5,1680.0,355.3439664753496,50.4,304.9439664753496,False,161.6954748565122,158.36418971345176,59.498491618837406,67.2,33.6,0.0,40.949999999999996,26.0,26.0,54.331285143060434,19.31314997915777,30.0,30.0,0.0,False,128.36418971345176,0.0,0.0,0.0,0.0,95.05662689695198,0.0,False,33.30756281649978,557.443373103048,0.0,484.9818648360973,33.30756281649978,33.30756281649978,0.0,0.0,0140,downside,2.700183788192627,6.740707082746745,2.839833429935692,5.307602187831959,-0.13964964174306482,1.433104894914786
2,33.30756281649978,557.443373103048,0.0,484.9818648360973,12600.0,378.0,12600.0,13029.0,682.5,0.0,51.0,13029.0,12346.5,1666.342563400455,352.4552238008449,49.99027690201365,302.4649468988313,False,167.18666155111896,149.82174746834337,61.192312817710885,66.6537025360182,33.3268512680091,-0.27314873199090073,33.446602386182875,24.249093241804868,24.249093241804868,50.67247689927538,19.156145145004288,30.0,30.0,0.0,False,119.82174746834337,0.0,0.0,0.0,0.0,89.92910566408166,0.0,False,29.892641804261714,437.51426743896633,0.0,453.46553308182627,29.892641804261714,29.892641804261714,0.0,0.0,0140,downside,2.337206099042778,7.832630189394743,2.4431107856216334,6.108865140883604,-0.10590468657885532,1.7237650485111393
3,29.892641804261714,437.51426743896633,0.0,453.46553308182627,12600.0,378.0,12600.0,13029.0,682.5,0.0,51.0,13029.0,12346.5,1652.796153928571,349.58996494772674,49.58388461785712,300.00608032986963,False,172.05442737223228,154.56752075261204,62.77048690736009,66.11184615714284,33.05592307857142,-0.27092818943768293,26.25085604633798,22.673276654091314,22.673276654091314,47.379548423881936,19.000416670117634,30.0,30.0,0.0,False,124.56752075261204,0.0,0.0,0.0,0.0,92.7777117866938,0.0,False,31.78980896591824,314.7365556522725,0.0,425.086401328062,31.78980896591824,31.78980896591824,0.0,0.0,0140,downside,1.9664496932677633,9.4045362396235,2.025324577381066,7.145552627132401,-0.05887488411330266,2.2589836124910994
4,31.78980896591824,314.7365556522725,0.0,425.086401328062,12600.0,378.0,12600.0,13029.0,682.5,0.0,51.0,13029.0,12346.5,1639.3598689974688,346.7479990059941,49.180796069924064,297.56720293607003,False,176.9466441565453,164.32204835132438,64.35717238263264,65.57439475989875,32.787197379949376,-0.2687256986220419,18.88419333913635,21.2543200664031,21.2543200664031,44.414404771139154,18.8459541784289,30.0,30.0,0.0,False,134.32204835132438,0.0,0.0,0.0,0.0,98.63277594093586,0.0,False,35.689272410388526,186.10377971133664,0.0,399.5179507353517,35.689272410388526,35.689272410388526,0.0,0.0,0140,downside,1.5856285333383762,11.875126433542029,1.5859715401754733,8.638785285907971,-0.0003430068370970929,3.2363411476340573
5,35.689272410388526,186.10377971133664,0.0,399.5179507353517,12600.0,378.0,12600.0,13029.0,682.5,0.0,51.0,13029.0,12346.5,1626.0328133577834,343.92913661763487,48.7809844007335,295.1481522169014,False,182.01073390230601,175.95707611812998,66.0015069743634,65.04131253431134,32.52065626715567,-0.2665411127937034,11.166226782680198,19.975897536767587,19.975897536767587,41.74293019456455,18.69274737822067,30.0,30.0,0.0,False,145.95707611812998,0.0,0.0,0.0,0.0,105.61659277077672,0.0,False,40.340483347353256,50.48718694055992,0.0,376.46776791900777,40.340483347353256,40.340483347353256,2751.433092941079,2323.5471250347487,0140,downside,1.1924636066661065,16.345464009926047,1.1241108424670494,11.043856003196813,0.06835276419905711,5.301608006729234
1,21.0,564.0,0.0,396.00000000000006,7350.0,220.5,7350.0,7591.5,564.0,0.0,21.0,7591.5,7027.5,980.0,158.5551189662978,29.4,129.1551189662978,False,46.836339224723346,20.6643311246892,18.878779741574448,39.2,19.6,0.0,33.839999999999996,19.800000000000004,19.800000000000004,47.17200810003415,14.524451026757752,30.0,30.0,0.0,False,0.0,9.335668875310802,25.0,34.3356688753108,0.0,0.0,0.0,False,25.0,534.0,34.3356688753108,363.35244292672365,25.0,25.0,0.0,0.0,0141,distressed,4.504134388077683,3.967853556416835,5.718441118225634,2.95591198669459,-1.2143067301479507,1.0119415697222451
2,25.0,534.0,34.3356688753108,363.35244292672365,7350.0,220.5,7350.0,7591.5,564.0,0.0,21.0,7591.5,7027.5,941.2713840135492,152.28917986922457,28.238141520406476,124.0510383488181,False,45.19931553206597,26.916324671190715,17.945819017490816,37.65085536054197,18.825427680270984,-0.7745723197290175,34.100140132518646,18.167622146336182,18.167622146336182,43.28299086087525,13.950459306115597,30.0,30.0,0.0,False,0.0,3.083675328809285,25.0,28.083675328809285,0.0,0.0,0.0,False,25.0,504.0,62.41934420412009,334.019911371964,25.0,25.0,0.0,0.0,0141,distressed,4.387790107323157,4.045354618107466,5.7485322091027795,2.9136349678936586,-1.3607421017796222,1.1317196502138076
3,25.0,504.0,62.41934420412009,334.019911371964,7350.0,220.5,7350.0,7591.5,564.0,0.0,21.0,7591.5,7027.5,904.0732840436555,146.27086439366667,27.122198521309663,119.14866587235701,False,43.05011139759502,28.261247850092566,17.115627412877902,36.16293136174622,18.08146568087311,-0.7439619993978752,33.9851606522472,16.7009955685982,16.7009955685982,39.78886354750245,13.399151161930739,30.0,30.0,0.0,False,0.0,1.7387521499074339,25.0,26.738752149907434,0.0,0.0,0.0,False,25.0,474.0,89.15809635402752,307.63019898639226,25.0,25.0,0.0,0.0,0141,distressed,4.28430256260145,4.115491818635327,5.782342907772146,2.885814891078892,-1.498040345170696,1.2296769275564352
4,25.0,474.0,89.15809635402752,307.63019898639226,7350.0,220.5,7350.0,7591.5,564.0,0.0,21.0,7591.5,7027.5,868.3452156341287,140.49038670273958,26.05035646902386,114.44003023371573,False,40.98288508921511,29.33759660840397,16.317258625788618,34.73380862536515,17.366904312682575,-0.7145613681905338,33.78948578124165,15.381509949319614,15.381509949319614,36.64528848081113,12.869630162038064,30.0,30.0,0.0,False,0.0,0.6624033915960297,10.17950025437645,10.84190364597248,0.0,0.0,14.82049974562355,True,10.17950025437645,444.0,100.0,283.8545406676192,10.17950025437645,10.17950025437645,0.0,0.0,0141,distressed,4.19296270037132,4.177828389304114,5.820149403840298,2.8571800228039828,-1.6271867034689782,1.3206483665001314
5,10.17950025437645,444.0,100.0,283.8545406676192,7350.0,220.5,7350.0,7591.5,564.0,0.0,21.0,7591.5,7027.5,834.0290846137552,134.93834768600655,25.020872538412657,109.91747514759389,False,39.65959285992963,16.025990357729313,15.771187028553232,33.36116338455021,16.680581692275105,-0.6863226204074699,32.64,14.19272703338096,14.19272703338096,33.81310275657677,12.361035300371515,30.0,16.025990357729313,13.974009642270687,True,0.0,0.0,0.0,0.0,0.0,0.0,25.0,True,0.0,427.9740096422707,100.0,262.4024732114139,0.0,0.0,1079.5067814880524,272.9376969120471,0141,distressed,4.113158598515647,4.231961457568982,5.857315554899511,2.881283158886446,-1.744156956383864,1.3506782986825359
1,35.0,470.0,0.0,360.0,7350.0,220.5,7350.0,7605.5,470.0,0.0,35.0,7605.5,7135.5,980.0,223.17332160753185,29.4,193.77332160753184,False,100.87999120564889,88.35888867591532,36.89333040188296,39.2,19.6,0.0,28.2,18.0,18.0,47.521102529733554,12.610715921453908,30.0,30.0,0.0,False,58.358888675915324,0.0,0.0,0.0,0.0,33.358888675915324,0.0,False,25.0,406.6411113240847,0.0,325.0896133917204,25.0,25.0,0.0,0.0,0142,base,3.4672732648645574,5.190555400455828,3.1667348033590126,4.830591376786403,0.30053846150554486,0.35996402366942526
2,25.0,406.6411113240847,0.0,325.0896133917204,7350.0,220.5,7350.0,7605.5,470.0,0.0,35.0,7605.5,7135.5,1014.8688769069574,231.11393699533784,30.44606630720872,200.6678706881291,False,109.1651261971148,91.25230161561652,40.0037308347745,40.5947550762783,20.29737753813915,0.6973775381391469,24.398466679445082,16.25448066958602,16.25448066958602,42.91282458149829,13.059411330814912,30.0,30.0,0.0,False,61.25230161561652,0.0,0.0,0.0,0.0,36.25230161561652,0.0,False,25.0,340.3888097084682,0.0,295.236200141037,25.0,25.0,0.0,0.0,0142,base,2.971765424130948,6.034710915607712,2.64209514055322,5.685047507406522,0.3296702835777281,0.3496634082011898
3,25.0,340.3888097084682,0.0,295.236200141037,7350.0,220.5,7350.0,7605.5,470.0,0.0,35.0,7605.5,7135.5,1050.978405422846,239.33708334286104,31.529352162685377,207.80773118017567,False,118.23496981841555,104.26288721455123,43.155648147653935,42.03913621691384,21.01956810845692,0.7221905703177711,20.42332858250809,14.76181000705185,14.76181000705185,38.972082603864315,13.524071541194003,30.0,30.0,0.0,False,74.26288721455123,0.0,0.0,0.0,0.0,49.26288721455123,0.0,False,25.0,261.12592249391696,0.0,269.7881890783667,25.0,25.0,0.0,0.0,0142,base,2.50619089101324,7.143310461379986,2.1138141424057517,6.802220850534795,0.3923767486074885,0.3410896108451915
4,25.0,261.12592249391696,0.0,269.7881890783667,7350.0,220.5,7350.0,7605.5,470.0,0.0,35.0,7605.5,7135.5,1088.372728535662,247.85281323913904,32.651181856069854,215.20163138306918,False,127.9018861870239,117.28901898006777,46.511166644878955,43.53490914142648,21.76745457071324,0.7478864622563215,15.667555349635016,13.489409453918336,13.489409453918336,35.61286720695613,14.005264587980513,30.0,30.0,0.0,False,87.28901898006777,0.0,0.0,0.0,0.0,60.94697132387235,0.0,False,26.34204765619542,170.17895117004463,0.0,248.18058645939107,26.34204765619542,26.34204765619542,0.0,0.0,0142,base,2.0644113019304897,8.678476113022596,1.581654389353269,8.500638352073372,0.48275691257722064,0.17783776094922388
5,26.34204765619542,170.17895117004463,0.0,248.18058645939107,7350.0,220.5,7350.0,7605.5,470.0,0.0,35.0,7605.5,7135.5,1127.0975598623959,256.6715369492193,33.812926795871874,222.8586101533474,False,138.13366059497275,131.71511076498447,50.05971094004379,45.08390239449584,22.54195119724792,0.7744966265346775,10.210737070202677,12.409029322969554,12.409029322969554,32.760597486183684,14.503578717539352,30.0,30.0,0.0,False,101.71511076498447,0.0,0.0,0.0,0.0,68.44321103988776,0.0,False,33.271899725096716,71.73574013015687,0.0,229.92356769074675,33.271899725096716,33.271899725096716,2053.372295593754,1754.184303064041,0142,base,1.6412490406343159,10.967154909760858,1.0456453850935,11.347223153758806,0.595603655540816,-0.3800682439979486
1,46.75,640.5,0.0,488.8,10875.0,326.25,10875.0,11248.0,640.5,0.0,46.75,11248.0,10607.5,1450.0,205.01276310026952,43.5,161.51276310026952,False,59.482072325202125,75.18551421485199,24.66069077506738,58.0,29.0,0.0,38.43,24.44,24.44,31.04655811035014,5.55293417778643,30.0,30.0,0.0,False,45.18551421485199,0.0,0.0,0.0,0.0,20.18551421485199,0.0,False,25.0,590.314485785148,0.0,463.3063760674363,25.0,25.0,0.0,0.0,0143,downside,3.049238806664562,5.973888006729782,5.0173503653989435,3.260899683478122,-1.9681115587343814,2.71298832325166
2,25.0,590.314485785148,0.0,463.3063760674363,10875.0,326.25,10875.0,11248.0,640.5,0.0,46.75,11248.0,10607.5,1457.3590946765867,206.0532516061754,43.7207728402976,162.3324787658778,False,63.09044527125021,58.66313690898877,25.937072703849275,58.29436378706347,29.147181893531734,0.14718189353173372,35.41886914710888,23.165318803371818,23.165318803371818,29.42730836226145,5.581116638715523,30.0,30.0,0.0,False,28.66313690898877,0.0,0.0,0.0,0.0,3.6631369089887684,0.0,False,25.0,556.6513488761592,0.0,439.4601843438904,25.0,25.0,0.0,0.0,0143,downside,2.699395079544681,6.791806367075988,4.712915353920799,3.517216143378918,-2.013520274376118,3.2745902236970696
3,25.0,556.6513488761592,0.0,439.4601843438904,10875.0,326.25,10875.0,11248.0,640.5,0.0,46.75,11248.0,10607.5,1464.7555385079727,207.0990208385812,43.94266615523918,163.15635468334202,False,66.04271413847601,63.130017431402,26.94606613339449,58.59022154031891,29.295110770159454,0.14792887662772003,33.399080932569554,21.97300921719452,21.97300921719452,27.912696707074012,5.609442132333027,30.0,30.0,0.0,False,33.130017431402,0.0,0.0,0.0,0.0,8.130017431402003,0.0,False,25.0,518.5213314447572,0.0,417.1569297691494,25.0,25.0,0.0,0.0,0143,downside,2.3410465868444725,7.908583114216373,4.397308386714753,3.740133707765835,-2.056261799870281,4.168449406450538
4,25.0,518.5213314447572,0.0,417.1569297691494,10875.0,326.25,10875.0,11248.0,640.5,0.0,46.75,11248.0,10607.5,1472.1895210499968,208.15009759842914,44.1656856314999,163.98441196692926,False,69.14088933249934,67.64480328255428,28.00382139794659,58.88758084199987,29.443790420999935,0.14867965084048151,31.111279886685427,20.85784648845747,20.85784648845747,26.496086049945067,5.637911384563836,30.0,30.0,0.0,False,37.64480328255428,0.0,0.0,0.0,0.0,12.644803282554278,0.0,False,25.0,475.8765281622029,0.0,396.29875510376814,25.0,25.0,0.0,0.0,0143,downside,1.972939237815422,9.52829359485748,4.0700210715268215,4.005264512162137,-2.0970818337113997,5.523029082695343
5,25.0,475.8765281622029,0.0,396.29875510376814,10875.0,326.25,10875.0,11248.0,640.5,0.0,46.75,11248.0,10607.5,1479.6612328205385,209.20650882268262,44.38983698461615,164.81667183806647,False,72.39081023124322,72.21954932823881,29.112285598286473,59.186449312821544,29.593224656410772,0.1494342354108369,28.55259168973217,19.81493775518841,19.81493775518841,25.171260903004413,5.666525125017085,30.0,30.0,0.0,False,42.21954932823881,0.0,0.0,0.0,0.0,17.219549328238813,0.0,False,25.0,428.65697883396405,0.0,376.7940193257808,25.0,25.0,1673.652070581461,868.0962913629942,0143,downside,1.5938006288698314,12.094663690308494,3.7305292390364033,4.325350317115544,-2.136728610166572,7.76931337319295
1,60.0,650.0,0.0,500.0,12600.0,378.0,12600.0,13038.0,650.0,0.0,60.0,13038.0,12388.0,1680.0,364.1423929872983,50.4,313.74239298729833,False,170.5067947404737,173.65408979740306,62.43559824682458,67.2,33.6,0.0,39.0,25.0,25.0,56.85270494307066,11.000488136873711,30.0,30.0,0.0,False,143.65408979740306,0.0,0.0,0.0,0.0,99.24607660142745,0.0,False,44.40801319597561,520.7539233985725,0.0,454.14778319380304,44.40801319597561,44.40801319597561,0.0,0.0,0144,base,2.386088327450561,7.630290897094635,2.555301748206111,5.689724890426536,-0.16921342075555001,1.9405660066680985
2,44.40801319597561,520.7539233985725,0.0,454.14778319380304,12600.0,378.0,12600.0,13038.0,650.0,0.0,60.0,13038.0,12388.0,1775.2787250312874,384.79419235257916,53.25836175093862,331.53583060164055,False,188.52904277758842,181.29799613663022,69.39580150950901,71.0111490012515,35.50557450062575,1.9055745006257467,31.24523540391435,22.707389159690152,22.707389159690152,51.63905983693382,11.6243646156851,30.0,30.0,0.0,False,151.29799613663022,0.0,0.0,0.0,0.0,103.61469075247994,0.0,False,47.68330538415027,387.1392326460926,0.0,414.13308797255434,47.68330538415027,47.68330538415027,0.0,0.0,0144,base,1.879681295833373,9.76197105373425,1.9584209694724246,7.132075510042093,-0.07873967363905154,2.6298955436921565
3,47.68330538415027,387.1392326460926,0.0,414.13308797255434,12600.0,378.0,12600.0,13038.0,650.0,0.0,60.0,13038.0,12388.0,1875.9610425885198,406.61722809472064,56.27883127765559,350.3383968170651,False,209.02928456772395,209.62341743654153,76.60084711491794,75.0384417035408,37.5192208517704,2.0136463511446507,23.228353958765553,20.70665439862772,20.70665439862772,47.08917251533271,12.28362332990015,30.0,30.0,0.0,False,179.62341743654153,0.0,0.0,0.0,0.0,119.80311991863681,0.0,False,59.82029751790472,237.33611272745577,0.0,379.32753878712174,59.82029751790472,59.82029751790472,0.0,0.0,0144,base,1.3986349179106454,13.344799698871524,1.3694534208642957,9.25497099686556,0.029181497046349758,4.089828702005965
4,59.82029751790472,237.33611272745577,0.0,379.32753878712174,12600.0,378.0,12600.0,13038.0,650.0,0.0,60.0,13038.0,12388.0,1982.3534094612571,429.67792515937606,59.470602283837714,370.20732287553835,False,230.79920294733387,247.48790718634777,84.25019479313373,79.29413637845029,39.647068189225145,2.127847337454746,14.240166763647347,18.96637693935609,18.96637693935609,43.13159327889085,12.98027093087483,30.0,30.0,0.0,False,217.48790718634777,0.0,0.0,0.0,0.0,141.4432785498989,0.0,False,76.04462863644886,65.89283417755686,0.0,349.1762164391057,76.04462863644886,76.04462863644886,0.0,0.0,0144,base,0.9385692939239448,20.682147382228134,0.7890198730932311,12.939555799675501,0.14954942083071376,7.742591582552633
5,76.04462863644886,65.89283417755686,0.0,349.1762164391057,12600.0,378.0,12600.0,13038.0,650.0,0.0,60.0,13038.0,12388.0,2094.7796626844083,454.04647568513457,62.84338988053225,391.2030858046023,False,254.14670700768812,290.4881108314365,92.4476762329984,83.79118650737634,41.89559325368817,2.248525064463024,3.9535700506534117,17.458810821955286,17.458810821955286,39.70322481270051,13.716427874240566,30.0,30.0,0.0,False,260.4881108314365,0.0,0.0,0.0,0.0,35.892834177556864,0.0,False,224.5952766538796,0.0,0.0,323.1894195006458,224.5952766538796,224.5952766538796,3632.3718054810765,3479.2920855520942,0144,base,0.5351347509606488,40.069277631013506,0.2171454864790929,21.204857058467667,0.31798926448155584,18.86442057254584
1,51.0,682.5,0.0,520.0,12600.0,378.0,12600.0,13029.0,682.5,0.0,51.0,13029.0,12346.5,1680.0,366.51001554321056,50.4,316.1100155432106,False,170.07001165740792,168.38867065320213,62.29000388580265,67.2,33.6,0.0,40.949999999999996,26.0,26.0,52.681341004205784,8.388186337318361,30.0,30.0,0.0,False,138.38867065320213,0.0,0.0,0.0,0.0,111.92373561497632,0.0,False,26.464935038225804,540.5762643850237,0.0,475.70684533311265,26.464935038225804,26.464935038225804,0.0,0.0,0145,downside,2.6374771535482004,6.912910130178436,2.7006579157540473,5.474384100720099,-0.0631807622058469,1.4385260294583375
2,26.464935038225804,540.5762643850237,0.0,475.70684533311265,12600.0,378.0,12600.0,13029.0,682.5,0.0,51.0,13029.0,12346.5,1679.8871126332308,366.4853879535979,50.396613378996925,316.088774574601,False,178.10502895463603,156.37597449857589,64.96721411121099,67.19548450532923,33.59774225266462,-0.002257747335384863,32.43457586310142,23.785342266655633,23.785342266655633,48.19398949428594,8.387622694301939,30.0,30.0,0.0,False,126.37597449857589,0.0,0.0,0.0,0.0,101.37597449857589,0.0,False,25.0,409.2002898864478,0.0,435.90047853312865,25.0,25.0,0.0,0.0,0145,downside,2.212411607122195,8.313294208673351,2.237744792497464,6.518781957450382,-0.02533318537526874,1.7945122512229696
3,25.0,409.2002898864478,0.0,435.90047853312865,12600.0,378.0,12600.0,13029.0,682.5,0.0,51.0,13029.0,12346.5,1679.7742328519125,366.4607620188328,50.39322698555738,316.0675350332754,False,185.4948855521813,166.33368987237316,67.43012342835803,67.1909693140765,33.59548465703825,-0.0022575956263679586,24.55201739318687,21.795023926656434,21.795023926656434,44.16119567980814,8.38705908915943,30.0,30.0,0.0,False,136.33368987237316,0.0,0.0,0.0,0.0,110.55784131392178,0.0,False,25.775848558451372,268.64244857252606,0.0,400.12634194247994,25.775848558451372,25.775848558451372,0.0,0.0,0145,downside,1.7800447765239211,10.496721277709796,1.7546024256848285,7.90688578133539,0.02544235083909263,2.5898354963744055
4,25.775848558451372,268.64244857252606,0.0,400.12634194247994,12600.0,378.0,12600.0,13029.0,682.5,0.0,51.0,13029.0,12346.5,1679.6613606555354,366.43613773880384,50.38984081966606,316.0462969191378,False,193.14671851811886,178.3856588753448,69.98035822691556,67.18645442622142,33.59322721311071,-0.002257443927540237,16.118546914351562,20.006317097123997,20.006317097123997,40.536908201225444,8.386495521888293,30.0,30.0,0.0,False,148.3856588753448,0.0,0.0,0.0,0.0,118.56848352100091,0.0,False,29.817175354343888,120.07396505152515,0.0,367.97592926314275,29.817175354343888,29.817175354343888,0.0,0.0,0145,downside,1.3379913088168356,14.39571749278505,1.2505118130214354,10.14359909070939,0.08747949579540015,4.252118402075659
5,29.817175354343888,120.07396505152515,0.0,367.97592926314275,12600.0,378.0,12600.0,13029.0,682.5,0.0,51.0,13029.0,12346.5,1679.54849604359,366.4115151134,50.38645488130769,316.0250602320923,False,201.02314173118583,193.560575910816,72.60545646646092,67.1819398417436,33.5909699208718,-0.0022572922389088035,7.204437903091509,18.398796463157137,18.398796463157137,37.279741174713706,8.385931992485979,30.0,30.0,0.0,False,163.560575910816,0.0,0.0,0.0,0.0,90.07396505152515,0.0,False,73.48661085929085,0.0,0.0,339.082120080915,73.48661085929085,73.48661085929085,2931.2921209072,2621.727229871968,0145,downside,0.8839134191342384,23.38940750670693,0.7248557926445774,14.311141704675423,0.15905762648966093,9.078265802031508
1,38.25,546.0,0.0,405.6,9000.0,270.0,9000.0,9308.25,546.0,0.0,38.25,9308.25,8762.25,1200.0,195.24620034716244,36.0,159.24620034716244,False,67.65465026037182,64.29898139362543,26.551550086790613,48.0,24.0,0.0,32.76,20.28,20.28,41.6056688667464,15.327687925874764,30.0,30.0,0.0,False,34.298981393625425,0.0,0.0,0.0,0.0,9.298981393625425,0.0,False,25.0,506.7010186063746,0.0,379.3220190591284,25.0,25.0,0.0,0.0,0146,downside,3.318542151871519,5.438700064026619,4.409934923878361,3.6811123745694276,-1.0913927720068424,1.7575876894571918
2,25.0,506.7010186063746,0.0,379.3220190591284,9000.0,270.0,9000.0,9308.25,546.0,0.0,38.25,9308.25,8762.25,1186.2906846628755,193.01562390638358,35.58872053988626,157.42690336649733,False,69.45533543298254,55.54521137272671,27.01468532428961,47.45162738651502,23.72581369325751,-0.27418630674248945,30.402061116382473,18.96610095295642,18.96610095295642,38.910124060255825,15.15257783657072,30.0,30.0,0.0,False,25.545211372726712,0.0,0.0,0.0,0.0,0.5452113727267118,0.0,False,25.0,476.15580723364786,0.0,355.5644728354433,25.0,25.0,0.0,0.0,0146,downside,3.0148652393288136,5.984876335925129,4.1795594768036315,3.9097186489399385,-1.164694237474818,2.075157686985191
3,25.0,476.15580723364786,0.0,355.5644728354433,9000.0,270.0,9000.0,9308.25,546.0,0.0,38.25,9308.25,8762.25,1172.7379904315949,190.81053052877988,35.182139712947844,155.62839081583203,False,70.5042880353404,59.03116742988995,27.320204685010246,46.9095196172638,23.4547598086319,-0.2710538846256121,28.56934843401887,17.77822364177217,17.77822364177217,36.47312060545045,14.979468280127493,30.0,30.0,0.0,False,29.031167429889948,0.0,0.0,0.0,0.0,4.031167429889948,0.0,False,25.0,442.12463980375793,0.0,334.07082051012037,25.0,25.0,0.0,0.0,0146,downside,2.7084477549229966,6.6687873293873094,3.936865843997933,4.116947705842113,-1.2284180890749363,2.551839623545196
4,25.0,442.12463980375793,0.0,334.07082051012037,9000.0,270.0,9000.0,9308.25,546.0,0.0,38.25,9308.25,8762.25,1159.3401279993845,188.630629084894,34.78020383998153,153.85042524491246,False,71.63911034203612,62.370767304101356,27.65485145779524,46.37360511997538,23.18680255998769,-0.26795724864420833,26.527478388225475,16.70354102550602,16.70354102550602,34.26834303793476,14.808336401598558,30.0,30.0,0.0,False,32.370767304101356,0.0,0.0,0.0,0.0,7.370767304101356,0.0,False,25.0,404.75387249965655,0.0,314.6108138737842,25.0,25.0,0.0,0.0,0146,downside,2.397262045695844,7.555589629781976,3.681081326728434,4.3633167027511535,-1.28381928103259,3.1922729270308228
5,25.0,404.75387249965655,0.0,314.6108138737842,9000.0,270.0,9000.0,9308.25,546.0,0.0,38.25,9308.25,8762.25,1146.0953285012797,186.4756317712565,34.38285985503839,152.0927719162181,False,72.86169185936143,65.58951892067739,28.019249718137377,45.84381314005119,22.921906570025595,-0.2648959899620955,24.285232349979392,15.73054069368921,15.73054069368921,32.272172938684044,14.639159607142114,30.0,30.0,0.0,False,35.58951892067739,0.0,0.0,0.0,0.0,10.589518920677392,0.0,False,25.0,364.16435357897916,0.0,296.9778005422423,25.0,25.0,1491.805054170052,833.2858242362798,0146,downside,2.079298087866209,8.758182653188593,3.411395623539466,4.660053213710466,-1.332097535673257,4.098129439478127
1,35.0,470.0,0.0,360.0,7350.0,220.5,7350.0,7605.5,470.0,0.0,35.0,7605.5,7135.5,980.0,203.7188341597975,29.4,174.3188341597975,False,86.28912561984812,75.86859450096492,32.029708539949375,39.2,19.6,0.0,28.2,18.0,18.0,45.420531118883204,8.820846047712019,30.0,30.0,0.0,False,45.86859450096492,0.0,0.0,0.0,0.0,20.868594500964917,0.0,False,25.0,419.13140549903505,0.0,323.4003149288288,25.0,25.0,0.0,0.0,0147,base,3.565153391098257,5.048637905357863,3.5221668305102822,4.409498574887391,0.042986560587974676,0.6391393304704716
2,25.0,419.13140549903505,0.0,323.4003149288288,7350.0,220.5,7350.0,7605.5,470.0,0.0,35.0,7605.5,7135.5,990.6430082917692,205.931263997708,29.719290248753076,176.2119737489549,False,91.05126500567542,75.24844814989348,33.723518418142845,39.62572033167077,19.812860165835385,0.2128601658353837,25.1478843299421,16.17001574644144,16.17001574644144,40.802816855781934,8.916642310595916,30.0,30.0,0.0,False,45.24844814989348,0.0,0.0,0.0,0.0,20.248448149893477,0.0,False,25.0,368.8829573491416,0.0,291.51414038364277,25.0,25.0,0.0,0.0,0147,base,3.1509302761149884,5.690655795649617,3.085481463076225,4.9840689777797795,0.06544881303876338,0.7065868178698373
3,25.0,368.8829573491416,0.0,291.51414038364277,7350.0,220.5,7350.0,7605.5,470.0,0.0,35.0,7605.5,7135.5,1001.4016019156799,208.16772129389383,30.042048057470396,178.12567323642344,False,95.83355369058458,84.05375623255753,35.3542471940732,40.056064076627194,20.028032038313597,0.21517187247821212,22.132977440948494,14.57570701918214,14.57570701918214,36.77979745802704,9.01347894125552,30.0,30.0,0.0,False,54.05375623255753,0.0,0.0,0.0,0.0,29.053756232557532,0.0,False,25.0,309.82920111658404,0.0,263.7478218668713,25.0,25.0,0.0,0.0,0147,base,2.7525922439085684,6.497351681711364,2.635264581721425,5.670803090750505,0.1173276621871433,0.8265485909608588
4,25.0,309.82920111658404,0.0,263.7478218668713,7350.0,220.5,7350.0,7605.5,470.0,0.0,35.0,7605.5,7135.5,1012.2770361530058,210.42846699165872,30.368311084590175,180.06015590706855,False,100.8719805137709,92.59540787309896,37.07075318668249,40.49108144612023,20.245540723060117,0.21750868474651952,18.589752066995043,13.187391093343564,13.187391093343564,33.27657264067192,9.111367238305998,30.0,30.0,0.0,False,62.595407873098964,0.0,0.0,0.0,0.0,37.595407873098964,0.0,False,25.0,242.23379324348508,0.0,239.58261646450535,25.0,25.0,0.0,0.0,0147,base,2.365944961987423,7.551636784258886,2.1708869348275885,6.622007080054218,0.19505802715983434,0.9296297042046673
5,25.0,242.23379324348508,0.0,239.58261646450535,7350.0,220.5,7350.0,7605.5,470.0,0.0,35.0,7605.5,7135.5,1023.2705799176425,212.71376486820617,30.698117397529273,182.0156474706769,False,106.17429011516272,100.9465965410807,38.87562226321063,40.9308231967057,20.46541159835285,0.21987087529273452,14.534027594609105,11.979130823225269,11.979130823225269,30.227693574082014,9.21031862306788,30.0,30.0,0.0,False,70.9465965410807,0.0,0.0,0.0,0.0,45.946596541080694,0.0,False,25.0,166.2871967024044,0.0,218.5652415134912,25.0,25.0,1701.7101189456494,1316.3320289455692,0147,base,1.9872594527071759,9.00193350550068,1.691721447546444,8.022950774703698,0.2955380051607319,0.9789827307969823
1,51.0,682.5,0.0,520.0,12600.0,378.0,12600.0,13029.0,682.5,0.0,51.0,13029.0,12346.5,1680.0,338.94548109392105,50.4,288.54548109392107,False,149.3966108204408,146.08878473164867,55.39887027348027,67.2,33.6,0.0,40.949999999999996,26.0,26.0,54.30782608879214,15.775383822404741,30.0,30.0,0.0,False,116.08878473164867,0.0,0.0,0.0,0.0,79.37388126042427,0.0,False,36.7149034712244,573.1261187395758,0.0,481.4675577336126,36.7149034712244,36.7149034712244,0.0,0.0,0148,downside,2.6094448105973806,6.962882154211289,3.0030752135028815,5.062665886391652,-0.3936304029055009,1.900216267819637
2,36.7149034712244,573.1261187395758,0.0,481.4675577336126,12600.0,378.0,12600.0,13029.0,682.5,0.0,51.0,13029.0,12346.5,1744.9551378656688,352.05039207808835,52.348654135970065,299.70173794211826,False,162.18194056232727,148.6132740474122,60.31019823276577,69.79820551462676,34.89910275731338,1.2991027573133778,34.38756712437454,24.073377886680632,24.073377886680632,50.28356998613947,16.385319674231017,30.0,30.0,0.0,False,118.6132740474122,0.0,0.0,0.0,0.0,80.74550274088699,0.0,False,37.86777130652521,462.38061599868877,0.0,447.56930742170414,37.86777130652521,37.86777130652521,0.0,0.0,0148,downside,2.179057188892246,8.372558191483538,2.477151486655442,6.02197573117428,-0.29809429776319574,2.3505824603092584
3,37.86777130652521,462.38061599868877,0.0,447.56930742170414,12600.0,378.0,12600.0,13029.0,682.5,0.0,51.0,13029.0,12346.5,1812.421686407021,365.66198835969254,54.37265059221063,311.2893377674819,False,176.40247874245927,167.52694983717862,65.29200885911885,72.49686745628084,36.24843372814042,1.3493309708270402,27.742836959921323,22.37846537108521,22.37846537108521,46.743300211805874,17.018837947095736,30.0,30.0,0.0,False,137.52694983717862,0.0,0.0,0.0,0.0,91.02180053535999,0.0,False,46.50514930181863,341.35881546332877,0.0,417.844845156994,46.50514930181863,46.50514930181863,0.0,0.0,0148,downside,1.7630768020252119,10.43845952120788,1.9490637091253808,7.295540445952921,-0.18598690710016896,3.1429190752549596
4,46.50514930181863,341.35881546332877,0.0,417.844845156994,12600.0,378.0,12600.0,13029.0,682.5,0.0,51.0,13029.0,12346.5,1882.4967462351735,379.7998603038226,56.4749023870552,323.3249579167674,False,191.23692138942363,194.10313764723395,70.48779668277949,75.29986984940695,37.64993492470347,1.4015011965630535,20.481528927799726,20.892242257849702,20.892242257849702,43.63893304400829,17.676850426361856,30.0,30.0,0.0,False,164.10313764723395,0.0,0.0,0.0,0.0,105.46134275939133,0.0,False,58.64179488784262,205.89747270393744,0.0,391.88276253934754,58.64179488784262,58.64179488784262,0.0,0.0,0148,downside,1.3585046225213058,13.780450166603718,1.4195330138461775,9.179725449720591,-0.0610283913248717,4.600724716883127
5,58.64179488784262,205.89747270393744,0.0,391.88276253934754,12600.0,378.0,12600.0,13029.0,682.5,0.0,51.0,13029.0,12346.5,1955.2811722371846,394.48435571298717,58.658435167115535,335.8259205458716,False,206.89995030008896,224.61424342796562,75.969483514167,78.21124688948738,39.10562344474369,1.4556885200402192,12.353848362236246,19.59413812696738,19.59413812696738,40.92750175996599,18.3603041504542,30.0,30.0,0.0,False,194.61424342796562,0.0,0.0,0.0,0.0,122.03882946935768,0.0,False,72.57541395860794,53.85864323457976,0.0,369.3155649298358,72.57541395860794,72.57541395860794,3155.8748457038973,2757.9379288125315,0148,downside,0.962732235543913,20.153614085288922,0.8887520864348061,12.347706352207755,0.07398014910910689,7.805907733081167
1,45.0,520.0,0.0,390.0,9000.0,270.0,9000.0,9315.0,520.0,0.0,45.0,9315.0,8795.0,1200.0,281.65399421828096,36.0,245.65399421828096,False,134.21549566371073,133.85076787704128,48.73849855457024,48.0,24.0,0.0,31.2,19.5,19.5,45.36472778666944,6.944631246873304,30.0,30.0,0.0,False,103.85076787704128,0.0,0.0,0.0,0.0,75.62239889411848,0.0,False,28.228368982922802,414.3776011058815,0.0,351.57990346020387,28.228368982922802,28.228368982922802,0.0,0.0,0149,base,2.9400717769184017,6.142497970960781,2.6192745380043316,5.5553056058832535,0.3207972389140701,0.5871923650775273
2,28.228368982922802,414.3776011058815,0.0,351.57990346020387,9000.0,270.0,9000.0,9315.0,520.0,0.0,45.0,9315.0,8795.0,1247.0151223422529,292.68899171524487,37.410453670267586,255.27853804497727,False,146.21721143394308,133.54987114574877,53.20922170140355,49.88060489369012,24.94030244684506,0.9403024468450596,24.86265606635289,17.578995173010195,17.578995173010195,40.895709271117106,7.216716819951287,30.0,30.0,0.0,False,103.54987114574877,0.0,0.0,0.0,0.0,75.45239962552525,0.0,False,28.09747152022352,308.9252014803563,0.0,317.90091100903805,28.09747152022352,28.09747152022352,0.0,0.0,0149,base,2.44462706335754,7.398617882453226,2.04561380139527,6.896267773950004,0.39901326196227016,0.5023501085032223
3,28.09747152022352,308.9252014803563,0.0,317.90091100903805,9000.0,270.0,9000.0,9315.0,520.0,0.0,45.0,9315.0,8795.0,1295.8722627918867,304.1563323433473,38.8761678837566,265.2801644595907,False,159.20133967832655,150.32063609326997,57.71240170507936,51.83489051167547,25.917445255837734,0.9771428089926744,18.535512088821378,15.895045550451904,15.895045550451904,36.9781751052801,7.499462506784124,30.0,30.0,0.0,False,120.32063609326997,0.0,0.0,0.0,0.0,84.92747023390599,0.0,False,35.393165859363975,193.99773124645031,0.0,288.4221984105421,35.393165859363975,35.393165859363975,0.0,0.0,0149,base,1.970158678548608,9.229276992424325,1.46972696689741,8.833906657277335,0.500431711651198,0.39537033514698905
4,35.393165859363975,193.99773124645031,0.0,288.4221984105421,9000.0,270.0,9000.0,9315.0,520.0,0.0,45.0,9315.0,8795.0,1346.6435902711307,316.0729549902585,40.39930770813392,275.6736472821246,False,172.7276426628116,174.57159180800377,62.40316837170262,53.86574361084523,26.932871805422614,1.0154265495848804,11.639863874787018,14.421109920527105,14.421109920527105,33.54921671417181,7.793285962832121,30.0,30.0,0.0,False,144.57159180800377,0.0,0.0,0.0,0.0,98.62866504743059,0.0,False,45.94292676057319,65.36906619901973,0.0,262.6662676592024,45.94292676057319,45.94292676057319,0.0,0.0,0149,base,1.5123510631515675,12.16918239121065,0.8924914411178999,12.12820969288146,0.6198596220336676,0.04097269832919004
5,45.94292676057319,65.36906619901973,0.0,262.6662676592024,9000.0,270.0,9000.0,9315.0,520.0,0.0,45.0,9315.0,8795.0,1399.4041012278042,328.4564621968789,41.982123036834125,286.47433916004474,False,187.01491012244605,202.40454526481366,67.35472045128586,55.97616404911217,27.988082024556086,1.0552102191334711,3.9221439719411837,13.13331338296012,13.13331338296012,30.55329161820557,8.098621206991051,30.0,30.0,0.0,False,172.40454526481366,0.0,0.0,0.0,0.0,35.36906619901973,0.0,False,137.03547906579394,0.0,0.0,240.21159724798784,137.03547906579394,137.03547906579394,2627.651697575031,2485.0608039292115,0149,base,1.0675089325653568,17.710643293391147,0.3141241840458888,19.258144496634614,0.753384748519468,-1.547501203243467
1,36.0,780.0,0.0,550.0,12600.0,378.0,12600.0,13014.0,780.0,0.0,36.0,13014.0,12234.0,1680.0,286.17825066685197,50.4,235.77825066685196,False,104.30868800013899,77.17267819143072,40.369562666712994,67.2,33.6,0.0,46.8,27.5,27.5,63.13600980870827,22.48362507518581,30.0,30.0,0.0,False,47.17267819143072,0.0,0.0,0.0,0.0,22.17267819143072,0.0,False,25.0,727.8273218085693,0.0,509.3476152664776,25.0,25.0,0.0,0.0,0150,distressed,3.151346342214637,5.731804295012114,4.235733967380258,3.85165882458751,-1.0843876251656215,1.880145470424604
2,25.0,727.8273218085693,0.0,509.3476152664776,12600.0,378.0,12600.0,13014.0,780.0,0.0,36.0,13014.0,12234.0,1595.0059581431378,271.7000088717912,47.85017874429413,223.84983012749709,False,101.78442879745016,68.31501782743835,38.67820251391476,63.800238325725516,31.900119162862758,-1.6998808371372434,43.66963930851416,25.46738076332388,25.46738076332388,58.46941097001181,21.346140449748702,30.0,30.0,0.0,False,38.31501782743835,0.0,0.0,0.0,0.0,13.315017827438353,0.0,False,25.0,684.5123039811309,0.0,472.22434474621446,25.0,25.0,0.0,0.0,0150,distressed,2.905636088326547,6.226321964202166,4.16539054756301,3.9298773448649733,-1.2597544592364636,2.2964446193371923
3,25.0,684.5123039811309,0.0,472.22434474621446,12600.0,378.0,12600.0,13014.0,780.0,0.0,36.0,13014.0,12234.0,1514.3119086381603,257.9542458202681,45.42935725914481,212.5248885611233,False,97.35296171742652,68.14503287777592,36.96073327123618,60.57247634552641,30.286238172763206,-1.6138809900995525,41.070738238867854,23.611217237310726,23.611217237310726,54.207928839650606,20.26620309566037,30.0,30.0,0.0,False,38.14503287777592,0.0,0.0,0.0,0.0,13.145032877775918,0.0,False,25.0,641.367271103355,0.0,438.28261900222424,25.0,25.0,0.0,0.0,0150,distressed,2.6449906119341353,6.861371495316511,4.088515336322147,3.988040310798409,-1.4435247243880118,2.8733311845181015
4,25.0,641.367271103355,0.0,438.28261900222424,12600.0,378.0,12600.0,13014.0,780.0,0.0,36.0,13014.0,12234.0,1437.700307598198,244.90390417359956,43.13100922794594,201.7728949456536,False,93.18777474182312,67.87610977398535,35.344181932335275,57.50801230392792,28.75400615196396,-1.5322320207992455,38.4820362662013,21.914130950111215,21.914130950111215,50.31166496783778,19.24090159911738,30.0,30.0,0.0,False,37.87610977398535,0.0,0.0,0.0,0.0,12.876109773985348,0.0,False,25.0,598.4911613293697,0.0,407.21185563350383,25.0,25.0,0.0,0.0,0150,distressed,2.366689587839187,7.70964855865434,4.004440109977604,4.054957714393721,-1.6377505221384165,3.654690844260619
5,25.0,598.4911613293697,0.0,407.21185563350383,12600.0,378.0,12600.0,13014.0,780.0,0.0,36.0,13014.0,12234.0,1364.9646170496117,232.513801386552,40.94893851148835,191.56486287506362,False,89.27616795069531,67.53120120251495,33.82370010340656,54.59858468198447,27.299292340992235,-1.4547138109717253,35.90946967976218,20.360592781675194,20.360592781675194,46.74496674818035,18.267471839665504,30.0,30.0,0.0,False,37.53120120251495,0.0,0.0,0.0,0.0,12.53120120251495,0.0,False,25.0,555.9599601268548,0.0,378.734360724989,25.0,25.0,1860.110411092416,922.5144340741857,0150,distressed,2.067754871732783,8.902975212965726,3.9124315005262225,4.132104910064687,-1.8446766287934393,4.77087030290104
1,29.75,493.5,0.0,374.40000000000003,7350.0,220.5,7350.0,7600.25,493.5,0.0,29.75,7600.25,7106.75,980.0,183.31331519531633,29.4,153.91331519531633,False,69.38748639648725,53.75579615431006,26.395828798829083,39.2,19.6,0.0,29.61,18.720000000000002,18.720000000000002,45.381690242177186,12.14444671245994,30.0,30.0,0.0,False,23.75579615431006,0.0,1.2442038456899382,1.2442038456899382,0.0,0.0,0.0,False,25.0,463.5,1.2442038456899382,341.16275647028283,25.0,25.0,0.0,0.0,0151,downside,3.8863649809652587,4.6302278081598685,4.259957654925031,3.7929508627212156,-0.3735926739597719,0.8372769454386528
2,25.0,463.5,1.2442038456899382,341.16275647028283,7350.0,220.5,7350.0,7600.25,493.5,0.0,29.75,7600.25,7106.75,959.923025100121,179.5578286361429,28.79769075300363,150.76013788313927,False,70.16532011865917,53.81237531016102,26.45433695722093,38.39692100400484,19.19846050200242,-0.4015394979975824,27.884652230741395,17.05813782351414,17.05813782351414,41.352944808498144,11.895646965705883,30.0,30.0,0.0,False,23.812375310161023,0.0,1.1876246898389766,1.1876246898389766,0.0,0.0,0.0,False,25.0,433.5,2.431828535528915,311.7054586274906,25.0,25.0,0.0,0.0,0151,downside,3.595539657373619,4.98313372880575,4.024537903203186,3.9952532635240994,-0.42899824582956647,0.9878804652816502
3,25.0,433.5,2.431828535528915,311.7054586274906,7350.0,220.5,7350.0,7600.25,493.5,0.0,29.75,7600.25,7106.75,940.2573613442526,175.87927963756673,28.207720840327575,147.67155879723916,False,70.43852177697451,57.65614845905637,26.482594038433223,37.6102944537701,18.80514722688505,-0.393313275117368,26.155909712131734,15.585272931374531,15.585272931374531,37.78237331791814,11.651944306983129,30.0,30.0,0.0,False,27.656148459056368,0.0,0.0,0.0,2.431828535528915,0.2243199235274531,0.0,False,25.0,403.27568007647255,0.0,285.5750296165556,25.0,25.0,0.0,0.0,0151,downside,3.3096819030416684,5.3932660173053595,3.7744679820216516,4.213567237413397,-0.46478607897998314,1.1796987798919627
4,25.0,403.27568007647255,0.0,285.5750296165556,7350.0,220.5,7350.0,7600.25,493.5,0.0,29.75,7600.25,7106.75,920.9945823206453,172.2760920021665,27.62983746961936,144.64625453254715,False,70.80353144261396,61.18847392402662,26.542740561782754,36.839783292825814,18.419891646412907,-0.38525558047214403,24.196540804588352,14.27875148082778,14.27875148082778,34.61505751858734,11.413234313732017,30.0,30.0,0.0,False,31.188473924026617,0.0,0.0,0.0,0.0,6.188473924026617,0.0,False,25.0,367.08720615244596,0.0,262.37320641170027,25.0,25.0,0.0,0.0,0151,downside,3.026188932574935,5.88036698802251,3.5086726517835376,4.4775772130382725,-0.48248371920860267,1.402789774984237
5,25.0,367.08720615244596,0.0,262.37320641170027,7350.0,220.5,7350.0,7600.25,493.5,0.0,29.75,7600.25,7106.75,902.1264342469963,168.7467218236188,27.063793027409886,141.6829287962089,False,71.26037569886088,64.45765245841591,26.634759026619285,36.08505736987985,18.042528684939924,-0.37736296147298276,22.025232369146757,13.118660320585015,13.118660320585015,31.802723240444973,11.179414702667492,30.0,30.0,0.0,False,34.45765245841591,0.0,0.0,0.0,0.0,9.457652458415907,0.0,False,25.0,327.62955369403005,0.0,241.74989787392278,25.0,25.0,1349.9737745889504,785.3447164021633,0151,downside,2.742549612078496,6.473764042504489,3.2260149748980678,4.801594499317449,-0.483465362819572,1.6721695431870396
1,60.0,650.0,0.0,500.0,12600.0,378.0,12600.0,13038.0,650.0,0.0,60.0,13038.0,12388.0,1680.0,378.695958937845,50.4,328.295958937845,False,181.42196920338375,188.25241731471505,66.07398973446125,67.2,33.6,0.0,39.0,25.0,25.0,53.169551888668714,13.455086187647776,30.0,30.0,0.0,False,158.25241731471505,0.0,0.0,0.0,0.0,109.83042812661138,0.0,False,48.421989188103666,510.16957187338863,0.0,460.2855342989791,48.421989188103666,48.421989188103666,0.0,0.0,0152,base,2.432446757926715,7.493632074496307,2.4347582677416333,5.917124358403828,-0.0023115098149184554,1.576507716092479
2,48.421989188103666,510.16957187338863,0.0,460.2855342989791,12600.0,378.0,12600.0,13038.0,650.0,0.0,60.0,13038.0,12388.0,1743.714180413675,393.05804384837796,52.311425412410244,340.7466184359677,False,196.63020014405132,196.10583813312863,71.78054185215386,69.748567216547,34.8742836082735,1.2742836082734996,30.610174312403316,23.014276714948956,23.014276714948956,48.946351199026346,13.96537177624381,30.0,30.0,0.0,False,166.10583813312863,0.0,0.0,0.0,0.0,114.41227936150324,0.0,False,51.69355877162539,365.7572925118854,0.0,425.3045548761965,51.69355877162539,51.69355877162539,0.0,0.0,0152,base,1.9580301318626152,9.392125464127009,1.8810664231099354,7.329828768743767,0.07696370875267977,2.0622966953832416
3,51.69355877162539,365.7572925118854,0.0,425.3045548761965,12600.0,378.0,12600.0,13038.0,650.0,0.0,60.0,13038.0,12388.0,1809.8447279617467,407.9648123714743,54.2953418388524,353.6694705326219,False,213.42304569799526,219.8900992716665,77.61470130952475,72.39378911846987,36.196894559234934,1.3226109509614332,21.945437550713123,21.265227743809827,21.265227743809827,45.22650519795416,14.495010000586456,30.0,30.0,0.0,False,189.8900992716665,0.0,0.0,0.0,0.0,128.28851861931673,0.0,False,61.60158065234975,207.46877389256866,0.0,394.57305967882877,61.60158065234975,61.60158065234975,0.0,0.0,0152,base,1.4963620441014822,12.508861226762543,1.3247227126709822,9.44129903094051,0.17163933143050003,3.067562195822033
4,61.60158065234975,207.46877389256866,0.0,394.57305967882877,12600.0,378.0,12600.0,13038.0,650.0,0.0,60.0,13038.0,12388.0,1878.4832836272785,423.43692169163336,56.35449850881835,367.082423182815,False,231.02162887440613,250.66466398582736,83.72641094132985,75.13933134509114,37.56966567254557,1.372771113310634,12.448126433554119,19.72865298394144,19.72865298394144,41.95854554092853,15.044734811464664,30.0,30.0,0.0,False,220.66466398582736,0.0,0.0,0.0,0.0,146.24304832033957,0.0,False,74.42161566548779,31.225725572229095,0.0,367.6592489493649,74.42161566548779,74.42161566548779,0.0,0.0,0152,base,1.0444312143774295,18.614507792566073,0.7662613773968338,13.15970489766906,0.2781698369805957,5.454802894897012
5,74.42161566548779,31.225725572229095,0.0,367.6592489493649,12600.0,378.0,12600.0,13038.0,650.0,0.0,60.0,13038.0,12388.0,1949.7249638874578,439.4958124192952,58.49174891662373,381.00406350267144,False,249.63858489657395,284.9636455333373,90.18688938021737,77.98899855549831,38.994499277749156,1.4248336052035881,1.8735435343337457,18.382962447468245,18.382962447468245,39.09655502872445,15.615307994829877,30.0,30.0,0.0,False,254.96364553333729,0.0,0.0,0.0,0.0,1.225725572229095,0.0,False,253.7379199611082,0.0,0.0,344.1780019154703,253.7379199611082,253.7379199611082,3515.9664993543615,3372.786919909684,0152,base,0.6146112070030717,34.946218843903516,0.20578144182197336,21.69652618344589,0.40882976518109837,13.249692660457626
1,35.0,470.0,0.0,360.0,7350.0,220.5,7350.0,7605.5,470.0,0.0,35.0,7605.5,7135.5,980.0,198.45310732720685,29.4,169.05310732720685,False,82.33983049540514,72.77599712295492,30.713276831801714,39.2,19.6,0.0,28.2,18.0,18.0,44.56383337245022,8.129649524480254,30.0,30.0,0.0,False,42.77599712295492,0.0,0.0,0.0,0.0,17.77599712295492,0.0,False,25.0,422.2240028770451,0.0,323.56581615203004,25.0,25.0,0.0,0.0,0153,base,3.3950722196763823,5.30486733649334,3.6320409830653166,4.295521803619196,-0.23696876338893436,1.0093455328741436
2,25.0,422.2240028770451,0.0,323.56581615203004,7350.0,220.5,7350.0,7605.5,470.0,0.0,35.0,7605.5,7135.5,1037.3338828679073,210.06340039891123,31.120016486037215,178.94338391287403,False,91.55372321345013,76.50002011339477,34.35791323316245,41.49335531471629,20.746677657358145,1.1466776573581434,25.333440172622705,16.178290807601503,16.178290807601503,40.05370310005536,8.605266232228916,30.0,30.0,0.0,False,46.50002011339477,0.0,0.0,0.0,0.0,21.50002011339477,0.0,False,25.0,370.7239827636503,0.0,292.1173792842036,25.0,25.0,0.0,0.0,0153,base,2.83969543467417,6.3266934293099295,3.036423102913647,5.060338257129856,-0.19672766823947718,1.2663551721800737
3,25.0,370.7239827636503,0.0,292.1173792842036,7350.0,220.5,7350.0,7605.5,470.0,0.0,35.0,7605.5,7135.5,1098.0220250467441,222.35294161656992,32.940660751402326,189.4122808651676,False,102.22824660730961,91.06749600837048,38.1407432337846,43.920881001869766,21.960440500934883,1.2137628435767382,22.243438965819017,14.605868964210181,14.605868964210181,36.16075059893914,9.108708401826641,30.0,30.0,0.0,False,61.06749600837048,0.0,0.0,0.0,0.0,36.06749600837048,0.0,False,25.0,304.65648675527984,0.0,265.06533708709105,25.0,25.0,0.0,0.0,0153,base,2.325137226996042,7.725568885958768,2.44980713941577,6.034114454436478,-0.12466991241972769,1.6914544315222892
4,25.0,304.65648675527984,0.0,265.06533708709105,7350.0,220.5,7350.0,7605.5,470.0,0.0,35.0,7605.5,7135.5,1162.2606639961446,235.3614696879771,34.86781991988433,200.49364976809275,False,113.8133658623666,106.00134498802916,42.24024842710535,46.49042655984578,23.24521327992289,1.2847727789880068,18.27938920531679,13.253266854354553,13.253266854354553,32.81202087433743,9.641603933039143,30.0,30.0,0.0,False,76.00134498802916,0.0,0.0,0.0,0.0,51.00134498802916,0.0,False,25.0,223.65514176725068,0.0,241.89492014579278,25.0,25.0,0.0,0.0,0153,base,1.8441694134078117,9.773258080132965,1.8718019669790835,7.4640547007073215,-0.027632553571271812,2.309203379425644
5,25.0,223.65514176725068,0.0,241.89492014579278,7350.0,220.5,7350.0,7605.5,470.0,0.0,35.0,7605.5,7135.5,1230.2575178446457,249.1310481927822,36.90772553533937,212.22332265744285,False,126.36943885267213,121.4256474220631,46.67731703602954,49.21030071378583,24.605150356892914,1.3599370769700236,13.41930850603504,12.09474600728964,12.09474600728964,29.943791430609057,10.205675964218347,30.0,30.0,0.0,False,91.4256474220631,0.0,0.0,0.0,0.0,64.38594062625137,0.0,False,27.039706795811725,129.26920114099931,0.0,222.1568046794021,27.039706795811725,27.039706795811725,1993.0483855422576,1638.7663607345341,0153,base,1.3908089354086925,13.083871814585903,1.3020709436969637,9.76446327112274,0.0887379917117288,3.3194085434631635
1,55.0,610.0,0.0,470.0,10875.0,326.25,10875.0,11256.25,610.0,0.0,55.0,11256.25,10646.25,1450.0,285.50223504762965,43.5,242.00223504762965,False,121.92667628572224,134.72558854091034,45.475558761907415,58.0,29.0,0.0,36.6,23.5,23.5,42.20108774481189,13.27695393616027,30.0,30.0,0.0,False,104.72558854091034,0.0,0.0,0.0,0.0,72.50907620072836,0.0,False,32.21651234018198,507.4909237992716,0.0,441.0758661913484,32.21651234018198,32.21651234018198,0.0,0.0,0154,base,2.837177693125219,6.410753027030789,3.209608070134952,4.750453162190177,-0.3724303770097328,1.6602998648406118
2,32.21651234018198,507.4909237992716,0.0,441.0758661913484,10875.0,326.25,10875.0,11256.25,610.0,0.0,55.0,11256.25,10646.25,1478.9676036465742,291.20590096836816,44.36902810939722,246.83687285897093,False,130.38118998168815,122.99369948940205,48.5834060303618,59.15870414586297,29.579352072931485,0.5793520729314849,30.449455427956295,22.05379330956742,22.05379330956742,39.60400283246809,13.54219637702683,30.0,30.0,0.0,False,92.99369948940205,0.0,0.0,0.0,0.0,66.19499402504728,0.0,False,26.798705464354768,411.29592977422436,0.0,415.0140597359071,26.798705464354768,26.798705464354768,0.0,0.0,0154,base,2.4366728175891192,7.501336534101458,2.7455188283860448,5.546435848649595,-0.30884601079692553,1.9549006854518636
3,26.798705464354768,411.29592977422436,0.0,415.0140597359071,10875.0,326.25,10875.0,11256.25,610.0,0.0,55.0,11256.25,10646.25,1508.5139121628208,297.0235127744338,45.25541736488462,251.76809540954918,False,139.07866218527215,128.61344264910434,51.58490915907509,60.34055648651283,30.170278243256416,0.5909261703249307,24.67775578645346,20.750702986795357,20.750702986795357,37.26392500052259,13.812737740581166,30.0,30.0,0.0,False,98.61344264910434,0.0,0.0,0.0,0.0,69.21952996813312,0.0,False,29.393912680971226,312.0763998060912,0.0,391.56287247596566,29.393912680971226,29.393912680971226,0.0,0.0,0154,base,2.0387947440920366,9.044925649788063,2.270006685003158,6.538269639676622,-0.23121194091112152,2.506656010111441
4,29.393912680971226,312.0763998060912,0.0,391.56287247596566,10875.0,326.25,10875.0,11256.25,610.0,0.0,55.0,11256.25,10646.25,1538.6504867165281,302.95734683771866,46.15951460149584,256.7978322362228,False,147.88209210980483,142.11775130360837,54.623776156014756,61.54601946866113,30.773009734330564,0.6027314910741488,18.724583988365474,19.578143623798283,19.578143623798283,35.15825348716769,14.088683886886843,30.0,30.0,0.0,False,112.11775130360837,0.0,0.0,0.0,0.0,76.48752527527739,0.0,False,35.63022602833098,205.58887453081383,0.0,370.4933028756848,35.63022602833098,35.63022602833098,0.0,0.0,0154,base,1.6415901520532605,11.410171457790133,1.7839209282079722,7.909550199801145,-0.14233077615471168,3.500621257988988
5,35.63022602833098,205.58887453081383,0.0,370.4933028756848,10875.0,326.25,10875.0,11256.25,610.0,0.0,55.0,11256.25,10646.25,1569.389119440537,309.0097250066929,47.0816735832161,261.9280514234768,False,156.99237650699726,159.35617618740923,57.767013451960935,62.775564777621476,31.387782388810738,0.6147726544801735,12.33533247184883,18.52466514378424,18.52466514378424,33.26642634791902,14.370142790843541,30.0,30.0,0.0,False,129.35617618740923,0.0,0.0,0.0,0.0,85.76521540836221,0.0,False,43.59096077904702,89.82365912245162,0.0,351.5970193186093,43.59096077904702,43.59096077904702,2472.0778000535433,2037.1669153907262,0154,base,1.243247164095005,15.51217994251951,1.287434295646835,10.013277669540539,-0.04418713155183007,5.49890227297897
1,30.0,390.0,0.0,300.0,5700.0,171.0,5700.0,5901.0,390.0,0.0,30.0,5901.0,5511.0,760.0,161.41946987533368,22.8,138.61946987533366,False,67.56460240650026,57.61645879456739,25.054867468833415,30.400000000000002,15.200000000000001,0.0,23.4,15.0,15.0,39.94814361193286,10.814408882709419,30.0,30.0,0.0,False,27.616458794567393,0.0,0.0,0.0,0.0,2.616458794567393,0.0,False,25.0,357.3835412054326,0.0,270.8662652707766,25.0,25.0,0.0,0.0,0155,base,4.11354881281989,4.3565494939895295,3.737156409583718,4.203632028003481,0.37639240323617207,0.15291746598604838
2,25.0,357.3835412054326,0.0,270.8662652707766,5700.0,171.0,5700.0,5901.0,390.0,0.0,30.0,5901.0,5511.0,762.4003852296576,161.9292973901599,22.872011556889724,139.05728583327016,False,70.38120851616432,59.31252696728137,26.01774002435134,30.496015409186302,15.248007704593151,0.04800770459315018,21.443012472325954,13.54331326353883,13.54331326353883,36.06868154888295,10.848565129221962,30.0,30.0,0.0,False,29.31252696728137,0.0,0.0,0.0,0.0,4.3125269672813715,0.0,False,25.0,323.07101423815124,0.0,245.6461488511156,25.0,25.0,0.0,0.0,0155,base,3.7192423192603306,4.787815635951281,3.357744224500707,4.628359622918756,0.36149809475962336,0.15945601303252488
3,25.0,323.07101423815124,0.0,245.6461488511156,5700.0,171.0,5700.0,5901.0,390.0,0.0,30.0,5901.0,5511.0,764.8083518399081,162.44073514503376,22.944250555197243,139.4964845898365,False,73.17619436913964,65.46583559573097,26.957479073247917,30.592334073596327,15.296167036798163,0.048159332205012007,19.384260854289074,12.282307442555782,12.282307442555782,32.71035877340868,10.882829254878754,30.0,30.0,0.0,False,35.465835595730965,0.0,0.0,0.0,0.0,10.465835595730965,0.0,False,25.0,282.60517864242024,0.0,223.8186193325857,25.0,25.0,0.0,0.0,0155,base,3.3450983624912993,5.2931483174277565,2.96368886502004,5.129723360684421,0.3814094974712594,0.16342495674333524
4,25.0,282.60517864242024,0.0,223.8186193325857,5700.0,171.0,5700.0,5901.0,390.0,0.0,30.0,5901.0,5511.0,767.2239237757966,162.95378822574014,23.0167177132739,139.93707051246625,False,76.12182094399306,71.31802645025084,27.94745720682294,30.688956951031866,15.344478475515933,0.04831143871776966,16.956310718545215,11.190930966629287,11.190930966629287,29.803794493742224,10.917201600405459,30.0,30.0,0.0,False,41.31802645025084,0.0,0.0,0.0,0.0,16.31802645025084,0.0,False,25.0,236.2871521921694,0.0,204.93202643924894,25.0,25.0,0.0,0.0,0155,base,2.9864150709102253,5.899784643501563,2.5542160336575255,5.789334175205164,0.4321990372526998,0.11045046829639826
5,25.0,236.2871521921694,0.0,204.93202643924894,5700.0,171.0,5700.0,5901.0,390.0,0.0,30.0,5901.0,5511.0,769.6471250579957,163.46846173412675,23.08941375173987,140.37904798238688,False,79.22147787044673,76.93263112751494,28.988804382223567,30.78588500231983,15.392942501159915,0.04846402564398211,14.177229131530163,10.246601321962448,10.246601321962448,27.288846742931796,10.95168250760389,30.0,30.0,0.0,False,46.93263112751494,0.0,0.0,0.0,0.0,21.932631127514938,0.0,False,25.0,184.35452106465448,0.0,188.59486220392102,25.0,25.0,1307.747693873014,940.1820951963432,0155,base,2.6390144309792514,6.649486389246267,2.1285413686371975,6.692990358142235,0.5104730623420539,-0.04350396889596819
1,38.25,546.0,0.0,405.6,9000.0,270.0,9000.0,9308.25,546.0,0.0,38.25,9308.25,8762.25,1200.0,219.25348194565294,36.0,183.25348194565294,False,85.66011145923972,79.14785239614785,32.553370486413236,48.0,24.0,0.0,32.76,20.28,20.28,44.76225906309186,11.983321299992356,30.0,30.0,0.0,False,49.147852396147854,0.0,0.0,0.0,0.0,24.147852396147854,0.0,False,25.0,491.85214760385213,0.0,372.82106223690056,25.0,25.0,0.0,0.0,0156,downside,3.6567885395960484,4.9232914473687375,3.8296915624303978,4.133738347391646,-0.17290302283434933,0.7895530999770912
2,25.0,491.85214760385213,0.0,372.82106223690056,9000.0,270.0,9000.0,9308.25,546.0,0.0,38.25,9308.25,8762.25,1086.8182395946826,198.5739027276492,32.604547187840474,165.96935553980873,False,79.75833299095893,63.61357714277048,29.454293392933145,43.472729583787306,21.736364791893653,-2.263635208106347,29.511128856231128,18.64105311184503,18.64105311184503,41.14475584818845,10.853076799795964,30.0,30.0,0.0,False,33.61357714277048,0.0,0.0,0.0,0.0,8.613577142770481,0.0,False,25.0,453.2385704610816,0.0,342.52938318850806,25.0,25.0,0.0,0.0,0156,downside,3.7015572537702894,4.84394469481851,3.881516871362114,4.123881714421568,-0.17995961759182455,0.7200629803969418
3,25.0,453.2385704610816,0.0,342.52938318850806,9000.0,270.0,9000.0,9308.25,546.0,0.0,38.25,9308.25,8762.25,984.3115715964042,179.84478282659123,29.529347147892125,150.3154356786991,False,71.70300686270814,58.901258867133535,26.498663072902197,39.37246286385617,19.686231431928086,-2.0501333599655673,27.194314227664897,17.126469159425405,17.126469159425405,37.8017479955746,9.829434851450118,30.0,30.0,0.0,False,28.901258867133535,0.0,0.0,0.0,0.0,3.901258867133535,0.0,False,25.0,419.3373115939481,0.0,314.5570700443836,25.0,25.0,0.0,0.0,0156,downside,3.757460068598947,4.750945059142584,3.941701118579888,4.057797924189584,-0.18424104998094082,0.6931471349529996
4,25.0,419.3373115939481,0.0,314.5570700443836,9000.0,270.0,9000.0,9308.25,546.0,0.0,38.25,9308.25,8762.25,891.4731412125662,162.88215855990325,26.744194236376988,136.13796432352626,False,64.37944128980376,54.664734535726275,23.812468031417552,35.65892564850265,17.829462824251326,-1.8567686076767593,25.160238695636885,15.72785350221918,15.72785350221918,34.71470675407749,8.902340901219699,30.0,30.0,0.0,False,24.664734535726275,0.0,0.33526546427372494,0.33526546427372494,0.0,0.0,0.0,False,25.0,389.3373115939481,0.33526546427372494,288.7447041915258,25.0,25.0,0.0,0.0,0156,downside,3.826395238551224,4.643381983467882,4.011595174246417,3.9836086695295565,-0.18519993569519322,0.6597733139383255
5,25.0,389.3373115939481,0.33526546427372494,288.7447041915258,9000.0,270.0,9000.0,9308.25,546.0,0.0,38.25,9308.25,8762.25,807.391058315486,147.51941735621335,24.22173174946458,123.29768560674877,False,57.717802905046135,50.851764315014336,21.370023943419795,32.295642332619444,16.147821166309722,-1.6816416579416043,23.380354623493307,14.43723520957629,14.43723520957629,31.86603859003181,8.06268872211278,30.0,30.0,0.0,False,20.851764315014336,0.0,4.148235684985664,4.148235684985664,0.0,0.0,0.0,False,25.0,359.3373115939481,4.483501149259389,264.9413543236068,25.0,25.0,1180.1553388497068,558.6908417001471,0156,downside,3.9105929088930664,4.5205412107835015,4.092764043454138,3.900814885543419,-0.18217113456107148,0.6197263252400824
1,55.0,610.0,0.0,470.0,10875.0,326.25,10875.0,11256.25,610.0,0.0,55.0,11256.25,10646.25,1450.0,339.38047639931864,43.5,295.88047639931864,False,162.335357299489,168.05510007052402,58.945119099829654,58.0,29.0,0.0,36.6,23.5,23.5,49.28025722896497,10.753558277639234,30.0,30.0,0.0,False,138.05510007052402,0.0,0.0,0.0,0.0,94.10842880357067,0.0,False,43.946671266953345,485.8915711964293,0.0,431.4733010486743,43.946671266953345,43.946671266953345,0.0,0.0,0157,base,2.6682647267006905,6.81078992055631,2.573566429762675,5.64692972378234,0.09469829693801568,1.1638601967739701
2,43.946671266953345,485.8915711964293,0.0,431.4733010486743,10875.0,326.25,10875.0,11256.25,610.0,0.0,55.0,11256.25,10646.25,1552.4120960833686,363.35059085299207,46.572362882501054,316.778227970491,False,181.9659386022026,180.67193909658297,66.51276716156788,62.096483843334745,31.048241921667373,2.0482419216673726,29.153494271785757,21.573665052433714,21.573665052433714,45.240670772573,11.513071686996264,30.0,30.0,0.0,False,150.67193909658297,0.0,0.0,0.0,0.0,101.173676431948,0.0,False,49.49826266463498,354.71789476448134,0.0,397.74570196309753,49.49826266463498,49.49826266463498,0.0,0.0,0157,base,2.1339177434689813,8.561634280580975,1.9346750817514329,7.162841280558595,0.19924266171754845,1.3987930000223798
3,49.49826266463498,354.71789476448134,0.0,397.74570196309753,10875.0,326.25,10875.0,11256.25,610.0,0.0,55.0,11256.25,10646.25,1662.0574593558333,389.01369128222336,49.861723780675,339.15196750154837,False,204.67272467913585,212.46670967471405,74.49540217938116,66.48229837423334,33.24114918711667,2.1929072654492963,21.283073685868878,19.887285098154877,19.887285098154877,41.70427766905677,12.32622879308135,30.0,30.0,0.0,False,182.46670967471405,0.0,0.0,0.0,0.0,118.97828874078158,0.0,False,63.488420933932474,205.73960602369976,0.0,368.3676530871221,63.488420933932474,63.488420933932474,0.0,0.0,0157,base,1.6332841149047435,11.319313711158783,1.312598629867871,9.448877852217818,0.32068548503687255,1.870435858940965
4,63.488420933932474,205.73960602369976,0.0,368.3676530871221,10875.0,326.25,10875.0,11256.25,610.0,0.0,55.0,11256.25,10646.25,1779.4469684755777,416.4893516472861,53.38340905426733,363.10594259301877,False,229.11512781577989,253.97960683702402,83.08579589431017,71.17787873902311,35.58893936951156,2.3477901823948883,12.344376361421986,18.418382654356105,18.418382654356105,38.623941912688316,13.19681839825558,30.0,30.0,0.0,False,223.97960683702402,0.0,0.0,0.0,0.0,142.22491157692136,0.0,False,81.75469526010266,33.51469444677841,0.0,342.94052957268934,81.75469526010266,81.75469526010266,0.0,0.0,0157,base,1.1612616566497598,16.33217155051191,0.7075823849848129,13.538751561057007,0.4536792716649469,2.793419989454902
5,81.75469526010266,33.51469444677841,0.0,342.94052957268934,10875.0,326.25,10875.0,11256.25,610.0,0.0,55.0,11256.25,10646.25,1905.127584965771,445.9055913014943,57.153827548973126,388.7517637525212,False,255.63050352584844,301.42733174003706,92.39846390177,76.20510339863084,38.10255169931542,2.5136123298038626,2.0108816668067044,17.14702647863447,17.14702647863447,35.957867045914035,14.12889690432242,30.0,30.0,0.0,False,271.42733174003706,0.0,0.0,0.0,0.0,3.5146944467784067,0.0,False,267.9126372932586,0.0,0.0,321.1115594310977,267.9126372932586,267.9126372932586,3567.2447304119546,3460.5371373179364,0157,base,0.7135817386718933,28.360652509354452,0.11930534888016057,23.275275563297985,0.5942763897917328,5.085376946056467
1,33.0,732.0,0.0,517.0,10875.0,326.25,10875.0,11234.25,732.0,0.0,33.0,11234.25,10502.25,1450.0,230.32463096630676,43.5,186.82463096630676,False,73.2909732247301,51.088808148590886,29.263657741576687,58.0,29.0,0.0,43.92,25.85,25.85,55.20216507613921,8.896655595480926,30.0,30.0,0.0,False,21.088808148590886,0.0,3.9111918514091144,3.9111918514091144,0.0,0.0,0.0,False,25.0,702.0,3.9111918514091144,470.6944905193418,25.0,25.0,0.0,0.0,0158,distressed,3.428693755314989,5.257092510902791,4.999924139851176,3.3011986665659556,-1.5712303845361868,1.9558938443368357
2,25.0,702.0,3.9111918514091144,470.6944905193418,10875.0,326.25,10875.0,11234.25,732.0,0.0,33.0,11234.25,10502.25,1427.6469297877934,226.7739670714168,42.8294078936338,183.944559177783,False,74.71196446191472,49.45402448884325,29.513790785182838,57.10587719151174,28.55293859575587,-0.4470614042441312,42.35467151108454,23.534724525967093,23.534724525967093,50.257939973071466,8.759505549150164,30.0,30.0,0.0,False,19.454024488843253,0.0,5.5459755111567475,5.5459755111567475,0.0,0.0,0.0,False,25.0,672.0,9.457167362565862,429.1960560954205,25.0,25.0,0.0,0.0,0158,distressed,3.101101239454493,5.811108483913307,4.787380304177891,3.4417369214295856,-1.6862790647233976,2.369371562483721
3,25.0,672.0,9.457167362565862,429.1960560954205,10875.0,326.25,10875.0,11234.25,732.0,0.0,33.0,11234.25,10502.25,1405.6384525051812,223.27803989331474,42.169153575155434,181.1088863181593,False,75.4550251243262,54.62803955642038,29.69041336790858,56.22553810020725,28.112769050103626,-0.44016954565224253,40.88743004175395,21.459802804771027,21.459802804771027,45.826985567905815,8.624469795657497,30.0,30.0,0.0,False,24.628039556420383,0.0,0.3719604435796171,0.3719604435796171,0.0,0.0,0.0,False,25.0,642.0,9.829127806145479,391.99354032317217,25.0,25.0,0.0,0.0,0158,distressed,2.7694184558467705,6.514786864053802,4.5630222686302915,3.5812020790552137,-1.793603812783521,2.933584784998588
4,25.0,642.0,9.829127806145479,391.99354032317217,10875.0,326.25,10875.0,11234.25,732.0,0.0,33.0,11234.25,10502.25,1383.9692559384048,219.83600561567394,41.519077678152144,178.3169279375218,False,76.29931881169733,59.44459517204553,29.901875813248616,55.35877023753619,27.679385118768096,-0.43338393133553055,39.109747668368726,19.59967701615861,19.59967701615861,41.8547236396518,8.491515741253782,30.0,30.0,0.0,False,29.44459517204553,0.0,0.0,0.0,4.444595172045531,0.0,0.0,False,25.0,612.0,5.384532634099948,358.63033242477417,25.0,25.0,0.0,0.0,0158,distressed,2.4313165728697568,7.444266214534105,4.3260195817125435,3.7444755556191125,-1.8947030088427868,3.6997906589149925
5,25.0,612.0,5.384532634099948,358.63033242477417,10875.0,326.25,10875.0,11234.25,732.0,0.0,33.0,11234.25,10502.25,1362.6341097663176,216.44703343036483,40.87902329298952,175.5680101373753,False,77.24542799434654,63.95302797147795,30.148355389522646,54.5053643906527,27.25268219532635,-0.426702923441745,37.043071958046,17.93151662123871,17.93151662123871,38.29240002286859,8.360611294652193,30.0,30.0,0.0,False,33.95302797147795,0.0,0.0,0.0,5.384532634099948,3.5684953373780033,0.0,False,25.0,578.431504662622,0.0,328.69854369655775,25.0,25.0,1731.5762674429186,823.4725750720951,0158,distressed,2.0844699461324407,8.736629302455324,4.075500755906539,3.9372197050315982,-1.9910308097740983,4.799409597423725
1,25.5,409.5,0.0,312.0,5700.0,171.0,5700.0,5896.5,409.5,0.0,25.5,5896.5,5487.0,760.0,130.7492734880644,22.8,107.9492734880644,False,43.23445511604831,30.855177894004086,16.9448183720161,30.400000000000002,15.200000000000001,0.0,24.57,15.600000000000001,15.600000000000001,37.87927722204422,8.654129324661108,30.0,30.0,0.0,False,0.8551778940040862,0.0,24.144822105995914,24.144822105995914,0.0,0.0,0.0,False,25.0,379.5,24.144822105995914,282.7748521026169,25.0,25.0,0.0,0.0,0159,downside,4.337003430575135,4.1293995341315854,5.058687184743641,3.2548985184979933,-0.7216837541685059,0.8745010156335922
2,25.0,379.5,24.144822105995914,282.7748521026169,5700.0,171.0,5700.0,5896.5,409.5,0.0,25.5,5896.5,5487.0,771.3455211241172,132.70114012532994,23.140365633723516,109.56077449160642,False,45.46214128636335,36.131029061307004,17.800835640028957,30.85382084496469,15.426910422482345,0.2269104224823444,24.218689326359755,14.138742605130844,14.138742605130844,34.331112225056344,8.78332091290293,30.0,30.0,0.0,False,6.131029061307004,0.0,18.868970938692996,18.868970938692996,0.0,0.0,0.0,False,25.0,349.5,43.01379304468891,257.22706079046344,25.0,25.0,0.0,0.0,0159,downside,3.960232783850272,4.4904860137767555,4.707878570184961,3.4595939676656315,-0.7476457863346884,1.030892046111124
3,25.0,349.5,43.01379304468891,257.22706079046344,5700.0,171.0,5700.0,5896.5,409.5,0.0,25.5,5896.5,5487.0,782.8604117871525,134.68214484702253,23.485812353614577,111.19633249340795,False,48.029211972270346,41.7998044572268,18.696037967800862,31.3144164714861,15.65720823574305,0.2302978132607052,23.550827582681332,12.861353039523173,12.861353039523173,31.229407515043548,8.914441114162457,30.0,30.0,0.0,False,11.799804457226799,0.0,13.200195542773201,13.200195542773201,0.0,0.0,0.0,False,25.0,319.5,56.21398858746211,234.91209438958236,25.0,25.0,0.0,0.0,0159,downside,3.607882936540191,4.897041498170852,4.3482087669618155,3.698821178671514,-0.7403258304216243,1.1982203194993377
4,25.0,319.5,56.21398858746211,234.91209438958236,5700.0,171.0,5700.0,5896.5,409.5,0.0,25.5,5896.5,5487.0,794.5472003913186,136.69272263571108,23.83641601173956,112.85630662397152,False,50.746689165937,47.2264957486485,19.64196564731117,31.781888015652743,15.890944007826372,0.23373577208332108,22.542839315247726,11.745604719479118,11.745604719479118,28.520193417288493,9.047518719386705,30.0,30.0,0.0,False,17.226495748648503,0.0,7.773504251351497,7.773504251351497,0.0,0.0,0.0,False,25.0,289.5,63.98749283881361,215.4394196916806,25.0,25.0,0.0,0.0,0159,downside,3.275451632312098,5.362112210305608,3.979194371452171,3.986553676721832,-0.7037427391400728,1.375558533583776
5,25.0,289.5,63.98749283881361,215.4394196916806,5700.0,171.0,5700.0,5896.5,409.5,0.0,25.5,5896.5,5487.0,806.4084530836184,138.73331496752232,24.19225359250855,114.54106137501377,False,53.6185710303935,52.46251493085022,20.63996020502523,32.25633812334473,16.128169061672367,0.2372250538459948,21.20924957032882,10.77197098458403,10.77197098458403,26.156056099543278,9.182582949323082,30.0,30.0,0.0,False,22.46251493085022,0.0,2.5374850691497812,2.5374850691497812,0.0,0.0,0.0,False,25.0,259.5,66.52497790796339,198.46594654146043,25.0,25.0,1109.8665197401785,593.7275974946521,0159,downside,2.9589848452408125,5.904032135181348,3.600367543775303,4.337961858876289,-0.6413826985344904,1.5660702763050587
1,36.0,780.0,0.0,550.0,12600.0,378.0,12600.0,13014.0,780.0,0.0,36.0,13014.0,12234.0,1680.0,317.1004115536276,50.4,266.70041155362765,False,127.50030866522069,109.62268587963436,48.10010288840691,67.2,33.6,0.0,46.8,27.5,27.5,53.87762278558633,13.992624683053002,30.0,30.0,0.0,False,79.62268587963436,0.0,0.0,0.0,0.0,54.62268587963436,0.0,False,25.0,695.3773141203657,0.0,510.1150018974667,25.0,25.0,0.0,0.0,0160,distressed,3.3021369657181774,5.465815019121929,3.722771314720255,4.2678386480972765,-0.42063434900207763,1.1979763710246525
2,25.0,695.3773141203657,0.0,510.1150018974667,12600.0,378.0,12600.0,13014.0,780.0,0.0,36.0,13014.0,12234.0,1556.6092401567978,293.81037540589296,46.698277204703935,247.112098201189,False,121.81450473961635,96.84398901325204,44.970927314773434,62.26436960627191,31.132184803135956,-2.467815196864045,41.72263884722194,25.505750094873335,25.505750094873335,49.970515726364304,12.964910045051422,30.0,30.0,0.0,False,66.84398901325204,0.0,0.0,0.0,0.0,41.84398901325204,0.0,False,25.0,623.5333251071136,0.0,473.10939621615387,25.0,25.0,0.0,0.0,0160,distressed,3.2126266793375007,5.617649249530149,3.6473957730145337,4.370331939070499,-0.434769093677033,1.2473173104596498
3,25.0,623.5333251071136,0.0,473.10939621615387,12600.0,378.0,12600.0,13014.0,780.0,0.0,36.0,13014.0,12234.0,1442.2811467509068,272.2309197683039,43.268434402527205,228.96248536577673,False,113.78501243701541,92.43954046310552,41.97375401213556,57.691245870036276,28.845622935018138,-2.2865618681178184,37.41199950642681,23.655469810807695,23.655469810807695,46.3454719739099,12.012677841624242,30.0,30.0,0.0,False,62.439540463105516,0.0,0.0,0.0,0.0,37.439540463105516,0.0,False,25.0,556.0937846440081,0.0,438.77660208386817,25.0,25.0,0.0,0.0,0160,distressed,3.1149380186571833,5.795193436486163,3.5626753476546096,4.457871315317052,-0.44773732899742624,1.3373221211691106
4,25.0,556.0937846440081,0.0,438.77660208386817,12600.0,378.0,12600.0,13014.0,780.0,0.0,36.0,13014.0,12234.0,1336.3500952002405,252.23640783793198,40.09050285600721,212.14590498192476,False,106.38620592832908,88.40395092066369,39.21036194977272,53.454003808009624,26.727001904004812,-2.118621031013326,33.365627078640486,21.93883010419341,21.93883010419341,42.98225500766539,11.13038412339233,30.0,30.0,0.0,False,58.40395092066369,0.0,0.0,0.0,0.0,33.40395092066369,0.0,False,25.0,492.6898337233444,0.0,406.9247311995951,25.0,25.0,0.0,0.0,0160,distressed,3.0077611528249313,6.005483673120704,3.4674398213159643,4.560869425117951,-0.459678668491033,1.444614248002753
5,25.0,492.6898337233444,0.0,406.9247311995951,12600.0,378.0,12600.0,13014.0,780.0,0.0,36.0,13014.0,12234.0,1238.1993489720896,233.7104304431449,37.14598046916269,196.56444997398222,False,99.57363897779345,84.71157139652453,36.66420584765045,49.527973958883585,24.763986979441793,-1.9630149245630193,29.561390023400662,20.346236559979758,20.346236559979758,39.86206758126891,10.312892126766084,30.0,30.0,0.0,False,54.71157139652453,0.0,0.0,0.0,0.0,29.711571396524533,0.0,False,25.0,432.97826232681984,0.0,377.3755557450923,25.0,25.0,1869.6834435451592,1056.28437382007,0160,distressed,2.8895990288714852,6.258139934226637,3.360371279034405,4.682860044500134,-0.4707722501629199,1.5752798897265032
1,30.0,390.0,0.0,300.0,5700.0,171.0,5700.0,5901.0,390.0,0.0,30.0,5901.0,5511.0,760.0,174.37462141065004,22.8,151.57462141065002,False,77.28096605798751,67.04745030393963,28.293655352662505,30.400000000000002,15.200000000000001,0.0,23.4,15.0,15.0,40.233515754047886,10.149833242525105,30.0,30.0,0.0,False,37.04745030393963,0.0,0.0,0.0,0.0,12.047450303939627,0.0,False,25.0,347.9525496960604,0.0,269.91631748847726,25.0,25.0,0.0,0.0,0161,base,4.340742766005292,4.127450566530543,3.399972211485632,4.541005765902345,0.9407705545196596,-0.4135551993718023
2,25.0,347.9525496960604,0.0,269.91631748847726,5700.0,171.0,5700.0,5901.0,390.0,0.0,30.0,5901.0,5511.0,722.862005090226,165.85366903914678,21.68586015270678,144.16780888644,False,75.86026986998259,64.66132849682512,27.44871000756313,28.914480203609042,14.457240101804521,-0.7427598981954802,20.877152981763622,13.495815874423863,13.495815874423863,36.198941373157474,9.653853696083063,30.0,30.0,0.0,False,34.66132849682512,0.0,0.0,0.0,0.0,9.66132849682512,0.0,False,25.0,308.2912211992352,0.0,243.37122981140283,25.0,25.0,0.0,0.0,0161,base,4.159990966617311,4.276175736704562,3.1754645770684085,4.825119114181242,0.9845263895489027,-0.5489433774766805
3,25.0,308.2912211992352,0.0,243.37122981140283,5700.0,171.0,5700.0,5901.0,390.0,0.0,30.0,5901.0,5511.0,687.53878737245,157.74909967527418,20.6261636211735,137.12293605410068,False,73.67375244931335,66.03481842031641,26.614225322894107,27.501551494898,13.750775747449,-0.7064643543555214,18.497473271954114,12.168561490570141,12.168561490570141,32.63893402899695,9.182110578418806,30.0,30.0,0.0,False,36.03481842031641,0.0,0.0,0.0,0.0,11.034818420316412,0.0,False,25.0,267.2564027789188,0.0,219.9144063608247,25.0,25.0,0.0,0.0,0161,base,3.989416331108258,4.427901571487785,2.9297841324680776,5.144098377793959,1.0596321986401804,-0.7161968063061739
4,25.0,267.2564027789188,0.0,219.9144063608247,5700.0,171.0,5700.0,5901.0,390.0,0.0,30.0,5901.0,5511.0,653.9416663386207,150.04056643742976,19.61824999015862,130.42231644727113,False,71.67593472916144,67.18283561962701,25.84780299062369,26.15766665354483,13.078833326772415,-0.6719424206765847,16.035384166735128,10.995720318041236,10.995720318041236,29.493099109534434,8.733419557468412,30.0,30.0,0.0,False,37.182835619627014,0.0,0.0,0.0,0.0,12.182835619627014,0.0,False,25.0,225.0735671592918,0.0,199.15472680875868,25.0,25.0,0.0,0.0,0161,base,3.8274377941264843,4.58371169640973,2.6608023646360834,5.550663552128661,1.1666354294904009,-0.9669518557189312
5,25.0,225.0735671592918,0.0,199.15472680875868,5700.0,171.0,5700.0,5901.0,390.0,0.0,30.0,5901.0,5511.0,621.9862949231302,142.70871671030756,18.659588847693907,124.04912786261364,False,69.85947759854217,68.15049480336452,25.14674437315455,24.87945179692521,12.439725898462605,-0.6391074283098099,13.504414029557507,9.957736340437934,9.957736340437934,26.708982795177654,8.30665417448133,30.0,30.0,0.0,False,38.15049480336452,0.0,0.0,0.0,0.0,13.150494803364523,0.0,False,25.0,181.92307235592727,0.0,180.75239818806236,25.0,25.0,1141.6697336824604,786.869217133234,0161,base,3.6725397229051158,4.744986616618473,2.3661867216524413,6.082507973898697,1.3063530012526745,-1.3375213572802247
1,46.75,640.5,0.0,488.8,10875.0,326.25,10875.0,11248.0,640.5,0.0,46.75,11248.0,10607.5,1450.0,332.1674552622663,43.5,288.6674552622663,False,154.8480914466997,147.18372885788753,56.44936381556657,58.0,29.0,0.0,38.43,24.44,24.44,54.41436258881216,10.24700302707335,30.0,30.0,0.0,False,117.18372885788753,0.0,0.0,0.0,0.0,82.67915773265392,0.0,False,34.50457112523361,527.820842267346,0.0,444.6326404382612,34.50457112523361,34.50457112523361,0.0,0.0,0162,downside,3.0465639080149542,5.94996944059797,2.823723085212566,5.283401547037797,0.22284082280238815,0.6665678935601731
2,34.50457112523361,527.820842267346,0.0,444.6326404382612,10875.0,326.25,10875.0,11248.0,640.5,0.0,46.75,11248.0,10607.5,1436.0646979602523,328.9751422851255,43.08194093880756,285.89320134631794,False,159.9122981524655,144.91932075963754,57.99807969709103,57.44258791841009,28.721293959205045,-0.27870604079495465,31.669250536040764,22.23163202191306,22.23163202191306,49.497548518061556,10.148523660049573,30.0,30.0,0.0,False,114.91932075963754,0.0,0.0,0.0,0.0,81.40714651389293,0.0,False,33.51217424574462,416.4136957534531,0.0,405.28361558024926,33.51217424574462,33.51217424574462,0.0,0.0,0162,downside,2.701736952960899,6.7150680452500415,2.3958805264527587,6.103334985868068,0.30585642650814027,0.6117330593819732
3,33.51217424574462,416.4136957534531,0.0,405.28361558024926,10875.0,326.25,10875.0,11248.0,640.5,0.0,46.75,11248.0,10607.5,1422.263321881152,325.8135092014619,42.66789965643456,283.14560954502736,False,164.47584956837625,152.87090104511833,59.47415175520193,56.89053287524608,28.44526643762304,-0.27602752158200516,24.984821745207185,20.264180779012463,20.264180779012463,45.11712276900255,10.05099073421487,30.0,30.0,0.0,False,122.87090104511833,0.0,0.0,0.0,0.0,85.87387640141945,0.0,False,36.99702464369888,300.53981935203365,0.0,370.21748354546156,36.99702464369888,36.99702464369888,0.0,0.0,0162,downside,2.3547626498177694,7.727410203731899,1.9451626785122658,7.2004572703468845,0.40959997130550363,0.5269529333850143
4,36.99702464369888,300.53981935203365,0.0,370.21748354546156,10875.0,326.25,10875.0,11248.0,640.5,0.0,46.75,11248.0,10607.5,1408.594584660139,322.68226116052915,42.257837539804164,280.424423620725,False,169.0982991095663,164.8818450577653,60.97029007058248,56.34378338640556,28.17189169320278,-0.2733747444202592,18.03238916112202,18.510874177273077,18.510874177273077,41.21347869549989,9.954395153745912,30.0,30.0,0.0,False,134.8818450577653,0.0,0.0,0.0,0.0,92.62091795448782,0.0,False,42.26092710327748,177.91890139754582,0.0,338.9584000037076,42.26092710327748,42.26092710327748,0.0,0.0,0162,downside,2.0031477776738043,9.140035180846715,1.4708474292668414,8.83014355265571,0.5323003484069628,0.30989162819100535
5,42.26092710327748,177.91890139754582,0.0,338.9584000037076,10875.0,326.25,10875.0,11248.0,640.5,0.0,46.75,11248.0,10607.5,1395.0572115644202,319.58110614525964,41.851716346932605,277.729389798327,False,173.89992713198683,178.42721004474595,62.52658392857222,55.80228846257681,27.901144231288406,-0.27074746191437526,10.675134083852749,16.94792000018538,16.94792000018538,37.73364419051836,9.858727910235254,30.0,30.0,0.0,False,148.42721004474595,0.0,0.0,0.0,0.0,100.22990691675464,0.0,False,48.197303127991304,47.68899448079118,0.0,311.0834837234245,48.197303127991304,48.197303127991304,2556.648849162077,2207.7239413484217,0162,downside,1.6444589676687467,11.262935189607184,0.9718195760141658,11.569361779222243,0.6726393916545809,-0.3064265896150591
1,55.0,610.0,0.0,470.0,10875.0,326.25,10875.0,11256.25,610.0,0.0,55.0,11256.25,10646.25,1450.0,346.6956878900781,43.5,303.1956878900781,False,167.82176591755857,176.18533996271657,60.77392197251952,58.0,29.0,0.0,36.6,23.5,23.5,46.63642595484198,12.193547210637991,30.0,30.0,0.0,False,146.18533996271657,0.0,0.0,0.0,0.0,112.37189749877749,0.0,False,33.81344246393908,467.62810250122254,0.0,435.557121255796,33.81344246393908,33.81344246393908,0.0,0.0,0163,base,2.8079442024759924,6.4903202716120765,2.5075932919267196,5.768647053079502,0.30035091054927276,0.7216732185325743
2,33.81344246393908,467.62810250122254,0.0,435.557121255796,10875.0,326.25,10875.0,11256.25,610.0,0.0,55.0,11256.25,10646.25,1454.1196289753757,347.68069313247105,43.62358886926127,304.0571042632098,False,176.04258266849874,166.6372433567994,63.55539051258667,58.164785159015025,29.082392579507513,0.08239257950751266,28.05768615007335,21.7778560627898,21.7778560627898,43.21878177563843,12.22819058332872,30.0,30.0,0.0,False,136.6372433567994,0.0,0.0,0.0,0.0,106.2820733775674,0.0,False,30.355169979231988,331.34602912365517,0.0,404.5665300634863,30.355169979231988,30.355169979231988,0.0,0.0,0163,base,2.369784893284827,7.752548986390857,2.0293257668440123,6.976560857859604,0.3404591264408148,0.7759881285312531
3,30.355169979231988,331.34602912365517,0.0,404.5665300634863,10875.0,326.25,10875.0,11256.25,610.0,0.0,55.0,11256.25,10646.25,1458.2509623251615,348.66849689633807,43.747528869754845,304.92096802658324,False,183.94377354174486,174.1552477271191,66.2029699439974,58.33003849300646,29.16501924650323,0.08262666699571852,19.88076174741931,20.228326503174316,20.228326503174316,40.14369579385773,12.262932382117338,30.0,30.0,0.0,False,144.1552477271191,0.0,0.0,0.0,0.0,111.07709444274629,0.0,False,33.07815328437282,190.2689346809089,0.0,376.68576665174595,33.07815328437282,33.07815328437282,0.0,0.0,0163,base,1.92549458061597,9.67944512047942,1.5311866509322403,8.693004805243302,0.39430792968372974,0.9864403152361181
4,33.07815328437282,190.2689346809089,0.0,376.68576665174595,10875.0,326.25,10875.0,11256.25,610.0,0.0,55.0,11256.25,10646.25,1462.3940333029298,349.6591071326241,43.87182099908789,305.7872861335362,False,191.94584453748612,187.64681087569502,68.8842154300236,58.49576133211719,29.247880666058595,0.08286141955536408,11.416136080854534,18.8342883325873,18.8342883325873,37.37718694616391,12.29777288664454,30.0,30.0,0.0,False,157.64681087569502,0.0,0.0,0.0,0.0,119.68208139314113,0.0,False,37.96472948255389,40.58685328776777,0.0,351.6063525922266,37.96472948255389,37.96472948255389,0.0,0.0,0163,base,1.4727043439031342,13.001204035156874,1.0130680687893059,11.558816575718932,0.4596362751138283,1.442387459437942
5,37.96472948255389,40.58685328776777,0.0,351.6063525922266,10875.0,326.25,10875.0,11256.25,610.0,0.0,55.0,11256.25,10646.25,1466.5488752567305,350.6525318148638,43.99646625770191,306.65606555716187,False,200.23181695607,203.30790042177404,71.66013418257111,58.661955010269224,29.330977505134612,0.08309683907601695,2.435211197266066,17.58031762961133,17.58031762961133,34.88864601684987,12.33271237734551,30.0,30.0,0.0,False,173.30790042177404,0.0,0.0,0.0,0.0,10.586853287767767,0.0,False,162.72104713400626,0.0,0.0,329.0504189527222,162.72104713400626,162.72104713400626,2805.22025451891,2596.8125788824104,0163,base,1.009109812581783,20.129187628028262,0.4743424237031716,17.5190240961307,0.5347673888786114,2.6101635318975625
1,55.0,610.0,0.0,470.0,10875.0,326.25,10875.0,11256.25,610.0,0.0,55.0,11256.25,10646.25,1450.0,287.3089664680757,43.5,243.8089664680757,False,123.2817248510568,130.21583043434384,45.92724161701893,58.0,29.0,0.0,36.6,23.5,23.5,48.06589441671294,18.787707410175074,30.0,30.0,0.0,False,100.21583043434384,0.0,0.0,0.0,0.0,70.77033504688646,0.0,False,29.445495387457385,509.22966495311357,0.0,440.72181299346215,29.445495387457385,29.445495387457385,0.0,0.0,0164,base,2.7978245527094447,6.496172399795059,3.203888809580192,4.78051524905284,-0.4060642568707471,1.715657150742219
2,29.445495387457385,509.22966495311357,0.0,440.72181299346215,10875.0,326.25,10875.0,11256.25,610.0,0.0,55.0,11256.25,10646.25,1490.7757695704745,295.38844523513325,44.72327308711424,250.665172148019,False,132.83320311375508,117.20702162783786,49.51882540028977,59.63103078281898,29.81551539140949,0.815515391409491,30.553779897186814,22.03609064967311,22.03609064967311,45.07167687337459,19.3160406709439,30.0,30.0,0.0,False,87.20702162783786,0.0,0.0,0.0,0.0,62.20702162783786,0.0,False,25.0,417.0226433252757,0.0,414.96617679103144,25.0,25.0,0.0,0.0,0164,base,2.365370310642028,7.717907406359834,2.7319579798523703,5.616831571622313,-0.36658766921034225,2.1010758347375207
3,25.0,417.0226433252757,0.0,414.96617679103144,10875.0,326.25,10875.0,11256.25,610.0,0.0,55.0,11256.25,10646.25,1532.698203543752,303.69512880526327,45.98094610631256,257.7141826989507,False,142.79295573000888,125.35525266587112,52.98612881497065,61.30792814175008,30.65396407087504,0.8384486794655501,25.02135859951654,20.748308839551573,20.748308839551573,42.43770306413777,19.859231307779982,30.0,30.0,0.0,False,95.35525266587112,0.0,0.0,0.0,0.0,68.12868451907524,0.0,False,27.226568146795884,318.89395880620043,0.0,392.3877050346736,27.226568146795884,27.226568146795884,0.0,0.0,0164,base,1.9420584283818283,9.48292657307264,2.25244013094695,6.635292450170501,-0.3103817025651219,2.8476341229021402
4,27.226568146795884,318.89395880620043,0.0,392.3877050346736,10875.0,326.25,10875.0,11256.25,610.0,0.0,55.0,11256.25,10646.25,1575.7995475222212,312.2354064548074,47.273986425666635,264.96142002914075,False,153.03627558198468,140.1341926636467,56.55209931225876,63.03198190088885,31.515990950444426,0.8620268795693846,19.133637528372024,19.619385251733682,19.619385251733682,40.12865106513388,20.41769712823018,30.0,30.0,0.0,False,110.1341926636467,0.0,0.0,0.0,0.0,76.16081495814475,0.0,False,33.973377705501946,212.73314384805568,0.0,372.67675109776997,33.973377705501946,33.973377705501946,0.0,0.0,0164,base,1.525218612333468,12.275518332703786,1.7660922042809322,8.057059399637255,-0.24087359194746427,4.218458933066531
5,33.973377705501946,212.73314384805568,0.0,372.67675109776997,10875.0,326.25,10875.0,11256.25,610.0,0.0,55.0,11256.25,10646.25,1620.112953893962,321.01584713435545,48.603388616818854,272.4124585175366,False,163.6735765824492,159.5341003095915,60.2536580829412,64.80451815575847,32.402259077879236,0.8862681274348105,12.76398863088334,18.633837554888498,18.633837554888498,38.11285397835962,20.99186768909946,30.0,30.0,0.0,False,129.5341003095915,0.0,0.0,0.0,0.0,86.7043714474183,0.0,False,42.82972886217321,96.02877240063738,0.0,355.5557648085098,42.82972886217321,42.82972886217321,2568.1267770748436,2120.850067071747,0164,base,1.1124695697147433,17.395242057139154,1.2733166041360473,10.224142436963557,-0.160847034421304,7.171099620175596
1,51.0,682.5,0.0,520.0,12600.0,378.0,12600.0,13029.0,682.5,0.0,51.0,13029.0,12346.5,1680.0,401.02608526328675,50.4,350.62608526328677,False,195.9570639474651,195.74355171054623,70.9190213158217,67.2,33.6,0.0,40.949999999999996,26.0,26.0,51.213512236918845,15.620276036699806,30.0,30.0,0.0,False,165.74355171054623,0.0,0.0,0.0,0.0,119.35465007641069,0.0,False,46.388901634135536,533.1453499235893,0.0,484.40676379978095,46.388901634135536,46.388901634135536,0.0,0.0,0165,downside,2.734463169353103,6.660636349154943,2.421695864127228,5.9899340591977115,0.3127673052258748,0.6707022899572319
2,46.388901634135536,533.1453499235893,0.0,484.40676379978095,12600.0,378.0,12600.0,13029.0,682.5,0.0,51.0,13029.0,12346.5,1645.508796997831,392.7928280513932,49.36526390993493,343.4275641414583,False,199.64861480710545,198.32949389219033,71.80462623901347,65.82035187991325,32.91017593995662,-0.689824060043378,31.988720995415356,24.22033818998905,24.22033818998905,47.70802254905065,15.29958430352616,30.0,30.0,0.0,False,168.32949389219033,0.0,0.0,0.0,0.0,120.9314285782352,0.0,False,47.39806531395513,382.21392134535404,0.0,451.99832555425644,47.39806531395513,47.39806531395513,0.0,0.0,0165,downside,2.399865408245309,7.637277559203658,2.003127667806369,6.988069783480529,0.39673774043893983,0.6492077757231289
3,47.39806531395513,382.21392134535404,0.0,451.99832555425644,12600.0,378.0,12600.0,13029.0,682.5,0.0,51.0,13029.0,12346.5,1611.7257148793149,384.72860354537136,48.351771446379445,336.37683209899194,False,202.69146489899552,205.57333448825884,72.71102013513948,64.4690285951726,32.2345142975863,-0.6756616423703221,22.932835280721243,22.599916277712822,22.599916277712822,44.51619572469181,14.985476524917992,30.0,30.0,0.0,False,175.57333448825884,0.0,0.0,0.0,0.0,125.34836110039333,0.0,False,50.224973387865504,226.8655602449607,0.0,422.46760635448265,50.224973387865504,50.224973387865504,0.0,0.0,0165,downside,2.0516816657317865,9.027253767733185,1.5572229038616945,8.449491637939632,0.49445876187009197,0.5777621297935536
4,50.224973387865504,226.8655602449607,0.0,422.46760635448265,12600.0,378.0,12600.0,13029.0,682.5,0.0,51.0,13029.0,12346.5,1578.6362155842444,376.8299414229759,47.35908646752733,329.47085495544854,False,205.92708359732904,214.5442686626232,73.68388525575669,63.145448623369774,31.572724311684887,-0.6617899859014145,13.611933614697643,21.123380317724134,21.123380317724134,41.607788322571366,14.677817529141096,30.0,30.0,0.0,False,184.5442686626232,0.0,0.0,0.0,0.0,130.8183891032728,0.0,False,53.7258795593504,66.0471711416879,0.0,395.5376355610524,53.7258795593504,53.7258795593504,0.0,0.0,0165,downside,1.6876080591217244,11.170762017648341,1.0823421451152293,10.848611938734908,0.6052659140064951,0.32215007891343284
5,53.7258795593504,66.0471711416879,0.0,395.5376355610524,12600.0,378.0,12600.0,13029.0,682.5,0.0,51.0,13029.0,12346.5,1546.2260595257374,369.09344260933585,46.38678178577212,322.7066608235637,False,209.4111541086702,224.1815114776977,74.74173719425247,61.8490423810295,30.92452119051475,-0.6482031211701376,3.9628302685012735,19.776881778052623,19.776881778052623,38.955522190322895,14.376474919601574,30.0,30.0,0.0,False,194.1815114776977,0.0,0.0,0.0,0.0,36.0471711416879,0.0,False,158.1343403360098,0.0,0.0,370.9585882903311,158.1343403360098,158.1343403360098,2952.747540874687,2695.632079807245,0165,downside,1.3052389087271954,14.919220557644849,0.5766134625685655,15.547511355046709,0.7286254461586299,-0.6282907974018599
1,35.0,470.0,0.0,360.0,7350.0,220.5,7350.0,7605.5,470.0,0.0,35.0,7605.5,7135.5,980.0,197.79667000859726,29.4,168.39667000859725,False,81.84750250644795,79.20455323552744,30.549167502149317,39.2,19.6,0.0,28.2,18.0,18.0,37.64294927092051,13.680539956846808,30.0,30.0,0.0,False,49.20455323552744,0.0,0.0,0.0,0.0,24.20455323552744,0.0,False,25.0,415.79544676447256,0.0,336.0375906859263,25.0,25.0,0.0,0.0,0166,base,3.579041945357478,5.033604860720397,3.6746474923910855,4.281313203649291,-0.09560554703360724,0.7522916570711056
2,25.0,415.79544676447256,0.0,336.0375906859263,7350.0,220.5,7350.0,7605.5,470.0,0.0,35.0,7605.5,7135.5,1009.9093905549988,203.8333821042762,30.297281716649962,173.53610038762625,False,88.14258881894621,78.005238876411,32.9466235118654,40.396375622199955,20.198187811099977,0.5981878110999759,24.947726805868353,16.801879534296315,16.801879534296315,35.1373499425352,14.098067112533132,30.0,30.0,0.0,False,48.005238876411,0.0,0.0,0.0,0.0,23.005238876411,0.0,False,25.0,362.79020788806156,0.0,314.9983078559243,25.0,25.0,0.0,0.0,0166,base,3.1801545937224116,5.648215055524925,3.20255940908656,4.882282732045331,-0.02240481536414851,0.7659323234795936
3,25.0,362.79020788806156,0.0,314.9983078559243,7350.0,220.5,7350.0,7605.5,470.0,0.0,35.0,7605.5,7135.5,1040.7316093175195,210.05433336295283,31.221948279525584,178.83238508342725,False,94.9625324445849,87.02512876945613,35.328764304336836,41.62926437270078,20.81463218635039,0.6164443752504134,21.76741247328369,15.749915392796215,15.749915392796215,32.93740367512877,14.528337107777354,30.0,30.0,0.0,False,57.02512876945613,0.0,0.0,0.0,0.0,32.02512876945613,0.0,False,25.0,300.7650791186054,0.0,296.58924128857285,25.0,25.0,0.0,0.0,0166,base,2.7994246019430844,6.404581759967613,2.724791777650249,5.598861787618588,0.07463282429283558,0.8057199723490243
4,25.0,300.7650791186054,0.0,296.58924128857285,7350.0,220.5,7350.0,7605.5,470.0,0.0,35.0,7605.5,7135.5,1072.4945156093665,216.46514672450638,32.174835468280996,184.29031125622538,False,102.20100505157973,96.18852237345043,37.85373611117011,42.899780624374664,21.449890312187332,0.6352581258369412,18.045904747116325,14.829462064428643,14.829462064428643,31.012482678129306,14.971738851319389,30.0,30.0,0.0,False,66.18852237345043,0.0,0.0,0.0,0.0,41.188522373450425,0.0,False,25.0,229.57655674515496,0.0,280.54849746176296,25.0,25.0,0.0,0.0,0166,base,2.433420693944995,7.364835070639983,2.2411231625400325,6.5844176877287195,0.19229753140496264,0.7804173829112635
5,25.0,229.57655674515496,0.0,280.54849746176296,7350.0,220.5,7350.0,7605.5,470.0,0.0,35.0,7605.5,7135.5,1105.2268190128918,223.0716167397394,33.156804570386754,189.91481216935264,False,109.87768116046698,105.54247877717222,40.5281984728888,44.209072760515674,22.104536380257837,0.6546460680705053,13.774593404709297,14.02742487308815,14.02742487308815,29.33520238329476,15.428673121310776,30.0,30.0,0.0,False,75.54247877717222,0.0,0.0,0.0,0.0,46.86884102468692,0.0,False,28.6736377524853,152.70771572046803,0.0,266.641968199779,28.6736377524853,28.6736377524853,1784.5729339179152,1367.1282937413846,0166,base,2.079129518146181,8.63301421653978,1.7513480732224602,8.023576364521826,0.32778144492372085,0.6094378520179529
1,45.0,520.0,0.0,390.0,9000.0,270.0,9000.0,9315.0,520.0,0.0,45.0,9315.0,8795.0,1200.0,264.2041350413557,36.0,228.2041350413557,False,121.12810128101677,122.5246819032138,44.37603376033893,48.0,24.0,0.0,31.2,19.5,19.5,43.60341937780296,9.638202228092517,30.0,30.0,0.0,False,92.5246819032138,0.0,0.0,0.0,0.0,67.5246819032138,0.0,False,25.0,422.47531809678617,0.0,356.03478285028956,25.0,25.0,0.0,0.0,0167,base,3.034830805960394,5.956514856572622,2.8519996510619685,5.211126923892617,0.18283115489842539,0.7453879326800052
2,25.0,422.47531809678617,0.0,356.03478285028956,9000.0,270.0,9000.0,9315.0,520.0,0.0,45.0,9315.0,8795.0,1207.387732816504,265.83069300693995,36.22163198449512,229.60906102244485,False,127.6224701110973,112.81648562467119,46.6147006985308,48.29550931266016,24.14775465633008,0.14775465633007911,25.34851908580717,17.801739142514478,17.801739142514478,39.80598448642611,9.697539280503001,30.0,30.0,0.0,False,82.81648562467119,0.0,0.0,0.0,0.0,57.81648562467119,0.0,False,25.0,334.65883247211497,0.0,325.92633764436647,25.0,25.0,0.0,0.0,0167,base,2.6134242978253783,6.931880954269688,2.390939747878882,6.160581742068513,0.22248454994649647,0.7712992122011748
3,25.0,334.65883247211497,0.0,325.92633764436647,9000.0,270.0,9000.0,9315.0,520.0,0.0,45.0,9315.0,8795.0,1214.8209477964815,267.46726478557446,36.444628433894444,231.02263635168,False,133.68821836328675,122.24846762846953,48.6616973802837,48.59283791185926,24.29641895592963,0.1486642995995524,20.079529948326897,16.296316882218324,16.296316882218324,36.439750734817224,9.757241638154593,30.0,30.0,0.0,False,92.24846762846953,0.0,0.0,0.0,0.0,67.24846762846953,0.0,False,25.0,237.41036484364543,0.0,299.24382854770386,25.0,25.0,0.0,0.0,0167,base,2.1942134886077618,8.300171609022186,1.9129600543884755,7.3528807736505835,0.2812534342192863,0.9472908353716027
4,25.0,237.41036484364543,0.0,299.24382854770386,9000.0,270.0,9000.0,9315.0,520.0,0.0,45.0,9315.0,8795.0,1222.2999249483253,269.11391202673855,36.668997748449755,232.4449142782888,False,140.05599692769354,131.59944781901433,50.80952524007122,48.89199699793301,24.445998498966507,0.14957954303687515,14.244621890618726,14.962191427385193,14.962191427385193,33.45654910867922,9.817311550028554,30.0,30.0,0.0,False,101.59944781901433,0.0,0.0,0.0,0.0,76.56420212194675,0.0,False,25.03524569706758,130.84616272169868,0.0,275.6045909890532,25.03524569706758,25.03524569706758,0.0,0.0,0167,base,1.7743191532836582,10.37399665132862,1.4173013395746992,9.214079916786027,0.357017813708959,1.159916734542593
5,25.03524569706758,130.84616272169868,0.0,275.6045909890532,9000.0,270.0,9000.0,9315.0,520.0,0.0,45.0,9315.0,8795.0,1229.8249460042846,270.7706967594533,36.89474838012853,233.87594837932477,False,146.7349619187656,140.9566112995677,53.06123726664255,49.19299784017139,24.596498920085693,0.1505004211191867,7.85076976330192,13.78022954945266,13.78022954945266,30.813596316265485,9.877751278951878,30.0,30.0,0.0,False,110.9566112995677,0.0,0.0,0.0,0.0,82.00817447811096,0.0,False,28.94843682145674,18.837988243587716,0.0,254.6687459517396,28.94843682145674,28.94843682145674,2166.1655740756264,1889.114793090621,0167,base,1.3510541170530361,13.913772549467167,0.9031933673056608,12.517715563875734,0.44786074974737533,1.3960569855914322
1,21.0,564.0,0.0,396.00000000000006,7350.0,220.5,7350.0,7591.5,564.0,0.0,21.0,7591.5,7027.5,980.0,177.95203585843998,29.4,148.55203585843998,False,61.38402689382998,31.00831938890739,23.72800896460999,39.2,19.6,0.0,33.839999999999996,19.800000000000004,19.800000000000004,51.375707504922595,15.411362390632606,30.0,30.0,0.0,False,1.0083193889073883,0.0,23.99168061109261,23.99168061109261,0.0,0.0,0.0,False,25.0,534.0,23.99168061109261,360.0356548857101,25.0,25.0,0.0,0.0,0168,distressed,4.532871751733927,3.9429636978195397,5.018359757385421,3.317524904146905,-0.4854880056514945,0.6254387936726347
2,25.0,534.0,23.99168061109261,360.0356548857101,7350.0,220.5,7350.0,7591.5,564.0,0.0,21.0,7591.5,7027.5,922.8131569519874,167.56783673118395,27.68439470855962,139.88344202262434,False,58.21722412269533,36.50740973695923,22.10053961041832,36.9125262780795,18.45626313903975,-1.143736860960253,33.47950083666556,18.001782744285503,18.001782744285503,46.709814385736095,14.51204895982735,30.0,30.0,0.0,False,6.507409736959232,0.0,18.492590263040768,18.492590263040768,0.0,0.0,0.0,False,25.0,504.0,42.48427087413338,327.8378894598013,25.0,25.0,0.0,0.0,0168,distressed,4.4452685576046616,3.99325490807915,5.0685273313901895,3.2549273265048675,-0.623258773785528,0.7383275815742825
3,25.0,504.0,42.48427087413338,327.8378894598013,7350.0,220.5,7350.0,7591.5,564.0,0.0,21.0,7591.5,7027.5,868.9633904527483,157.7895963444072,26.06890171358245,131.72069463082474,False,54.292169354497304,36.759584713290494,20.634935976346668,34.75853561810993,17.379267809054966,-1.0769953299847828,32.789056252448,16.391894472990067,16.391894472990067,42.53258464120681,13.665213994347022,30.0,30.0,0.0,False,6.759584713290494,0.0,18.240415286709506,18.240415286709506,0.0,0.0,0.0,False,25.0,474.0,60.724686160842886,298.9705188129415,25.0,25.0,0.0,0.0,0168,distressed,4.3710939285413914,4.033581746962288,5.125149082761111,3.2083478260779743,-0.7540551542197198,0.825233920884314
4,25.0,474.0,60.724686160842886,298.9705188129415,7350.0,220.5,7350.0,7591.5,564.0,0.0,21.0,7591.5,7027.5,818.2559689993909,148.58195462934916,24.547679069981726,124.03427555936743,False,50.58329007587557,36.79586096696486,19.250567112267447,32.730238759975634,16.365119379987817,-1.0141484290671485,32.083481169650575,14.948525940647077,14.948525940647077,38.78742910891071,12.867795169946788,30.0,30.0,0.0,False,6.7958609669648595,0.0,18.20413903303514,18.20413903303514,0.0,0.0,0.0,False,25.0,444.0,78.92882519387803,273.05088487397757,25.0,25.0,0.0,0.0,0168,distressed,4.310226566580356,4.063218881980829,5.188918883125026,3.1591667836097335,-0.8786923165446696,0.9040520983710953
5,25.0,444.0,78.92882519387803,273.05088487397757,7350.0,220.5,7350.0,7591.5,564.0,0.0,21.0,7591.5,7027.5,770.5075244358525,139.91161491592516,23.115225733075572,116.79638918284958,False,47.07598021755075,36.651277199253364,17.942028856879503,30.8203009774341,15.41015048871705,-0.9549688912707666,31.375729511632684,13.652544243698879,13.652544243698879,35.424703018297386,12.116908861010337,30.0,30.0,0.0,False,6.651277199253364,0.0,18.348722800746636,18.348722800746636,0.0,0.0,0.0,False,25.0,414.0,97.27754799462465,249.74309071669055,25.0,25.0,1119.2929193274013,366.48288682617505,0168,distressed,4.2626707792774905,4.081478950321362,5.2606114163831235,3.1071947300524476,-0.997940637105633,0.9742842202689141
1,45.0,520.0,0.0,390.0,9000.0,270.0,9000.0,9315.0,520.0,0.0,45.0,9315.0,8795.0,1200.0,278.3603291297972,36.0,242.3603291297972,False,131.74524684734791,138.1248637780814,47.915082282449305,48.0,24.0,0.0,31.2,19.5,19.5,38.62038306926653,14.52260336469451,30.0,30.0,0.0,False,108.12486377808139,0.0,0.0,0.0,0.0,78.83979691411778,0.0,False,29.285066863963607,411.16020308588224,0.0,365.902220295428,29.285066863963607,29.285066863963607,0.0,0.0,0169,base,2.924239289130256,6.188774005826933,2.686364680107358,5.490341797431897,0.23787460902289803,0.6984322083950358
2,29.285066863963607,411.16020308588224,0.0,365.902220295428,9000.0,270.0,9000.0,9315.0,520.0,0.0,45.0,9315.0,8795.0,1265.4767605014058,293.5487729660674,37.964302815042174,255.58447015102524,False,145.5005073982835,138.5515129450559,53.15493673777522,50.61907042005623,25.309535210028116,1.3095352100281161,24.669612185152936,18.2951110147714,18.2951110147714,36.234061317191234,15.31501421666702,30.0,30.0,0.0,False,108.55151294505589,0.0,0.0,0.0,0.0,79.08332246598287,0.0,False,29.468190479073016,302.0768806198994,0.0,344.98317319490377,29.468190479073016,29.468190479073016,0.0,0.0,0169,base,2.4146407325577313,7.525750604577858,2.1038816040533077,6.832320822832262,0.31075912850442355,0.6934297817455963
3,29.468190479073016,302.0768806198994,0.0,344.98317319490377,9000.0,270.0,9000.0,9315.0,520.0,0.0,45.0,9315.0,8795.0,1334.5261928076104,309.5659585518847,40.03578578422831,269.5301727676564,False,160.89105037883778,156.19672213678692,58.53910031767931,53.381047712304415,26.690523856152208,1.3809886461240914,18.12461283719396,17.249158659745188,17.249158659745188,34.16251872112386,16.150662148283963,30.0,30.0,0.0,False,126.19672213678692,0.0,0.0,0.0,0.0,89.1549683024507,0.0,False,37.04175383433622,182.9219123174487,0.0,326.9713166220639,37.04175383433622,37.04175383433622,0.0,0.0,0169,base,1.9283409173206159,9.507144538566054,1.527465995670594,8.751285075120448,0.4008749216500218,0.7558594634456064
4,37.04175383433622,182.9219123174487,0.0,326.9713166220639,9000.0,270.0,9000.0,9315.0,520.0,0.0,45.0,9315.0,8795.0,1407.3432360653744,326.4571053247929,42.22029708196123,284.23680824283167,False,177.15492252870217,181.81781097686778,64.2282319181704,56.293729442614975,28.146864721307487,1.4563408651552798,10.97531473904692,16.348565831103198,16.348565831103198,32.378865386170624,17.031906346135887,30.0,30.0,0.0,False,151.81781097686778,0.0,0.0,0.0,0.0,103.77913795315109,0.0,False,48.03867302371668,49.142774364297594,0.0,311.6243575820292,48.03867302371668,48.03867302371668,0.0,0.0,0169,base,1.4615770515960624,12.765867895189515,0.9579465535341186,11.947684535022814,0.5036304980619438,0.8181833601667012
5,48.03867302371668,49.142774364297594,0.0,311.6243575820292,9000.0,270.0,9000.0,9315.0,520.0,0.0,45.0,9315.0,8795.0,1484.133466074646,344.2699000742377,44.52400398223938,299.7458960919983,False,194.53494455234735,211.71450972085364,70.30402793775974,59.36533864298585,29.682669321492924,1.5358046001854362,2.9485664618578555,15.581217879101459,15.581217879101459,30.85910785521041,17.961234723392817,30.0,30.0,0.0,False,181.71450972085364,0.0,0.0,0.0,0.0,19.142774364297594,0.0,False,162.57173535655605,0.0,0.0,298.72648445021156,162.57173535655605,162.57173535655605,2754.1592005939015,2576.6920634913376,0169,base,1.0111323042038562,19.16393819619646,0.3954883917074812,18.579271822027817,0.6156439124963751,0.5846663741686449
1,27.0,624.0,0.0,429.00000000000006,9000.0,270.0,9000.0,9297.0,624.0,0.0,27.0,9297.0,8673.0,1200.0,223.28556162739412,36.0,187.28556162739412,False,84.29667122054559,57.725732557793236,32.098890406848525,48.0,24.0,0.0,37.44,21.450000000000003,21.450000000000003,53.570938662752354,11.021972218725749,30.0,30.0,0.0,False,27.725732557793236,0.0,0.0,0.0,0.0,2.7257325577932363,0.0,False,25.0,591.2742674422068,0.0,386.4510335559735,25.0,25.0,0.0,0.0,0170,distressed,3.9478599510240278,4.5359578329162815,4.266846875607803,3.7915700734826645,-0.31898692458377553,0.744387759433617
2,25.0,591.2742674422068,0.0,386.4510335559735,9000.0,270.0,9000.0,9297.0,624.0,0.0,27.0,9297.0,8673.0,1101.8592261539975,205.02438012176765,33.05577678461992,171.96860333714773,False,78.82141992499254,55.56374017025057,29.292398903204163,44.0743690461599,22.03718452307995,-1.9628154769200492,35.476456046532405,19.322551677798675,19.322551677798675,48.25767975474197,10.120551483013344,30.0,30.0,0.0,False,25.56374017025057,0.0,0.0,0.0,0.0,0.5637401702505684,0.0,False,25.0,560.7105272719563,0.0,348.31390528424487,25.0,25.0,0.0,0.0,0170,distressed,3.8881641585312985,4.585404674062217,4.311801513708581,3.7413885512882312,-0.42363735517728207,0.844016122773986
3,25.0,560.7105272719563,0.0,348.31390528424487,9000.0,270.0,9000.0,9297.0,624.0,0.0,27.0,9297.0,8673.0,1011.7447952172384,188.25667068639495,30.35234385651715,157.9043268298778,False,71.81934061357393,53.3239959623711,26.711499982337042,40.469791808689536,20.234895904344768,-1.802288618735183,33.642631636317375,17.415695264212243,17.415695264212243,43.49534465120283,9.292852521103978,30.0,30.0,0.0,False,23.3239959623711,0.0,1.6760040376288998,1.6760040376288998,0.0,0.0,0.0,False,25.0,530.7105272719563,1.6760040376288998,314.111413154146,25.0,25.0,0.0,0.0,0170,distressed,3.8324513567969047,4.631297823907709,4.363712273612941,3.6870904730809384,-0.531260916816036,0.9442073508267708
4,25.0,530.7105272719563,1.6760040376288998,314.111413154146,9000.0,270.0,9000.0,9297.0,624.0,0.0,27.0,9297.0,8673.0,929.0002809361674,172.86029123403256,27.870008428085022,144.99028280594754,False,65.37102767850861,51.14668444458969,24.335380067416285,37.160011237446696,18.580005618723348,-1.6548902856214198,31.94319187857511,15.705570657707302,15.705570657707302,39.22434323391892,8.53284607305571,30.0,30.0,0.0,False,21.146684444589688,0.0,3.853315555410312,3.853315555410312,0.0,0.0,0.0,False,25.0,500.71052727195627,5.529319593039212,283.4199159932828,25.0,25.0,0.0,0.0,0170,distressed,3.780753917241531,4.673253994894068,4.423570950849658,3.627802319155868,-0.6428170336081274,1.0454516757382004
5,25.0,500.71052727195627,5.529319593039212,283.4199159932828,9000.0,270.0,9000.0,9297.0,624.0,0.0,27.0,9297.0,8673.0,853.022942207643,158.7230889432381,25.59068826622929,133.13240067700883,False,59.42957790157776,49.03780415920345,22.14675351636124,34.120917688305724,17.060458844152862,-1.519546774570486,30.374390811899726,14.17099579966414,14.17099579966414,35.391773742374305,7.834995975790284,30.0,30.0,0.0,False,19.037804159203453,0.0,5.9621958407965465,5.9621958407965465,0.0,0.0,0.0,False,25.0,470.71052727195627,11.491515433835758,255.86313822669877,25.0,25.0,1269.7847115459049,537.6727599402255,0170,distressed,3.7331400815573823,4.710844232561644,4.492510734764582,3.5631768184504655,-0.7593706532071995,1.147667414111179
1,45.0,520.0,0.0,390.0,9000.0,270.0,9000.0,9315.0,520.0,0.0,45.0,9315.0,8795.0,1200.0,266.4487511337738,36.0,230.44875113377378,False,122.81156335033035,120.4902094831792,44.93718778344345,48.0,24.0,0.0,31.2,19.5,19.5,47.32135386715114,10.699426469987596,30.0,30.0,0.0,False,90.4902094831792,0.0,0.0,0.0,0.0,65.4902094831792,0.0,False,25.0,424.5097905168208,0.0,353.3780726028365,25.0,25.0,0.0,0.0,0171,base,2.9973341326654865,6.021745533407225,2.825638551188633,5.255399430646426,0.1716955814768535,0.7663461027607994
2,25.0,424.5097905168208,0.0,353.3780726028365,9000.0,270.0,9000.0,9315.0,520.0,0.0,45.0,9315.0,8795.0,1224.4590145406237,271.87964603236713,36.73377043621871,235.14587559614841,False,131.2710179650293,113.39325175341224,48.00159613374934,48.97836058162495,24.489180290812474,0.48918029081247383,25.470587431009246,17.668903630141823,17.668903630141823,42.87776621161706,10.917507659659064,30.0,30.0,0.0,False,83.39325175341224,0.0,0.0,0.0,0.0,58.393251753412244,0.0,False,25.0,336.1165387634085,0.0,321.4178140508785,25.0,25.0,0.0,0.0,0171,base,2.550012075830018,7.081852056733388,2.3265233791682376,6.3023378195855955,0.2234886966617804,0.7795142371477928
3,25.0,336.1165387634085,0.0,321.4178140508785,9000.0,270.0,9000.0,9315.0,520.0,0.0,45.0,9315.0,8795.0,1249.416565241496,277.4212362120382,37.482496957244884,239.93873925479332,False,139.78232550340124,125.78251494466328,50.925214056611225,49.97666260965985,24.988331304829924,0.49915101401744977,20.16699232580451,16.070890702543927,16.070890702543927,38.99981055873796,11.14003389182154,30.0,30.0,0.0,False,95.78251494466328,0.0,0.0,0.0,0.0,69.57779919530468,0.0,False,26.2047157493586,236.53873956810384,0.0,293.5580373839621,26.2047157493586,26.2047157493586,0.0,0.0,0171,base,2.1152809606362206,8.567295113260402,1.8163427864533535,7.655558576504458,0.29893817418286717,0.911736536755944
4,26.2047157493586,236.53873956810384,0.0,293.5580373839621,9000.0,270.0,9000.0,9315.0,520.0,0.0,45.0,9315.0,8795.0,1274.8828135219442,283.07577792069486,38.24648440565832,244.82929351503654,False,148.7111473529857,139.2964688264652,53.98976681793805,50.99531254087777,25.497656270438885,0.5093249656089611,14.19232437408623,14.677901869198104,14.677901869198104,35.61939427587911,11.36709576760746,30.0,30.0,0.0,False,109.2964688264652,0.0,0.0,0.0,0.0,77.0531718250878,0.0,False,32.2432970013774,129.48556774301602,0.0,269.3057388756904,32.2432970013774,32.2432970013774,0.0,0.0,0171,base,1.689366190220871,10.818063118191038,1.2948759244247994,9.805111173541382,0.3944902657960716,1.0129519446496555
5,32.2432970013774,129.48556774301602,0.0,269.3057388756904,9000.0,270.0,9000.0,9315.0,520.0,0.0,45.0,9315.0,8795.0,1300.8681279165478,288.8455733942454,39.02604383749643,249.81952955674893,False,157.91044384423006,157.4770429794763,57.146277137095865,52.03472511666191,26.017362558330955,0.5197062878920704,7.769134064580961,13.46528694378452,13.46528694378452,32.67669786613114,11.598785734827935,30.0,30.0,0.0,False,127.4770429794763,0.0,0.0,0.0,0.0,87.10993001783073,0.0,False,40.36711296164556,12.375637725185285,0.0,248.22782674438716,40.36711296164556,40.36711296164556,2310.764587153963,2055.8667668387266,0171,base,1.2689348971014416,14.664265846694564,0.7624709249302783,13.602705403667574,0.5064639721711632,1.0615604430269894
1,25.5,409.5,0.0,312.0,5700.0,171.0,5700.0,5896.5,409.5,0.0,25.5,5896.5,5487.0,760.0,136.04482262626595,22.8,113.24482262626596,False,47.20611696969948,34.48553458514717,18.26870565656649,30.400000000000002,15.200000000000001,0.0,24.57,15.600000000000001,15.600000000000001,38.22058238455231,9.342309054241335,30.0,30.0,0.0,False,4.485534585147171,0.0,20.51446541485283,20.51446541485283,0.0,0.0,0.0,False,25.0,379.5,20.51446541485283,283.12172666968905,25.0,25.0,0.0,0.0,0172,downside,4.708956606976525,3.8047542955280886,4.837642325371936,3.386726976008612,-0.12868571839541154,0.4180273195194766
2,25.0,379.5,20.51446541485283,283.12172666968905,5700.0,171.0,5700.0,5896.5,409.5,0.0,25.5,5896.5,5487.0,707.2321683214849,126.59904591432354,21.216965049644546,105.382080864679,False,44.40187990508298,34.718939908174164,16.806281651575844,28.289286732859395,14.144643366429698,-1.0553566335703035,24.00086792489117,14.156086333484453,14.156086333484453,34.682939996908814,8.69365985468492,30.0,30.0,0.0,False,4.718939908174164,0.0,20.281060091825836,20.281060091825836,0.0,0.0,0.0,False,25.0,349.5,40.795525506678665,257.13244652746516,25.0,25.0,0.0,0.0,0172,downside,4.690956032537421,3.791695552841856,4.916529722154261,3.3178498749421146,-0.22557368961684077,0.4738456778997415
3,25.0,349.5,40.795525506678665,257.13244652746516,5700.0,171.0,5700.0,5896.5,409.5,0.0,25.5,5896.5,5487.0,658.1280788272489,117.80910230186615,19.743842364817468,98.06525993704868,False,40.74398056181826,34.24477589436803,15.447726520068677,26.325123153089958,13.162561576544979,-0.9820817898847185,23.41773153040072,12.856622326373259,12.856622326373259,31.499204667450233,8.090047249576662,30.0,30.0,0.0,False,4.244775894368033,0.0,20.755224105631967,20.755224105631967,0.0,0.0,0.0,False,25.0,319.5,61.55074961231063,233.7232891095916,25.0,25.0,0.0,0.0,0172,downside,4.690477333385538,3.7642926462508655,5.006183963703456,3.247724350019432,-0.31570663031791746,0.5165682962314335
4,25.0,319.5,61.55074961231063,233.7232891095916,5700.0,171.0,5700.0,5896.5,409.5,0.0,25.5,5896.5,5487.0,612.433352924011,109.62945640652161,18.37300058772033,91.25645581880129,False,37.31999577876195,33.68845659093604,14.176811596645766,24.49733411696044,12.24866705848022,-0.9138945180647582,22.86304497673864,11.686164455479581,11.686164455479581,28.631539187825908,7.528344287028115,30.0,30.0,0.0,False,3.688456590936042,0.0,21.311543409063958,21.311543409063958,0.0,0.0,0.0,False,25.0,289.5,82.8622930213746,212.62009420879383,25.0,25.0,0.0,0.0,0172,downside,4.7088978732797955,3.7218786778731228,5.107955522042125,3.1731393629021425,-0.3990576487623292,0.5487393149709803
5,25.0,289.5,82.8622930213746,212.62009420879383,5700.0,171.0,5700.0,5896.5,409.5,0.0,25.5,5896.5,5487.0,569.9112738695336,102.01773442932893,17.09733821608601,84.92039621324292,False,34.112069283534765,33.065710862642206,12.98691348038019,22.796450954781346,11.398225477390673,-0.850441581089548,22.341737581282477,10.631004710439692,10.631004710439692,26.046358420892556,7.005641123665206,30.0,30.0,0.0,False,3.065710862642206,0.0,21.934289137357794,21.934289137357794,0.0,0.0,0.0,False,25.0,259.5,104.79658215873239,193.5793769115665,25.0,25.0,816.1418754346314,271.02378823281305,0172,downside,4.747855633677278,3.66400973806532,5.223365937806037,3.094002116255297,-0.4755103041287585,0.570007621810023
1,30.0,390.0,0.0,300.0,5700.0,171.0,5700.0,5901.0,390.0,0.0,30.0,5901.0,5511.0,760.0,178.9243868824688,22.8,156.1243868824688,False,80.69329016185159,72.42497849238362,29.431096720617198,30.400000000000002,15.200000000000001,0.0,23.4,15.0,15.0,38.268311669467984,5.097811816648877,30.0,30.0,0.0,False,42.424978492383616,0.0,0.0,0.0,0.0,17.424978492383616,0.0,False,25.0,342.5750215076164,0.0,266.82950014718085,25.0,25.0,0.0,0.0,0173,base,4.114725321464187,4.354741428965434,3.2662094409672546,4.659489241730959,0.8485158804969322,-0.304747812765525
2,25.0,342.5750215076164,0.0,266.82950014718085,5700.0,171.0,5700.0,5901.0,390.0,0.0,30.0,5901.0,5511.0,764.9341050851904,180.08600757612848,22.94802315255571,157.13798442357276,False,84.68348294176187,75.64643469429296,30.810502031439185,30.597364203407615,15.298682101703807,0.09868210170380642,20.554501290456983,13.341475007359044,13.341475007359044,34.0370482474689,5.1309080524487065,30.0,30.0,0.0,False,45.646434694292964,0.0,0.0,0.0,0.0,20.646434694292964,0.0,False,25.0,291.9285868133234,0.0,237.92335995216067,25.0,25.0,0.0,0.0,0173,base,3.721918576388893,4.782827905326353,2.803393520465858,5.312902215704337,0.9185250559230349,-0.5300743103779846
3,25.0,291.9285868133234,0.0,237.92335995216067,5700.0,171.0,5700.0,5901.0,390.0,0.0,30.0,5901.0,5511.0,769.9002435822118,181.2551697942245,23.097007307466352,158.15816248675816,False,88.76138425450048,83.41163328084615,32.186569820087676,30.796009743288472,15.398004871644236,0.09932276994042866,17.515715208799403,11.896167997608034,11.896167997608034,30.34975097365434,5.164219157071378,30.0,30.0,0.0,False,53.41163328084615,0.0,0.0,0.0,0.0,28.411633280846146,0.0,False,25.0,233.51695353247726,0.0,212.7378281355777,25.0,25.0,0.0,0.0,0173,base,3.3498214323896653,5.2825549925675155,2.3240980223973606,6.16265094357296,1.0257234099923047,-0.8800959510054449
4,25.0,233.51695353247726,0.0,212.7378281355777,5700.0,171.0,5700.0,5901.0,390.0,0.0,30.0,5901.0,5511.0,774.8986234597753,182.4319224981702,23.246958703793258,159.18496379437693,False,93.05383754958808,90.9167791796614,33.63426379391235,30.995944938391013,15.497972469195506,0.09996759755127016,14.011017211948635,10.636891406778886,10.636891406778886,27.137058369926677,5.197746525497619,30.0,30.0,0.0,False,60.916779179661404,0.0,0.0,0.0,0.0,35.916779179661404,0.0,False,25.0,167.60017435281586,0.0,190.79851629114864,25.0,25.0,0.0,0.0,0173,base,2.9939291116476268,5.879365481245073,1.8275238570010057,7.401517318169467,1.166405254646621,-1.5221518369243938
5,25.0,167.60017435281586,0.0,190.79851629114864,5700.0,171.0,5700.0,5901.0,390.0,0.0,30.0,5901.0,5511.0,779.9294540367752,183.6163149672482,23.397883621103254,160.21843134614494,False,97.56696015090617,98.22850319256703,35.155623767604645,31.197178161471008,15.598589080735504,0.10061661153999779,10.05601046116895,9.539925814557433,9.539925814557433,24.338456958339137,5.2314915617647095,30.0,30.0,0.0,False,68.22850319256703,0.0,0.0,0.0,0.0,43.22850319256703,0.0,False,25.0,94.37167116024882,0.0,171.69155089457422,25.0,25.0,1468.9305197379856,1205.833339887093,0173,base,2.6502405241551124,6.611822006059163,1.3128638492599183,9.370122069374911,1.337376674895194,-2.7583000633157484
1,18.0,468.0,0.0,330.0,5700.0,171.0,5700.0,5889.0,468.0,0.0,18.0,5889.0,5421.0,760.0,95.97503932211504,22.8,73.17503932211504,False,13.846279491586277,-10.509425849606206,7.1487598305287605,30.400000000000002,15.200000000000001,0.0,28.08,16.5,16.5,42.35570534119248,12.817652888445616,30.0,30.0,0.0,False,-10.509425849606206,30.0,35.5094258496062,65.5094258496062,0.0,0.0,3.552713678800501e-15,True,24.999999999999996,438.0,65.5094258496062,300.4619475472531,24.999999999999996,24.999999999999996,0.0,0.0,0174,distressed,5.2552527099069986,3.3920934802375324,8.116395459682451,2.152872124767049,-2.8611427497754525,1.2392213554704834
2,24.999999999999996,438.0,65.5094258496062,300.4619475472531,5700.0,171.0,5700.0,5889.0,468.0,0.0,18.0,5889.0,5421.0,704.4032098706585,88.95411284994803,21.132096296119755,67.82201655382828,False,11.009168922997176,-2.555309005949134,5.647088406372314,28.176128394826343,14.088064197413171,-1.1119358025868298,30.21056555097637,15.023097377362655,15.023097377362655,38.56447792894631,11.879994523196066,30.0,30.0,0.0,False,-2.555309005949134,30.0,4.4905741503937975,34.4905741503938,0.0,0.0,23.064734855555336,True,1.9352651444446636,408.0,100.0,273.77746414150283,1.9352651444446636,1.9352651444446636,0.0,0.0,0174,distressed,5.280974564370009,3.3494814777352913,8.766791933640354,1.9665467506107719,-3.485817369270345,1.3829347271245194
3,1.9352651444446636,408.0,100.0,273.77746414150283,5700.0,171.0,5700.0,5889.0,468.0,0.0,18.0,5889.0,5421.0,652.873529047483,82.44679292460552,19.58620587142449,62.86058705318103,False,8.520643710568091,-24.68359902449144,4.672928461526473,26.11494116189932,13.05747058094966,-1.030593616463511,30.48,13.688873207075142,13.688873207075142,35.139507879504194,11.010929309717307,30.0,0.0,30.0,True,-24.68359902449144,0.0,0.0,0.0,0.0,0.0,49.68359902449144,True,-24.68359902449144,408.0,100.0,249.64888557171594,-24.68359902449144,-24.68359902449144,0.0,0.0,0174,distressed,5.332617688156426,3.29129654501821,9.488937736021107,1.8666265842479963,-4.156320047864681,1.4246699607702138
4,-24.68359902449144,408.0,100.0,249.64888557171594,5700.0,171.0,5700.0,5889.0,468.0,0.0,18.0,5889.0,5421.0,605.1134335534626,76.41550734162318,18.153403006603877,58.2621043350193,False,6.378812616670906,-50.34737621398017,3.824915014108376,24.204537342138508,12.102268671069254,-0.9552019098804063,30.48,12.482444278585797,12.482444278585797,32.04258980615963,10.20543940713656,30.0,0.0,30.0,True,-50.34737621398017,0.0,0.0,0.0,0.0,0.0,75.34737621398017,True,-50.34737621398017,408.0,100.0,227.81173517269286,-50.34737621398017,-50.34737621398017,0.0,0.0,0174,distressed,5.412694207066496,3.217488596167952,10.287952520842005,1.778658282245634,-4.875258313775509,1.4388303139223177
5,-50.34737621398017,408.0,100.0,227.81173517269286,5700.0,171.0,5700.0,5889.0,468.0,0.0,18.0,5889.0,5421.0,560.8471643827824,70.82543244122928,16.82541493148347,54.00001750974582,False,4.373926802919151,-75.21322737542573,3.032357687777793,22.433886575311295,11.216943287655647,-0.8853253834136066,30.48,11.390586758634644,11.390586758634644,29.23977796436471,9.458874048062505,30.0,0.0,30.0,True,-75.21322737542573,0.0,0.0,0.0,0.0,0.0,100.21322737542573,True,-75.21322737542573,408.0,100.0,208.03083125639066,-75.21322737542573,-75.21322737542573,566.6034595298343,-233.13965099492964,0174,distressed,5.524162216796451,3.1283747411863136,11.171750476615701,1.6915318825003929,-5.64758825981925,1.4368428586859208
1,55.0,610.0,0.0,470.0,10875.0,326.25,10875.0,11256.25,610.0,0.0,55.0,11256.25,10646.25,1450.0,330.9249030163375,43.5,287.4249030163375,False,155.99367726225316,155.9153407479188,56.83122575408438,58.0,29.0,0.0,36.6,23.5,23.5,55.078336514334346,2.9596933386321997,30.0,30.0,0.0,False,125.9153407479188,0.0,0.0,0.0,0.0,90.45457338839789,0.0,False,35.460767359520915,489.5454266116021,0.0,417.8813568242978,35.460767359520915,35.460767359520915,0.0,0.0,0175,base,2.722540683853348,6.668993896815275,2.6349362291218403,5.5062379869606906,0.0876044547315078,1.1627559098545843
2,35.460767359520915,489.5454266116021,0.0,417.8813568242978,10875.0,326.25,10875.0,11256.25,610.0,0.0,55.0,11256.25,10646.25,1502.3694108843385,342.8768631666288,45.07108232653015,297.8057808400987,False,169.58315822511054,156.07326602242867,61.88474685054692,60.09477643537355,30.047388217686773,1.0473882176867733,29.372725596696128,20.89406784121489,20.89406784121489,48.97065956220277,3.0665880948683855,30.0,30.0,0.0,False,126.07326602242867,0.0,0.0,0.0,0.0,90.54619402857679,0.0,False,35.52707199385188,368.99923258302533,0.0,371.9772853569634,35.52707199385188,35.52707199385188,0.0,0.0,0175,base,2.2257104568515538,8.189684626607022,2.0574425449153377,6.821140552562727,0.16826791193621604,1.3685440740442951
3,35.52707199385188,368.99923258302533,0.0,371.9772853569634,10875.0,326.25,10875.0,11256.25,610.0,0.0,55.0,11256.25,10646.25,1556.6302391454858,355.26049029070214,46.69890717436457,308.56158311633754,False,184.21555471345312,176.15137117841266,66.95569122337696,62.26520956581943,31.132604782909716,1.085216565222943,22.139953954981518,18.59886426784817,18.59886426784817,43.59125552889235,3.177343551387822,30.0,30.0,0.0,False,146.15137117841266,0.0,0.0,0.0,0.0,102.19454388061767,0.0,False,43.95682729779499,236.80468870240765,0.0,331.5633733794589,43.95682729779499,43.95682729779499,0.0,0.0,0175,base,1.7471697199998717,10.531777626690113,1.4761315967192326,8.720441725813664,0.27103812328063914,1.8113359008764487
4,43.95682729779499,236.80468870240765,0.0,331.5633733794589,10875.0,326.25,10875.0,11256.25,610.0,0.0,55.0,11256.25,10646.25,1612.8507967929315,368.0913748334645,48.38552390378794,319.70585092967656,False,199.43663158304113,204.53822684930054,72.2298502346398,64.51403187171726,32.25701593585863,1.124411152948916,14.208281322144458,16.578168668972946,16.578168668972946,38.85523203153558,3.2920991444659826,30.0,30.0,0.0,False,174.53822684930054,0.0,0.0,0.0,0.0,118.6632307156074,0.0,False,55.874996133693145,88.14145798680025,0.0,296.00024049238925,55.874996133693145,55.874996133693145,0.0,0.0,0175,base,1.2828259479227506,14.64176711512648,0.8918076455717387,11.956278653097947,0.39101830235101187,2.685488462028534
5,55.874996133693145,88.14145798680025,0.0,296.00024049238925,10875.0,326.25,10875.0,11256.25,610.0,0.0,55.0,11256.25,10646.25,1671.1018630497467,381.38567031735056,50.1330558914924,331.25261442585816,False,215.4970462358893,236.68438097774478,77.79102873050766,66.84407452198987,33.422037260994934,1.1650213251363013,5.2884874792080145,14.800012024619463,14.800012024619463,34.68766139183768,3.410999346375306,30.0,30.0,0.0,False,206.68438097774478,0.0,0.0,0.0,0.0,58.14145798680025,0.0,False,148.54292299094453,0.0,0.0,264.7235784469269,148.54292299094453,148.54292299094453,3051.0853625388045,2889.1384266447403,0175,base,0.8291577560553632,23.818635959756897,0.3046277416750047,18.985274148757842,0.5245300143803585,4.833361810999055
1,30.0,390.0,0.0,300.0,5700.0,171.0,5700.0,5901.0,390.0,0.0,30.0,5901.0,5511.0,760.0,152.22082380545106,22.8,129.42082380545105,False,60.66561785408828,50.246356260005854,22.75520595136276,30.400000000000002,15.200000000000001,0.0,23.4,15.0,15.0,40.41926159408243,9.003919318632299,30.0,30.0,0.0,False,20.246356260005854,0.0,4.753643739994146,4.753643739994146,0.0,0.0,0.0,False,25.0,360.0,4.753643739994146,268.58465772454986,25.0,25.0,0.0,0.0,0176,base,4.141700715027996,4.326860434756321,3.9964197161489756,3.9640839532669547,0.14528099887902046,0.3627764814893659
2,25.0,360.0,4.753643739994146,268.58465772454986,5700.0,171.0,5700.0,5901.0,390.0,0.0,30.0,5901.0,5511.0,754.5595084198677,151.13114471303743,22.63678525259603,128.4943594604414,False,62.448145709764674,51.26150057401244,23.294976987453563,30.182380336794708,15.091190168397354,-0.10880983160264712,21.885218624399645,13.429232886227494,13.429232886227494,36.18664513575224,8.93946438805176,30.0,30.0,0.0,False,21.261500574012437,0.0,3.7384994259875626,3.7384994259875626,0.0,0.0,0.0,False,25.0,330.0,8.492143165981709,241.3374769768494,25.0,25.0,0.0,0.0,0176,base,3.771374900694249,4.72110389742393,3.671179896085101,4.279583520292187,0.10019500460914799,0.4415203771317433
3,25.0,330.0,8.492143165981709,241.3374769768494,5700.0,171.0,5700.0,5901.0,390.0,0.0,30.0,5901.0,5511.0,749.1579628247795,150.04926613368607,22.474738884743385,127.57452724894269,False,64.01504489125996,56.49943617664956,23.799531202535327,29.96631851299118,14.98315925649559,-0.10803091190176417,20.3095285899589,12.06687384884247,12.06687384884247,32.5156087146104,8.875470860770065,30.0,30.0,0.0,False,26.49943617664956,0.0,0.0,0.0,1.49943617664956,0.0,0.0,False,25.0,300.0,6.992706989332149,217.69733912300904,25.0,25.0,0.0,0.0,0176,base,3.4176011096059247,5.179328596726127,3.330173209025517,4.634525606027807,0.0874279005804075,0.5448029906983205
4,25.0,300.0,6.992706989332149,217.69733912300904,5700.0,171.0,5700.0,5901.0,390.0,0.0,30.0,5901.0,5511.0,743.7950844182831,148.9751322271001,22.31385253254849,126.6612796945516,False,65.68694446322803,61.356392135399446,24.3392125797603,29.751803376731324,14.875901688365662,-0.1072575681299277,18.419562419359927,10.884866956150454,10.884866956150454,29.33055232782859,8.811935433812527,30.0,30.0,0.0,False,31.356392135399446,0.0,0.0,0.0,6.356392135399446,0.0,0.0,False,25.0,270.0,0.6363148539327028,197.17872222899297,25.0,25.0,0.0,0.0,0176,base,3.076095042192657,5.724431878753051,2.972409089108183,5.083706982248838,0.10368595308447404,0.6407248965042127
5,25.0,270.0,0.6363148539327028,197.17872222899297,5700.0,171.0,5700.0,5901.0,390.0,0.0,30.0,5901.0,5511.0,738.4705963997021,147.90868755271765,22.154117891991064,125.75456966072659,False,67.46487478990534,65.89881360803673,24.914363664510244,29.538823855988085,14.769411927994042,-0.10648976037161972,16.238178891235965,9.85893611144965,9.85893611144965,26.56606118186861,8.74885482784894,30.0,30.0,0.0,False,35.89881360803673,0.0,0.0,0.0,0.6363148539327028,10.26249875410403,0.0,False,25.0,229.73750124589597,0.0,179.3615158749733,25.0,25.0,1183.2695004217412,781.4214407945459,0176,base,2.7429726423154372,6.390996716537591,2.5968658330766985,5.6676260014755115,0.14610680923873876,0.7233707150620798
1,45.0,520.0,0.0,390.0,9000.0,270.0,9000.0,9315.0,520.0,0.0,45.0,9315.0,8795.0,1200.0,268.4173879505176,36.0,232.4173879505176,False,124.2880409628882,125.3247244355029,45.4293469876294,48.0,24.0,0.0,31.2,19.5,19.5,43.9633165273853,9.978661103581619,30.0,30.0,0.0,False,95.3247244355029,0.0,0.0,0.0,0.0,70.3247244355029,0.0,False,25.0,419.6752755644971,0.0,356.0153445761963,25.0,25.0,0.0,0.0,0177,base,2.845498561310091,6.353499258728386,2.79672872861382,5.294228559181806,0.04876983269627111,1.0592706995465795
2,25.0,419.6752755644971,0.0,356.0153445761963,9000.0,270.0,9000.0,9315.0,520.0,0.0,45.0,9315.0,8795.0,1285.449379351331,287.5308039567485,38.563481380539926,248.96732257620857,False,139.9260477296068,124.79370085214664,51.49650970338224,51.41797517405324,25.70898758702662,1.7089875870266198,25.180516533869824,17.800767228809814,17.800767228809814,40.132346877460165,10.689219768630217,30.0,30.0,0.0,False,94.79370085214664,0.0,0.0,0.0,0.0,69.79370085214664,0.0,False,25.0,319.88157471235047,0.0,326.57221746736633,25.0,25.0,0.0,0.0,0177,base,2.2753509988059686,7.973600577116109,2.1613468318100564,6.689674639416182,0.1140041669959122,1.2839259376999266
3,25.0,319.88157471235047,0.0,326.57221746736633,9000.0,270.0,9000.0,9315.0,520.0,0.0,45.0,9315.0,8795.0,1376.9834223956016,308.005244575493,41.309502671868046,266.69574190362493,False,157.78016232579526,145.96683472177492,57.7935591368789,55.07933689582406,27.53966844791203,1.830680860885412,19.19289448274103,16.328610873368316,16.328610873368316,36.813327604020344,11.450375764446408,30.0,30.0,0.0,False,115.96683472177492,0.0,0.0,0.0,0.0,85.90240224805028,0.0,False,30.064432473724636,203.97917246430018,0.0,301.2092656277924,30.064432473724636,30.064432473724636,0.0,0.0,0177,base,1.7437149157242096,10.501144338275088,1.5425841409720333,8.670951343071929,0.20113077475217622,1.8301929952031593
4,30.064432473724636,203.97917246430018,0.0,301.2092656277924,9000.0,270.0,9000.0,9315.0,520.0,0.0,45.0,9315.0,8795.0,1475.035404746248,329.937625397102,44.25106214238744,285.68656325471454,False,177.07911852462485,173.18929898353946,64.59683740636673,59.00141618984993,29.500708094924963,1.9610396470129317,12.23875034785801,15.06046328138962,15.06046328138962,33.95425201481004,12.265732016455964,30.0,30.0,0.0,False,143.18929898353946,0.0,0.0,0.0,0.0,101.92299404655438,0.0,False,41.26630493698508,72.0561784177458,0.0,279.5207456294383,41.26630493698508,41.26630493698508,0.0,0.0,0177,base,1.2444735456898413,15.024270227951178,0.9405129794964107,12.085975437901107,0.3039605661934306,2.9382947900500707
5,41.26630493698508,72.0561784177458,0.0,279.5207456294383,9000.0,270.0,9000.0,9315.0,520.0,0.0,45.0,9315.0,8795.0,1580.0694546269199,353.4317631594639,47.402083638807596,306.0296795206563,False,197.89632810670713,207.65325095118516,71.93256788352991,63.202778185076795,31.601389092538398,2.100680997613434,4.323370705064748,13.976037281471916,13.976037281471916,31.509382092507046,13.13914800653589,30.0,30.0,0.0,False,177.65325095118516,0.0,0.0,0.0,0.0,42.0561784177458,0.0,False,135.59707253343936,0.0,0.0,261.15051154346713,135.59707253343936,135.59707253343936,2827.4541052757113,2659.488854686548,0177,base,0.7725571195388765,25.524146147035925,0.3552409604831687,19.313835913134053,0.4173161590557078,6.210310233901872
1,60.0,650.0,0.0,500.0,12600.0,378.0,12600.0,13038.0,650.0,0.0,60.0,13038.0,12388.0,1680.0,403.24501885095077,50.4,352.8450188509508,False,199.8337641382131,222.08812478091352,72.2112547127377,67.2,33.6,0.0,39.0,25.0,25.0,37.74563935729957,6.294871782395769,30.0,30.0,0.0,False,192.08812478091352,0.0,0.0,0.0,0.0,146.33789473802534,0.0,False,45.75023004288818,473.66210526197466,0.0,468.5492324250962,45.75023004288818,45.75023004288818,0.0,0.0,0178,base,2.4061064984952334,7.613954168814878,2.2231176226271914,6.300703419546106,0.18298887586804202,1.3132507492687724
2,45.75023004288818,473.66210526197466,0.0,468.5492324250962,12600.0,378.0,12600.0,13038.0,650.0,0.0,60.0,13038.0,12388.0,1753.7040516076265,420.9359662794679,52.611121548228795,368.32484473123907,False,218.34712104747055,228.72597039384434,79.11941419856645,70.14816206430507,35.074081032152534,1.474081032152533,28.419726315718478,23.42746162125481,23.42746162125481,35.37138069651443,6.571036993534513,30.0,30.0,0.0,False,198.72597039384434,0.0,0.0,0.0,0.0,150.7116916420722,0.0,False,48.01427875177214,292.95041361990246,0.0,439.74888872211625,48.01427875177214,48.01427875177214,0.0,0.0,0178,base,1.8989300489940426,9.805651545748889,1.6265776232950127,8.118781037674946,0.27235242569902995,1.6868705080739428
3,48.01427875177214,292.95041361990246,0.0,439.74888872211625,12600.0,378.0,12600.0,13038.0,650.0,0.0,60.0,13038.0,12388.0,1830.6416075148836,439.4030413879012,54.91924822544651,384.48379316245473,False,238.84432573857214,253.66139856738778,86.22983097728869,73.22566430059534,36.61283215029767,1.5387511181451359,17.577024817194147,21.987444436105815,21.987444436105815,33.19720592295652,6.8593179754911136,30.0,30.0,0.0,False,223.66139856738778,0.0,0.0,0.0,0.0,167.14209766629017,0.0,False,56.51930090109761,95.8083159536123,0.0,413.41100077465086,56.51930090109761,56.51930090109761,0.0,0.0,0178,base,1.399566525643676,13.72361562651553,1.0302614528958753,11.106001159139822,0.36930507274780067,2.6176144673757076
4,56.51930090109761,95.8083159536123,0.0,413.41100077465086,12600.0,378.0,12600.0,13038.0,650.0,0.0,60.0,13038.0,12388.0,1910.9545262740176,458.68029403016425,57.328635788220524,401.3516582419437,False,260.48365329657304,285.7940291145101,93.73315231149861,76.43818105096071,38.219090525480354,1.6062583751826836,5.7484989572167375,20.670550038732543,20.670550038732543,31.20892508316053,7.160246264811779,30.0,30.0,0.0,False,255.79402911451012,0.0,0.0,0.0,0.0,65.8083159536123,0.0,False,189.98571316089783,0.0,0.0,389.36232195630214,189.98571316089783,189.98571316089783,0.0,0.0,0178,base,0.9062466442768625,22.773121270039034,0.43467445929188464,17.36172615829176,0.4715721849849779,5.411395111747275
5,189.98571316089783,0.0,0.0,389.36232195630214,12600.0,378.0,12600.0,13038.0,650.0,0.0,60.0,13038.0,12388.0,1994.7908899789743,478.8032678769502,59.84372669936923,418.95954117758095,False,277.9939326359355,438.58618622906664,99.87285626994147,79.79163559915898,39.89581779957949,1.676727274099136,0.0,19.46811609781511,19.46811609781511,29.393459567766687,7.47437671732666,0.0,0.0,0.0,False,438.58618622906664,0.0,0.0,0.0,0.0,0.0,0.0,False,438.58618622906664,0.0,0.0,367.4432391058621,438.58618622906664,438.58618622906664,3830.4261430156016,3844.112697993572,0178,base,0.6921936983890431,31.17242222090159,-0.14858492390550657,24.594227067029145,0.8407786222945497,6.578195153872446
1,55.0,610.0,0.0,470.0,10875.0,326.25,10875.0,11256.25,610.0,0.0,55.0,11256.25,10646.25,1450.0,326.11636307678515,43.5,282.61636307678515,False,152.38727230758886,165.01751505944975,55.62909076919629,58.0,29.0,0.0,36.6,23.5,23.5,42.36975724813912,9.305338698422469,30.0,30.0,0.0,False,135.01751505944975,0.0,0.0,0.0,0.0,85.7607534232455,0.0,False,49.256761636204246,494.2392465767545,0.0,436.93558145028334,49.256761636204246,49.256761636204246,0.0,0.0,0179,base,2.8341333178020442,6.412997078139344,2.704304862443174,5.4262290029415166,0.12982845535887044,0.9867680751978272
2,49.256761636204246,494.2392465767545,0.0,436.93558145028334,10875.0,326.25,10875.0,11256.25,610.0,0.0,55.0,11256.25,10646.25,1484.9481618307568,333.9764785474509,44.5484448549227,289.4280336925282,False,162.89673001413382,172.76443948199122,59.48172495635218,59.39792647323027,29.698963236615135,0.6989632366151355,29.65435479460527,21.846779072514167,21.846779072514167,39.38905216834686,9.529617652024175,30.0,30.0,0.0,False,142.76443948199122,0.0,0.0,0.0,0.0,89.7868840733813,0.0,False,52.977555408609916,374.4523625033732,0.0,407.0761469339607,52.977555408609916,52.977555408609916,0.0,0.0,0179,base,2.433365102135523,7.499192959732328,2.181443906461253,6.48483739036037,0.25192119567426996,1.0143555693719577
3,52.977555408609916,374.4523625033732,0.0,407.0761469339607,10875.0,326.25,10875.0,11256.25,610.0,0.0,55.0,11256.25,10646.25,1520.7386505686509,342.0260399405148,45.62215951705952,296.4038804234553,False,174.26400221447176,190.54428628882695,63.39573283163871,60.82954602274604,30.41477301137302,0.7158097747578829,22.46714175020239,20.353807346698034,20.353807346698034,36.69727133425474,9.759302217464299,30.0,30.0,0.0,False,160.54428628882695,0.0,0.0,0.0,0.0,99.02719445712927,0.0,False,61.517091831697684,245.42516804624393,0.0,380.13817781717023,61.517091831697684,61.517091831697684,0.0,0.0,0179,base,2.0378693277977815,9.022601989521066,1.649132487484916,7.987353086605739,0.3887368403128655,1.0352489029153267
4,61.517091831697684,245.42516804624393,0.0,380.13817781717023,10875.0,326.25,10875.0,11256.25,610.0,0.0,55.0,11256.25,10646.25,1557.3917681288992,350.26961331580725,46.721753043866975,303.5478602719403,False,186.05460094123634,213.30283678386286,67.4538603245768,62.29567072515597,31.147835362577986,0.7330623512049677,14.725510082774635,19.00690889085851,19.00690889085851,34.26885598907116,9.994522681775475,30.0,30.0,0.0,False,183.30283678386286,0.0,0.0,0.0,0.0,110.85497186955786,0.0,False,72.447864914305,104.57019617668607,0.0,355.8638445098746,72.447864914305,72.447864914305,0.0,0.0,0179,base,1.6455946442291525,11.326299884621202,1.1076786595885573,10.383768018225867,0.5379159846405952,0.9425318663953348
5,72.447864914305,104.57019617668607,0.0,355.8638445098746,10875.0,326.25,10875.0,11256.25,610.0,0.0,55.0,11256.25,10646.25,1594.9283057471457,358.71187478515725,47.84784917241437,310.86402561274286,False,198.3974524026496,238.76475411424627,71.699155404162,63.79713222988583,31.898566114942916,0.7507307523649303,6.2742117706011635,17.79319222549373,17.79319222549373,32.08056320270832,10.23541247219193,30.0,30.0,0.0,False,208.76475411424627,0.0,0.0,0.0,0.0,74.57019617668607,0.0,False,134.1945579375602,0.0,0.0,334.01869377935816,134.1945579375602,134.1945579375602,2869.694998281258,2626.825437465241,0179,base,1.2546644953082147,15.23722626969846,0.5570602756362005,14.904468917518516,0.6976042196720141,0.33275735217994473
1,36.0,780.0,0.0,550.0,12600.0,378.0,12600.0,13014.0,780.0,0.0,36.0,13014.0,12234.0,1680.0,288.56521956579576,50.4,238.16521956579575,False,106.0989146743468,93.41953665888244,40.96630489144894,67.2,33.6,0.0,46.8,27.5,27.5,48.67937801546439,3.823022717344655,30.0,30.0,0.0,False,63.419536658882436,0.0,0.0,0.0,0.0,38.419536658882436,0.0,False,25.0,711.5804633411176,0.0,505.14364470188025,25.0,25.0,0.0,0.0,0180,distressed,2.977835439434729,6.0686227296838675,4.129825866873998,3.883784920131841,-1.151990427439269,2.1848378095520267
2,25.0,711.5804633411176,0.0,505.14364470188025,12600.0,378.0,12600.0,13014.0,780.0,0.0,36.0,13014.0,12234.0,1718.7424265275324,295.21981290950356,51.56227279582597,243.65754011367758,False,113.81687476276144,94.10764124903005,43.926382519529135,68.7496970611013,34.37484853055065,0.7748485305506492,42.69482780046705,25.257182235094014,25.257182235094014,44.709233513731384,3.911185322546925,30.0,30.0,0.0,False,64.10764124903005,0.0,0.0,0.0,0.0,39.10764124903005,0.0,False,25.0,642.4728220920875,0.0,464.3455965106958,25.0,25.0,0.0,0.0,0180,distressed,2.5778361415296698,7.030235765241673,3.664450593410555,4.344533925560219,-1.0866144518808851,2.685701839681454
3,25.0,642.4728220920875,0.0,464.3455965106958,12600.0,378.0,12600.0,13014.0,780.0,0.0,36.0,13014.0,12234.0,1758.3782909200893,302.0278676185025,52.751348727602675,249.27651889089984,False,122.25665210782782,106.15837061262698,46.87771743495995,70.33513163680357,35.16756581840178,0.7927172878511328,38.54836932552525,23.217279825534792,23.217279825534792,41.09828149520084,4.001381042781649,30.0,30.0,0.0,False,76.15837061262698,0.0,0.0,0.0,0.0,51.15837061262698,0.0,False,25.0,561.3144514794606,0.0,427.24869605827666,25.0,25.0,0.0,0.0,0180,distressed,2.182444646726562,8.351458418918234,3.190312056749787,4.889900321128884,-1.0078674100232252,3.46155809778935
4,25.0,561.3144514794606,0.0,427.24869605827666,12600.0,378.0,12600.0,13014.0,780.0,0.0,36.0,13014.0,12234.0,1798.928196719839,308.9929226604532,53.96784590159517,255.025076758858,False,131.18755106718902,118.37264055439793,49.99594371679414,71.95712786879356,35.97856393439678,0.8109981159949982,33.67886708876763,21.362434802913835,21.362434802913835,37.81491051279109,4.09365676364988,30.0,30.0,0.0,False,88.37264055439793,0.0,0.0,0.0,0.0,63.37264055439793,0.0,False,25.0,467.9418109250626,0.0,393.5274423091355,25.0,25.0,0.0,0.0,0180,distressed,1.7896705800027088,10.290565390572066,2.707082240046576,5.613837464610408,-0.9174116600438673,4.676727925961658
5,25.0,467.9418109250626,0.0,393.5274423091355,12600.0,378.0,12600.0,13014.0,780.0,0.0,36.0,13014.0,12234.0,1840.41322260658,316.1185986150366,55.21239667819739,260.90620193683924,False,140.6311581306084,130.8008469967443,53.28833029146968,73.61652890426319,36.808264452131596,0.829700517734814,28.076508655503755,19.676372115456775,19.676372115456775,34.83031113386411,4.188060451980024,30.0,30.0,0.0,False,100.8008469967443,0.0,0.0,0.0,0.0,75.8008469967443,0.0,False,25.0,362.14096392831834,0.0,362.88519162725146,25.0,25.0,2528.948788920293,1790.9884015309185,0180,distressed,1.397684061054481,13.42929538556242,2.214441537519432,6.619885408196662,-0.816757476464951,6.809409977365759
1,45.0,520.0,0.0,390.0,9000.0,270.0,9000.0,9315.0,520.0,0.0,45.0,9315.0,8795.0,1200.0,261.96358724011174,36.0,225.96358724011174,False,119.44769043008381,124.51939081749381,43.81589681002794,48.0,24.0,0.0,31.2,19.5,19.5,39.928299612589996,12.53505754309019,30.0,30.0,0.0,False,94.51939081749381,0.0,0.0,0.0,0.0,60.51539864940223,0.0,False,34.003992168091585,429.48460135059776,0.0,362.6067579305002,34.003992168091585,34.003992168091585,0.0,0.0,0181,base,3.162734833472583,5.707756277557175,2.893865422670958,5.166934659568279,0.26886941080162474,0.5408216179888967
2,34.003992168091585,429.48460135059776,0.0,362.6067579305002,9000.0,270.0,9000.0,9315.0,520.0,0.0,45.0,9315.0,8795.0,1188.1031048042867,259.3664594547045,35.6430931441286,223.7233663105759,False,123.22487110563266,120.10509078090655,44.95598808325375,47.52412419217147,23.762062096085735,-0.23793790391426484,25.769076081035866,18.13033789652501,18.13033789652501,37.1237724928177,12.410783988204873,30.0,30.0,0.0,False,90.10509078090655,0.0,0.0,0.0,0.0,58.370085178798426,0.0,False,31.735005602108124,341.1145161717993,0.0,337.89376942588734,31.735005602108124,31.735005602108124,0.0,0.0,0181,base,2.8637586130643613,6.30182218858726,2.495593614364843,5.908198674070668,0.36816499869951835,0.39362351451659183
3,31.735005602108124,341.1145161717993,0.0,337.89376942588734,9000.0,270.0,9000.0,9315.0,520.0,0.0,45.0,9315.0,8795.0,1176.3241563713216,256.7950798001913,35.28972469113965,221.50535510905164,False,126.58018415553306,123.72153934004058,46.03594891686233,47.05296625485286,23.52648312742643,-0.23557896865930417,20.46687097030796,16.89468847129437,16.89468847129437,34.59365041760059,12.287742491201282,30.0,30.0,0.0,False,93.72153934004058,0.0,0.0,0.0,0.0,60.1276494008385,0.0,False,33.59388993920208,250.98686677096083,0.0,315.58786149948804,33.59388993920208,33.59388993920208,0.0,0.0,0181,base,2.5625889553510444,7.049893051118642,2.075510320314361,6.873243077596177,0.4870786350366836,0.1766499735224647
4,33.59388993920208,250.98686677096083,0.0,315.58786149948804,9000.0,270.0,9000.0,9315.0,520.0,0.0,45.0,9315.0,8795.0,1164.661985367542,254.24919300755988,34.93985956102626,219.30933344653363,False,129.93966984037635,131.2235939127884,47.1176820913254,46.58647941470168,23.29323970735084,-0.23324342007559196,15.059212006257649,15.779393074974402,15.779393074974402,32.30996586679004,12.165920837359836,30.0,30.0,0.0,False,101.2235939127884,0.0,0.0,0.0,0.0,63.77358615156363,0.0,False,37.450007761224775,157.2132806193972,0.0,295.44381647005787,37.450007761224775,37.450007761224775,0.0,0.0,0181,base,2.2572458180506723,8.026942795562029,1.6330714147670253,8.24451016308427,0.6241744032836469,-0.21756736752224093
5,37.450007761224775,157.2132806193972,0.0,295.44381647005787,9000.0,270.0,9000.0,9315.0,520.0,0.0,45.0,9315.0,8795.0,1153.1154340522512,251.7285463385552,34.59346302156754,217.13508331698765,False,133.39734842802403,140.5997427977013,48.23252391408023,46.12461736209005,23.062308681045025,-0.2309310263058144,9.432796837163833,14.772190823502894,14.772190823502894,30.24761339154749,12.045306933058658,30.0,30.0,0.0,False,110.59974279770131,0.0,0.0,0.0,0.0,68.33031730678012,0.0,False,42.26942549092119,58.88296331261709,0.0,277.24151001156906,42.26942549092119,42.26942549092119,2013.8283707084415,1689.7658973145499,0181,base,1.945775406520307,9.36488816836999,1.167348924496044,10.399862617885809,0.778426482024263,-1.0349744495158184
1,55.0,610.0,0.0,470.0,10875.0,326.25,10875.0,11256.25,610.0,0.0,55.0,11256.25,10646.25,1450.0,295.20581945944593,43.5,251.70581945944593,False,129.20436459458446,140.96535956861317,47.901454864861485,58.0,29.0,0.0,36.6,23.5,23.5,43.2390050259713,15.802931928541783,30.0,30.0,0.0,False,110.96535956861317,0.0,0.0,0.0,0.0,85.96535956861317,0.0,False,25.0,494.03464043138683,0.0,442.5639269025705,25.0,25.0,0.0,0.0,0182,base,2.7148029096392254,6.713788263123826,3.0880101517076928,4.911910473534874,-0.37320724206846734,1.8018777895889517
2,25.0,494.03464043138683,0.0,442.5639269025705,10875.0,326.25,10875.0,11256.25,610.0,0.0,55.0,11256.25,10646.25,1518.9100302052775,309.2352276909798,45.56730090615832,263.6679267848215,False,142.35593810419903,126.64099372195682,52.97441300345244,60.7564012082111,30.37820060410555,1.378200604105551,29.64207842588321,22.128196345128526,22.128196345128526,40.714944382242216,16.553952974422995,30.0,30.0,0.0,False,96.64099372195682,0.0,0.0,0.0,0.0,71.64099372195682,0.0,False,25.0,392.39364670943,0.0,418.40293549475126,25.0,25.0,0.0,0.0,0182,base,2.206167175633035,8.335247228770935,2.5410965887412784,5.973219749340274,-0.3349294131082434,2.3620274794306617
3,25.0,392.39364670943,0.0,418.40293549475126,10875.0,326.25,10875.0,11256.25,610.0,0.0,55.0,11256.25,10646.25,1591.094951626343,323.93137174664963,47.73284854879029,276.19852319785934,False,156.44642027073226,142.95423595001162,57.933689405139,63.643798065053716,31.821899032526858,1.4436984284213068,23.5436188025658,20.920146774737564,20.920146774737564,38.49218432072063,17.34066566372247,30.0,30.0,0.0,False,112.95423595001162,0.0,0.0,0.0,0.0,87.80069467216302,0.0,False,25.153541277848603,274.59295203726697,0.0,397.2514168377531,25.153541277848603,25.153541277848603,0.0,0.0,0182,base,1.7132723866205701,10.914001824692523,1.9963822093247445,7.285288763576992,-0.2831098227041744,3.6287130611155307
4,25.153541277848603,274.59295203726697,0.0,397.2514168377531,10875.0,326.25,10875.0,11256.25,610.0,0.0,55.0,11256.25,10646.25,1666.710400713264,339.3259376856142,50.00131202139792,289.3246256642162,False,171.56044528619836,160.16769718272394,63.24661942502314,66.66841602853057,33.334208014265286,1.5123089817384283,16.475577122236018,19.862570841887656,19.862570841887656,36.546289381323035,18.16476621176849,30.0,30.0,0.0,False,130.16769718272394,0.0,0.0,0.0,0.0,98.3729861744098,0.0,False,31.794711008314138,146.21996586285718,0.0,378.86989366819853,31.794711008314138,31.794711008314138,0.0,0.0,0182,base,1.233296482213949,15.67942199166031,1.4537501963076576,9.33800858592539,-0.22045371409370862,6.3414134057349205
5,31.794711008314138,146.21996586285718,0.0,378.86989366819853,10875.0,326.25,10875.0,11256.25,610.0,0.0,55.0,11256.25,10646.25,1745.9194104074718,355.4521174203382,52.37758231222415,303.07453510811405,False,187.47500755674068,184.41449040227087,68.83946061823318,69.83677641629887,34.91838820814944,1.5841801938841513,8.773197951771431,18.943494683409927,18.943494683409927,34.85522816278394,19.028031445095916,30.0,30.0,0.0,False,154.41449040227087,0.0,0.0,0.0,0.0,113.2650617683988,0.0,False,41.14942863387208,2.954904094458385,0.0,363.0426969505105,41.14942863387208,41.14942863387208,2843.6169393627056,2476.114512861168,0182,base,0.763783562334377,27.53457725110173,0.9139013568653163,12.824478089754317,-0.1501177945309392,14.710099161347413
1,30.0,390.0,0.0,300.0,5700.0,171.0,5700.0,5901.0,390.0,0.0,30.0,5901.0,5511.0,760.0,147.19379489036595,22.8,124.39379489036595,False,56.89534616777445,46.056450026350646,21.49844872259149,30.400000000000002,15.200000000000001,0.0,23.4,15.0,15.0,40.8388961414238,9.558547593826725,30.0,30.0,0.0,False,16.056450026350646,0.0,8.943549973649354,8.943549973649354,0.0,0.0,0.0,False,25.0,360.0,8.943549973649354,268.71965145240296,25.0,25.0,0.0,0.0,0183,base,4.329669509442612,4.13768368628559,4.162289598433011,3.8331717419366136,0.1673799110096006,0.30451194434897655
2,25.0,360.0,8.943549973649354,268.71965145240296,5700.0,171.0,5700.0,5901.0,390.0,0.0,30.0,5901.0,5511.0,722.897275035038,140.00788582672612,21.68691825105114,118.32096757567498,False,55.57436075242576,43.99364762967814,20.687093001158967,28.91589100140152,14.45794550070076,-0.7420544992992415,22.13661299841896,13.435982572620148,13.435982572620148,36.580713122747625,9.091905274829024,30.0,30.0,0.0,False,13.993647629678136,0.0,11.006352370321864,11.006352370321864,0.0,0.0,0.0,False,25.0,330.0,19.949902343971218,241.23084360448433,25.0,25.0,0.0,0.0,0183,base,4.137986264821937,4.298300856990959,4.043920402091931,3.935835537981137,0.09406586273000617,0.3624653190098224
3,25.0,330.0,19.949902343971218,241.23084360448433,5700.0,171.0,5700.0,5901.0,390.0,0.0,30.0,5901.0,5511.0,687.6058819119518,133.1727883520487,20.628176457358553,112.54461189469016,False,53.444325723712964,45.60565449680768,19.871518893456916,27.50423527647807,13.752117638239035,-0.7058278624617245,20.99699414063827,12.061542180224217,12.061542180224217,32.838671226905284,8.648044142171829,30.0,30.0,0.0,False,15.60565449680768,0.0,9.39434550319232,9.39434550319232,0.0,0.0,0.0,False,25.0,300.0,29.344247847163537,217.04021651975089,25.0,25.0,0.0,0.0,0183,base,3.956433571749632,4.463944298233706,3.9150976022865076,4.028393364409374,0.04133596946312457,0.43555093382433174
4,25.0,300.0,29.344247847163537,217.04021651975089,5700.0,171.0,5700.0,5901.0,390.0,0.0,30.0,5901.0,5511.0,654.0373925423869,126.67137606383403,19.621121776271607,107.05025428756242,False,51.459187305026234,46.913577768485425,19.109397147686266,26.161495701695475,13.080747850847738,-0.6713697873912974,19.760654870829814,10.852010825987545,10.852010825987545,29.545609536540805,8.225852032577286,30.0,30.0,0.0,False,16.913577768485425,0.0,8.086422231514575,8.086422231514575,0.0,0.0,0.0,False,25.0,270.0,37.43067007867811,195.72045901578736,25.0,25.0,0.0,0.0,0183,base,3.783245440752899,4.6361641576199935,3.7747369923060505,4.137874738461715,0.008508448446848504,0.4982894191582785
5,25.0,270.0,37.43067007867811,195.72045901578736,5700.0,171.0,5700.0,5901.0,390.0,0.0,30.0,5901.0,5511.0,622.1076958419907,120.48735865984756,18.66323087525972,101.82412778458783,False,49.611715447396364,47.96835711907125,18.39806615726944,24.884307833679628,12.442153916839814,-0.6385939340079236,18.44584020472069,9.786022950789368,9.786022950789368,26.643358328325114,7.824271077883616,30.0,30.0,0.0,False,17.96835711907125,0.0,7.03164288092875,7.03164288092875,0.0,0.0,0.0,False,25.0,240.0,44.46231295960686,176.90137176534586,25.0,25.0,963.8988692787805,513.0767015146461,0183,base,3.616722296881078,4.816939197854565,3.6216553303062073,4.267779210892494,-0.004933033425129185,0.5491599869620716
1,55.0,610.0,0.0,470.0,10875.0,326.25,10875.0,11256.25,610.0,0.0,55.0,11256.25,10646.25,1450.0,326.05703062440716,43.5,282.55703062440716,False,152.34277296830535,151.25394358792087,55.61425765610179,58.0,29.0,0.0,36.6,23.5,23.5,56.08882938038448,21.578108013406165,30.0,30.0,0.0,False,121.25394358792087,0.0,0.0,0.0,0.0,92.26564257127532,0.0,False,28.98830101664555,487.7343574287247,0.0,435.4892786330217,28.98830101664555,28.98830101664555,0.0,0.0,0184,base,2.639387580971319,6.889367469985363,2.7425733876451566,5.425241774116592,-0.10318580667383737,1.4641256958687707
2,28.98830101664555,487.7343574287247,0.0,435.4892786330217,10875.0,326.25,10875.0,11256.25,610.0,0.0,55.0,11256.25,10646.25,1544.5767185379152,347.32420580556095,46.337301556137454,300.9869042494235,False,170.12398259789927,147.14189245234425,62.48709471801223,61.78306874151661,30.891534370758304,1.891534370758304,29.26406144572348,21.774463931651084,21.774463931651084,51.97039116220058,22.985547081105924,30.0,30.0,0.0,False,117.14189245234425,0.0,0.0,0.0,0.0,89.75727134266414,0.0,False,27.38462110968011,367.9770860860606,0.0,406.50443455192703,27.38462110968011,27.38462110968011,0.0,0.0,0184,base,2.077698878381472,8.811320528229508,2.1510072924388903,6.805137947020901,-0.0733084140574185,2.0061825812086074
3,27.38462110968011,367.9770860860606,0.0,406.50443455192703,10875.0,326.25,10875.0,11256.25,610.0,0.0,55.0,11256.25,10646.25,1645.322234103003,369.97853935995926,49.35966702309009,320.6188723368692,False,190.1931364307501,169.06635781287125,69.5537563610273,65.81288936412012,32.90644468206006,2.014910311301758,22.078625165163633,20.325221727596354,20.325221727596354,48.511399727558945,24.484786816781618,30.0,30.0,0.0,False,139.06635781287125,0.0,0.0,0.0,0.0,103.13130203922468,0.0,False,35.93505577364657,234.8457840468359,0.0,382.47782164114966,35.93505577364657,35.93505577364657,0.0,0.0,0184,base,1.550373161978823,11.990442705910084,1.5714115497620655,8.725117329464021,-0.021038387783242518,3.2653253764460626
4,35.93505577364657,234.8457840468359,0.0,382.47782164114966,10875.0,326.25,10875.0,11256.25,610.0,0.0,55.0,11256.25,10646.25,1752.6389084746813,394.11050914072877,52.57916725424044,341.53134188648835,False,211.56480524903515,201.85574766138052,77.07917594040518,70.10555633898726,35.05277816949363,2.146333487433566,14.090747042810152,19.123891082057483,19.123891082057483,45.644113361301216,26.08181494866549,30.0,30.0,0.0,False,171.85574766138052,0.0,0.0,0.0,0.0,123.1329896126412,0.0,False,48.72275804873932,81.71279443419469,0.0,362.91552322851396,48.72275804873932,48.72275804873932,0.0,0.0,0184,base,1.0516358893158775,18.30859068694722,1.004554688168946,11.865566852154268,0.047081201146931484,6.443023834792951
5,48.72275804873932,81.71279443419469,0.0,362.91552322851396,10875.0,326.25,10875.0,11256.25,610.0,0.0,55.0,11256.25,10646.25,1866.955347609446,419.8164944482027,56.008660428283385,363.8078340199193,False,234.61358538554168,240.02675436649997,85.18982254811048,74.67821390437784,37.33910695218892,2.2863287826952927,4.902767666051681,18.145776161425697,18.145776161425697,43.309589067781026,27.78300975649854,30.0,30.0,0.0,False,210.02675436649997,0.0,0.0,0.0,0.0,51.71279443419469,0.0,False,158.3139599323053,0.0,0.0,347.3889439172315,158.3139599323053,158.3139599323053,3358.5319555856217,3119.0789922669114,0184,base,0.5774712749279084,37.06387785347357,0.4503753103685029,18.214447628041363,0.12709596455940547,18.849430225432208
1,55.0,610.0,0.0,470.0,10875.0,326.25,10875.0,11256.25,610.0,0.0,55.0,11256.25,10646.25,1450.0,376.56264481528166,43.5,333.06264481528166,False,190.2219836114612,204.4379269379321,68.24066120382041,58.0,29.0,0.0,36.6,23.5,23.5,40.78405667352911,10.935055531459144,30.0,30.0,0.0,False,174.4379269379321,0.0,0.0,0.0,0.0,109.9198862579629,0.0,False,64.5180406799692,470.0801137420371,0.0,440.15099885793006,64.5180406799692,64.5180406799692,0.0,0.0,0185,base,2.8761558193210157,6.324840710091531,2.2458761737634716,6.265601411235967,0.6302796455575441,0.059239298855564115
2,64.5180406799692,470.0801137420371,0.0,440.15099885793006,10875.0,326.25,10875.0,11256.25,610.0,0.0,55.0,11256.25,10646.25,1460.4458096646638,379.27540461842847,43.813374289939915,335.46203032848854,False,199.12388088086243,225.44799968352893,71.31241839026745,58.417832386586554,29.208916193293277,0.20891619329327682,28.204806824522226,22.007549942896503,22.007549942896503,38.19392187730269,11.013831744393041,30.0,30.0,0.0,False,195.44799968352893,0.0,0.0,0.0,0.0,121.21634597587365,0.0,False,74.23165370765528,318.86376776616345,0.0,412.9709087250204,74.23165370765528,74.23165370765528,0.0,0.0,0185,base,2.5084709708514232,7.287042251931536,1.733840409306564,7.553427662740753,0.7746305615448592,-0.2663854108092174
3,74.23165370765528,318.86376776616345,0.0,412.9709087250204,10875.0,326.25,10875.0,11256.25,610.0,0.0,55.0,11256.25,10646.25,1470.9668710117762,382.00770716127846,44.12900613035328,337.8787010309252,False,208.65365720946826,247.04993018103835,74.52458238217609,58.83867484047105,29.419337420235525,0.2104212269422483,19.131826065969808,20.648545436251023,20.648545436251023,35.83538073608521,11.093175461689981,30.0,30.0,0.0,False,217.04993018103835,0.0,0.0,0.0,0.0,132.83102911614807,0.0,False,84.21890106489028,156.03273865001538,0.0,388.2287034506252,84.21890106489028,84.21890106489028,0.0,0.0,0185,base,2.137564380343746,8.622695098805607,1.2042755484028143,9.602919548902452,0.9332888319409318,-0.9802244500968449
4,84.21890106489028,156.03273865001538,0.0,388.2287034506252,10875.0,326.25,10875.0,11256.25,610.0,0.0,55.0,11256.25,10646.25,1481.563726154959,384.7596932298587,44.44691178464877,340.31278144520996,False,218.62696210084508,269.1574771150523,77.88484548841944,59.262549046198366,29.631274523099183,0.21193710286365786,9.361964319000922,19.41143517253126,19.41143517253126,33.68838605068303,11.173090771655177,30.0,30.0,0.0,False,239.1574771150523,0.0,0.0,0.0,0.0,126.03273865001538,0.0,False,113.12473846503693,0.0,0.0,365.7134081715973,113.12473846503693,113.12473846503693,0.0,0.0,0185,base,1.7616937802803518,10.610647933825414,0.6564842267811606,13.372062391970434,1.1052095534991913,-2.761414458145021
5,113.12473846503693,0.0,0.0,365.7134081715973,10875.0,326.25,10875.0,11256.25,610.0,0.0,55.0,11256.25,10646.25,1492.2369211132245,387.53150462441977,44.76710763339673,342.76439699102303,False,228.2232118265348,309.6133197274442,81.1196816456108,59.68947684452898,29.84473842226449,0.2134638991653084,0.0,18.285670408579865,18.285670408579865,31.73463056412746,11.25358179204602,0.0,0.0,0.0,False,309.6133197274442,0.0,0.0,0.0,0.0,0.0,0.0,False,309.6133197274442,0.0,0.0,345.2323593995158,309.6133197274442,309.6133197274442,3100.252036995358,3018.1292167683564,0185,base,1.3791683352428452,13.897361215513433,0.09191262967534,21.193180012835906,1.2872557055675051,-7.2958187973224735
1,45.0,520.0,0.0,390.0,9000.0,270.0,9000.0,9315.0,520.0,0.0,45.0,9315.0,8795.0,1200.0,248.3864731102658,36.0,212.3864731102658,False,109.26485483269937,114.14296938390893,40.42161827756645,48.0,24.0,0.0,31.2,19.5,19.5,40.12188544879044,8.833765336827806,30.0,30.0,0.0,False,84.14296938390893,0.0,0.0,0.0,0.0,59.142969383908934,0.0,False,25.0,430.85703061609104,0.0,358.7118798880374,25.0,25.0,0.0,0.0,0186,base,3.025472587178243,5.97076559480249,3.078142303525179,4.899141481464809,-0.052669716346935846,1.0716241133376814
2,25.0,430.85703061609104,0.0,358.7118798880374,9000.0,270.0,9000.0,9315.0,520.0,0.0,45.0,9315.0,8795.0,1231.0849580826673,254.8207090310443,36.932548742480016,217.88816028856428,False,117.64330960041768,105.74024048762766,43.525286114299234,49.24339832330669,24.621699161653346,0.6216991616533463,25.85142183696546,17.93559399440187,17.93559399440187,36.90306911279003,9.062596357833984,30.0,30.0,0.0,False,75.74024048762766,0.0,0.0,0.0,0.0,50.74024048762766,0.0,False,25.0,350.1167901284634,0.0,330.87140713308133,25.0,25.0,0.0,0.0,0186,base,2.6031133852440798,6.947809858739672,2.5743127383796227,5.819549567214411,0.028800646864457047,1.1282602915252609
3,25.0,350.1167901284634,0.0,330.87140713308133,9000.0,270.0,9000.0,9315.0,520.0,0.0,45.0,9315.0,8795.0,1262.9751450145025,261.4216182467323,37.889254350435074,223.53236389629723,False,126.2187844101698,117.17984929408368,46.495446532983834,50.519005800580096,25.259502900290048,0.6378037386367019,21.007007407707803,16.54357035665407,16.54357035665407,34.03893511608613,9.297355047753488,30.0,30.0,0.0,False,87.17984929408368,0.0,0.0,0.0,0.0,61.28875252546318,0.0,False,25.8910967686205,258.8280376030002,0.0,306.1298270647487,25.8910967686205,25.8910967686205,0.0,0.0,0186,base,2.1912906875295755,8.285378546039096,2.062058874527936,6.961853420397693,0.12923181300163966,1.3235251256414031
4,25.8910967686205,258.8280376030002,0.0,306.1298270647487,9000.0,270.0,9000.0,9315.0,520.0,0.0,45.0,9315.0,8795.0,1295.6914195496913,268.1935182843179,38.870742586490735,229.32277569782718,False,135.25371188010658,129.65120389500944,49.62165052210243,51.827656781987656,25.913828390993828,0.6543254907037799,15.529682256180012,15.306491353237437,15.306491353237437,31.493604753717626,9.538194957702732,30.0,30.0,0.0,False,99.65120389500944,0.0,0.0,0.0,0.0,67.81166384851117,0.0,False,31.83954004649827,161.01637375448905,0.0,284.1744172687338,31.83954004649827,31.83954004649827,0.0,0.0,0186,base,1.7871814198438054,10.241393718162058,1.5412425088458765,8.697366984677076,0.24593891099792886,1.5440267334849818
5,31.83954004649827,161.01637375448905,0.0,284.1744172687338,9000.0,270.0,9000.0,9315.0,520.0,0.0,45.0,9315.0,8795.0,1329.2551807703362,275.14083851257715,39.877655423110085,235.26318308946708,False,144.5812828184545,147.18591666717606,52.84836995019026,53.170207230813446,26.585103615406723,0.671275224412895,9.660982425269342,14.20872086343669,14.20872086343669,29.2349061977767,9.78527361640648,30.0,30.0,0.0,False,117.18591666717606,0.0,0.0,0.0,0.0,76.98287099865263,0.0,False,40.20304566852343,54.03350275583642,0.0,264.7247846873636,40.20304566852343,40.20304566852343,2201.126708100617,1889.5545657044315,0186,base,1.3882642386049409,13.394728748799558,1.0124096563801936,11.526780839490376,0.3758545822247472,1.8679479093091818
1,35.0,470.0,0.0,360.0,7350.0,220.5,7350.0,7605.5,470.0,0.0,35.0,7605.5,7135.5,980.0,223.18047746633286,29.4,193.78047746633285,False,100.88535809974967,93.35480213761946,36.895119366583216,39.2,19.6,0.0,28.2,18.0,18.0,42.53055596213022,9.662151294771157,30.0,30.0,0.0,False,63.35480213761946,0.0,0.0,0.0,0.0,38.35480213761946,0.0,False,25.0,401.64519786238054,0.0,327.1315953326409,25.0,25.0,0.0,0.0,0187,base,3.497591537381286,5.147191343164863,3.153397650120125,4.83074626550504,0.3441938872611612,0.3164450776598233
2,25.0,401.64519786238054,0.0,327.1315953326409,7350.0,220.5,7350.0,7605.5,470.0,0.0,35.0,7605.5,7135.5,1019.0780424880923,232.07992254892682,30.572341274642767,201.50758127428406,False,109.8168759522891,96.16940755707846,40.263072408977294,40.763121699523694,20.381560849761847,0.7815608497618456,24.098711871742832,16.35657976663205,16.35657976663205,38.64746839521062,10.047434926223648,30.0,30.0,0.0,False,66.16940755707846,0.0,0.0,0.0,0.0,41.16940755707846,0.0,False,25.0,330.4757903053021,0.0,298.53156186365396,25.0,25.0,0.0,0.0,0187,base,3.0289670712449066,5.923297038219063,2.6025833925449535,5.736701260825459,0.4263836786999531,0.18659577739360422
3,25.0,330.4757903053021,0.0,298.53156186365396,7350.0,220.5,7350.0,7605.5,470.0,0.0,35.0,7605.5,7135.5,1059.7143435524101,241.3342379305596,31.791430306572302,209.5428076239873,False,119.68089212755439,109.41224407670919,43.69692052812162,42.388573742096405,21.194286871048202,0.8127260212863554,19.828547418318124,14.926578093182698,14.926578093182698,35.26864805084521,10.448081955757639,30.0,30.0,0.0,False,79.41224407670919,0.0,0.0,0.0,0.0,52.56567950578473,0.0,False,26.846564570924457,247.91011079951738,0.0,273.71099576856636,26.846564570924457,26.846564570924457,0.0,0.0,0187,base,2.588074713428849,6.919030412519349,2.050163069441989,6.943845961675485,0.5379116439868601,-0.02481554915613593
4,26.846564570924457,247.91011079951738,0.0,273.71099576856636,7350.0,220.5,7350.0,7605.5,470.0,0.0,35.0,7605.5,7135.5,1101.9710396162693,250.95757426084714,33.05913118848808,217.89844307235904,False,130.1388706595299,124.64909961105047,47.33457165898992,44.078841584650775,22.039420792325387,0.8451339212771849,14.874606647971042,13.685549788428318,13.685549788428318,32.33633561940389,10.864705007376177,30.0,30.0,0.0,False,94.64909961105047,0.0,0.0,0.0,0.0,59.8860271638822,0.0,False,34.76307244716828,158.02408363563518,0.0,252.23936515653867,34.76307244716828,34.76307244716828,0.0,0.0,0187,base,2.1697631508182487,8.253622467451281,1.4962703454995454,8.786981780709247,0.6734928053187033,-0.5333593132579661
5,34.76307244716828,158.02408363563518,0.0,252.23936515653867,7350.0,220.5,7350.0,7605.5,470.0,0.0,35.0,7605.5,7135.5,1145.912744827261,260.964646454392,34.377382344817825,226.58726410957416,False,141.03242657271437,145.9958311430983,51.12346270840228,45.836509793090435,22.918254896545218,0.8788341042198304,9.48144501813811,12.611968257826934,12.611968257826934,29.799667876784355,11.29794113380356,30.0,30.0,0.0,False,115.99583114309829,0.0,0.0,0.0,0.0,70.14178471349376,0.0,False,45.85404642960452,57.882298922141416,0.0,233.73763841355785,45.85404642960452,45.85404642960452,2087.717171635136,1810.6355231545142,0187,base,1.7696443730647589,10.150703343071552,0.9417593311783959,11.811875475949652,0.8278850418863629,-1.6611721328781002
1,35.0,470.0,0.0,360.0,7350.0,220.5,7350.0,7605.5,470.0,0.0,35.0,7605.5,7135.5,980.0,170.31187387238424,29.4,140.91187387238423,False,61.23390540428818,57.33719771176135,23.677968468096058,39.2,19.6,0.0,28.2,18.0,18.0,38.89670769252683,15.655369697381996,30.0,30.0,0.0,False,27.33719771176135,0.0,0.0,0.0,0.0,2.3371977117613483,0.0,False,25.0,437.66280228823865,0.0,336.7586620048552,25.0,25.0,0.0,0.0,0188,base,3.8761399786744533,4.643621616271526,4.40028899485094,3.686404196371953,-0.5241490161764868,0.9572174198995729
2,25.0,437.66280228823865,0.0,336.7586620048552,7350.0,220.5,7350.0,7605.5,470.0,0.0,35.0,7605.5,7135.5,936.9775454344546,162.83510361151937,28.109326363033635,134.72577724848574,False,60.21173064517783,48.82616609259645,22.907019002737165,37.47910181737819,18.739550908689093,-0.8604490913109082,26.25976813729432,16.83793310024276,16.83793310024276,36.38556455258137,14.968091706042777,30.0,30.0,0.0,False,18.826166092596452,0.0,6.173833907403548,6.173833907403548,0.0,0.0,0.0,False,25.0,407.66280228823865,6.173833907403548,315.34118915831664,25.0,25.0,0.0,0.0,0188,base,3.7566890246467755,4.768899173765983,4.324484154435994,3.7782781664859155,-0.5677951297892183,0.9906210072800676
3,25.0,407.66280228823865,6.173833907403548,315.34118915831664,7350.0,220.5,7350.0,7605.5,470.0,0.0,35.0,7605.5,7135.5,895.8437965799749,155.68656703314952,26.875313897399245,128.81125313575026,False,58.02473364086178,48.95325014612608,22.053498876523975,35.833751863199,17.9168759315995,-0.8226749770895943,24.83019817173853,15.767059457915833,15.767059457915833,34.0714834947357,14.31098553731202,30.0,30.0,0.0,False,18.95325014612608,0.0,6.046749853873919,6.046749853873919,0.0,0.0,0.0,False,25.0,377.66280228823865,12.220583761277467,295.58069120089294,25.0,25.0,0.0,0.0,0188,base,3.640935670605244,4.898042916082993,4.242267588248509,3.834903540859565,-0.6013319176432645,1.063139375223428
4,25.0,377.66280228823865,12.220583761277467,295.58069120089294,7350.0,220.5,7350.0,7605.5,470.0,0.0,35.0,7605.5,7135.5,856.5158383797833,148.85185452636438,25.6954751513935,123.15637937497088,False,55.95965701917247,49.02322439362755,21.246085412988815,34.26063353519133,17.130316767595666,-0.7865591640038332,23.393003162970967,14.779034560044648,14.779034560044648,31.936432625544917,13.68272663418224,30.0,30.0,0.0,False,19.02322439362755,0.0,5.976775606372449,5.976775606372449,0.0,0.0,0.0,False,25.0,347.66280228823865,18.197359367649916,277.3269852095303,25.0,25.0,0.0,0.0,0188,base,3.528170896695032,5.032047737531106,4.153036244206999,3.8994998277656787,-0.624865347511967,1.1325479097654272
5,25.0,347.66280228823865,18.197359367649916,277.3269852095303,7350.0,220.5,7350.0,7605.5,470.0,0.0,35.0,7605.5,7135.5,818.9143957865545,142.31718906885655,24.567431873596632,117.74975719525992,False,54.011733570571586,49.04754835128044,20.482949558857523,32.75657583146218,16.37828791573109,-0.7520288518645764,21.951609699353316,13.866349260476515,13.866349260476515,29.964185219291142,13.08204858831297,30.0,30.0,0.0,False,19.04754835128044,0.0,5.95245164871956,5.95245164871956,0.0,0.0,0.0,False,25.0,317.66280228823865,24.149811016369476,260.44484857855207,25.0,25.0,1138.5375125508524,544.2019879794294,0188,base,3.4176829849287675,5.1721241286387105,4.056133104230079,3.973347259358541,-0.6384501193013112,1.1987768692801697
1,29.75,493.5,0.0,374.40000000000003,7350.0,220.5,7350.0,7600.25,493.5,0.0,29.75,7600.25,7106.75,980.0,184.45525850725716,29.4,155.05525850725715,False,70.24394388044284,58.43890223086317,26.681314626814288,39.2,19.6,0.0,29.61,18.720000000000002,18.720000000000002,41.55504164957967,13.300415805326454,30.0,30.0,0.0,False,28.43890223086317,0.0,0.0,0.0,0.0,3.438902230863171,0.0,False,25.0,460.06109776913684,0.0,346.1453741557468,25.0,25.0,0.0,0.0,0189,downside,3.645652085808986,4.940881410557279,4.235208463271586,3.8165789055919133,-0.5895563774625998,1.1243025049653657
2,25.0,460.06109776913684,0.0,346.1453741557468,7350.0,220.5,7350.0,7600.25,493.5,0.0,29.75,7600.25,7106.75,1028.5376243537376,193.59099324960084,30.856128730612127,162.73486451898873,False,77.11181872817775,63.69278710464304,29.45598248626329,41.141504974149505,20.570752487074753,0.9707524870747513,27.60366586614821,17.30726870778734,17.30726870778734,38.419031623534714,13.959161301354461,30.0,30.0,0.0,False,33.69278710464304,0.0,0.0,0.0,0.0,8.692787104643038,0.0,False,25.0,421.3683106644938,0.0,321.6855038335666,25.0,25.0,0.0,0.0,0189,downside,3.1437918889836305,5.7150100752304995,3.7091282112089727,4.310553656613351,-0.5653363222253422,1.4044564186171486
3,25.0,421.3683106644938,0.0,321.6855038335666,7350.0,220.5,7350.0,7600.25,493.5,0.0,29.75,7600.25,7106.75,1079.4792292971736,203.1792043808417,32.384376878915205,170.79482750192648,False,85.25771586094345,74.55351043928245,32.35711341759463,43.17916917188694,21.58958458594347,1.0188320988687174,25.282098639869627,16.08427519167833,16.08427519167833,35.704205421661,14.650533268230353,30.0,30.0,0.0,False,44.55351043928245,0.0,0.0,0.0,0.0,19.553510439282448,0.0,False,25.0,371.81480022521134,0.0,300.6318316801359,25.0,25.0,0.0,0.0,0189,downside,2.673032198385478,6.7154413768752255,3.186579226345256,4.9116996623447715,-0.513547027959778,1.803741714530454
4,25.0,371.81480022521134,0.0,300.6318316801359,7350.0,220.5,7350.0,7600.25,493.5,0.0,29.75,7600.25,7106.75,1132.9438796331822,213.2423022366872,33.988316388995464,179.25398584769175,False,94.03639788457718,85.66896122149633,35.47837656254307,45.317755185327286,22.658877592663643,1.069293006720173,22.30888801351268,15.031591584006797,15.031591584006797,33.36743666308085,15.376147635939843,30.0,30.0,0.0,False,55.66896122149633,0.0,0.0,0.0,0.0,30.668961221496332,0.0,False,25.0,311.145839003715,0.0,282.6405426529949,25.0,25.0,0.0,0.0,0189,downside,2.228060127388352,8.067689099746252,2.667324333355716,5.7107542413797185,-0.43926420596736415,2.3569348583665333
5,25.0,311.145839003715,0.0,282.6405426529949,7350.0,220.5,7350.0,7600.25,493.5,0.0,29.75,7600.25,7106.75,1189.0565372285919,223.8038070961673,35.67169611685775,188.13211097930954,False,103.48568160563354,97.11511664354754,38.83283337660923,47.56226148914367,23.781130744571836,1.1222531519081933,18.6687503402229,14.132027132649746,14.132027132649746,31.370564962086007,16.137700368552963,30.0,30.0,0.0,False,67.11511664354754,0.0,0.0,0.0,0.0,42.11511664354754,0.0,False,25.0,239.0307223601675,0.0,267.40767805946183,25.0,25.0,1790.4304567693384,1282.1355994981689,0189,downside,1.804369401032889,10.010388105887444,2.151162693192068,6.823125070168249,-0.346793292159179,3.1872630357191944
1,30.0,390.0,0.0,300.0,5700.0,171.0,5700.0,5901.0,390.0,0.0,30.0,5901.0,5511.0,760.0,160.50501363336573,22.8,137.70501363336572,False,66.87876022502428,59.52741808841453,24.82625340834143,30.400000000000002,15.200000000000001,0.0,23.4,15.0,15.0,37.35134213660975,7.320087974422131,30.0,30.0,0.0,False,29.527418088414528,0.0,0.0,0.0,0.0,4.527418088414528,0.0,False,25.0,355.47258191158545,0.0,269.9687458378124,25.0,25.0,0.0,0.0,0190,base,4.170295241954926,4.300498715444529,3.7409506043279026,4.1798180633688995,0.42934463762702313,0.12068065207562917
2,25.0,355.47258191158545,0.0,269.9687458378124,5700.0,171.0,5700.0,5901.0,390.0,0.0,30.0,5901.0,5511.0,753.2874028951196,159.08737483095243,22.598622086853588,136.48875274409883,False,68.84784831628124,60.23553167634934,25.41549013437827,30.131496115804786,15.065748057902393,-0.13425194209760782,21.328354914695126,13.49843729189062,13.49843729189062,33.612316639931905,7.2554342884424265,30.0,30.0,0.0,False,30.23553167634934,0.0,0.0,0.0,0.0,5.235531676349339,0.0,False,25.0,320.2370502352361,0.0,243.61186348632287,25.0,25.0,0.0,0.0,0190,base,3.823440931279272,4.663694514752122,3.3871255609952984,4.567959457399267,0.4363153702839737,0.09573505735285526
3,25.0,320.2370502352361,0.0,243.61186348632287,5700.0,171.0,5700.0,5901.0,390.0,0.0,30.0,5901.0,5511.0,746.6340938953609,157.68225713132972,22.39902281686083,135.2832343144689,False,70.5830388355705,65.25227196352145,25.972104531509647,29.86536375581444,14.93268187790722,-0.13306617999517378,19.214223014114165,12.180593174316144,12.180593174316144,30.33076687204905,7.191351647390785,30.0,30.0,0.0,False,35.25227196352145,0.0,0.0,0.0,0.0,10.252271963521451,0.0,False,25.0,279.9847782717146,0.0,220.4724482616646,25.0,25.0,0.0,0.0,0190,base,3.4890151875410442,5.084083310899209,3.0152867873864997,5.022557105763185,0.47372840015454454,0.06152620513602436
4,25.0,279.9847782717146,0.0,220.4724482616646,5700.0,171.0,5700.0,5901.0,390.0,0.0,30.0,5901.0,5511.0,740.0395493465622,156.2895499435524,22.201186480396867,134.08836346315553,False,72.43073616283742,69.98093000711266,26.566413588442355,29.60158197386249,14.800790986931245,-0.13189089097597417,16.799086696302876,11.023622413083231,11.023622413083231,27.449806155724755,7.127835007590189,30.0,30.0,0.0,False,39.98093000711266,0.0,0.0,0.0,0.0,14.980930007112661,0.0,False,25.0,235.00384826460197,0.0,200.15047711353003,25.0,25.0,0.0,0.0,0190,base,3.1635676946361513,5.581196676770727,2.62432341462541,5.617337597467368,0.5392442800107413,-0.03614092069664121
5,25.0,235.00384826460197,0.0,200.15047711353003,5700.0,171.0,5700.0,5901.0,390.0,0.0,30.0,5901.0,5511.0,733.5032502196666,154.90914365345483,22.005097506589998,132.90404614686483,False,74.3929120268254,74.47328219524826,27.199072848828052,29.340130008786666,14.670065004393333,-0.13072598253791234,14.100230895876118,10.007523855676503,10.007523855676503,24.919629831577133,7.064879369911223,30.0,30.0,0.0,False,44.47328219524826,0.0,0.0,0.0,0.0,19.47328219524826,0.0,False,25.0,185.5305660693537,0.0,182.2957266518641,25.0,25.0,1239.2731492276387,877.8577592680064,0190,base,2.8439079226397737,6.184019121598286,2.2130797746074298,6.4256976748727785,0.6308281480323439,-0.24167855327449228
1,30.0,390.0,0.0,300.0,5700.0,171.0,5700.0,5901.0,390.0,0.0,30.0,5901.0,5511.0,760.0,156.9705500055976,22.8,134.1705500055976,False,64.2279125041982,55.1481564802199,23.942637501399396,30.400000000000002,15.200000000000001,0.0,23.4,15.0,15.0,39.0797560239783,11.180824442395746,30.0,30.0,0.0,False,25.148156480219903,0.0,0.0,0.0,0.0,0.14815648021990313,0.0,False,25.0,359.8518435197801,0.0,272.10106841841747,25.0,25.0,0.0,0.0,0191,base,4.062969050879535,4.408658322659038,3.866667422115508,4.087774739729104,0.19630162876402713,0.3208835829299339
2,25.0,359.8518435197801,0.0,272.10106841841747,5700.0,171.0,5700.0,5901.0,390.0,0.0,30.0,5901.0,5511.0,778.4872105930156,160.78890213040674,23.354616317790466,137.43428581261628,False,68.52397501759097,58.0784971254057,25.55953044512715,31.139488423720625,15.569744211860312,0.36974421186031137,21.591110611186807,13.605053420920875,13.605053420920875,35.445477892185274,11.45280109511957,30.0,30.0,0.0,False,28.078497125405697,0.0,0.0,0.0,0.0,3.078497125405697,0.0,False,25.0,326.7733463943744,0.0,248.10839162135179,25.0,25.0,0.0,0.0,0191,base,3.629168485749808,4.902333894969752,3.419898579628017,4.568364381519735,0.20926990612179086,0.33396951345001735
3,25.0,326.7733463943744,0.0,248.10839162135179,5700.0,171.0,5700.0,5901.0,390.0,0.0,30.0,5901.0,5511.0,797.4241277064397,164.70013672870226,23.92272383119319,140.77741289750907,False,73.22121478025137,65.9011634067044,27.191398133194753,31.896965108257586,15.948482554128793,0.37873834226848047,19.606400783662465,12.40541958106759,12.40541958106759,32.32005137354697,11.731393655284561,30.0,30.0,0.0,False,35.9011634067044,0.0,0.0,0.0,0.0,10.901163406704399,0.0,False,25.0,285.87218298767004,0.0,227.5197339030894,25.0,25.0,0.0,0.0,0191,base,3.225135153913891,5.483533527535714,2.965340081625126,5.144978787590767,0.25979507228876475,0.33855473994494734
4,25.0,285.87218298767004,0.0,227.5197339030894,5700.0,171.0,5700.0,5901.0,390.0,0.0,30.0,5901.0,5511.0,816.8216905759932,168.70651319238908,24.504650717279794,144.2018624751093,False,78.19899043736996,73.56093813212597,28.918386200173657,32.67286762303973,16.336433811519864,0.3879512573910713,17.152330979260203,11.37598669515447,11.37598669515447,29.638052305243992,12.016763056672474,30.0,30.0,0.0,False,43.56093813212597,0.0,0.0,0.0,0.0,18.56093813212597,0.0,False,25.0,237.3112448555441,0.0,209.89844465451785,25.0,25.0,0.0,0.0,0191,base,2.845051570314024,6.1843217188100335,2.502628271550984,5.913650959646028,0.3424232987630398,0.2706707591640054
5,25.0,237.3112448555441,0.0,209.89844465451785,5700.0,171.0,5700.0,5901.0,390.0,0.0,30.0,5901.0,5511.0,836.6911045373372,172.81034587370627,25.100733136120116,147.70961273758616,False,83.46771253554545,81.12511251250855,30.744003953381903,33.46764418149349,16.733822090746745,0.397388279226881,14.238674691332644,10.494922232725893,10.494922232725893,27.342600023036898,12.309074147823887,30.0,30.0,0.0,False,51.12511251250855,0.0,0.0,0.0,0.0,26.12511251250855,0.0,False,25.0,181.18613234303552,0.0,194.86491877930482,25.0,25.0,1382.4827669896501,1010.694474362465,0191,base,2.483929772917196,7.054146705342347,2.0314238094222463,6.986866746648259,0.45250596349494954,0.06727995869408776
1,30.0,390.0,0.0,300.0,5700.0,171.0,5700.0,5901.0,390.0,0.0,30.0,5901.0,5511.0,760.0,171.41010864941026,22.8,148.61010864941025,False,75.05758148705769,61.00682285844361,27.55252716235256,30.400000000000002,15.200000000000001,0.0,23.4,15.0,15.0,44.050758628614076,8.669373569612969,30.0,30.0,0.0,False,31.006822858443613,0.0,0.0,0.0,0.0,6.006822858443613,0.0,False,25.0,353.9931771415564,0.0,264.6186149409989,25.0,25.0,0.0,0.0,0192,base,3.7634149947101885,4.750762391439094,3.463108429017366,4.463804912745059,0.3003065656928223,0.28695747869403565
2,25.0,353.9931771415564,0.0,264.6186149409989,5700.0,171.0,5700.0,5901.0,390.0,0.0,30.0,5901.0,5511.0,834.1714445646546,188.13870782245127,25.02514333693964,163.11356448551163,False,86.6571389955366,72.80163654418956,32.16076077749208,33.36685778258619,16.683428891293094,1.4834288912930926,21.23959062849338,13.230930747049946,13.230930747049946,38.85550245134704,9.515452465835114,30.0,30.0,0.0,False,42.80163654418956,0.0,0.0,0.0,0.0,17.801636544189563,0.0,False,25.0,306.19154059736684,0.0,235.27856495548696,25.0,25.0,0.0,0.0,0192,base,3.100895583462925,5.719853936635069,2.745156015636361,5.457959448096274,0.35573956782656424,0.26189448853879504
3,25.0,306.19154059736684,0.0,235.27856495548696,5700.0,171.0,5700.0,5901.0,390.0,0.0,30.0,5901.0,5511.0,915.581577535635,206.49991800366007,27.46744732606905,179.03247067759102,False,100.88876906070504,91.3414381429022,37.224262498493665,36.6232631014254,18.3116315507127,1.6282026594196068,18.37149243584201,11.763928247774349,11.763928247774349,34.547330917802846,10.444103590936818,30.0,30.0,0.0,False,61.341438142902206,0.0,0.0,0.0,0.0,36.341438142902206,0.0,False,25.0,239.85010245446463,0.0,211.17533762862092,25.0,25.0,0.0,0.0,0192,base,2.5238903580876704,6.982347507665881,2.0630780108858664,6.852398716170148,0.460812347201804,0.12994879149573269
4,25.0,239.85010245446463,0.0,211.17533762862092,5700.0,171.0,5700.0,5901.0,390.0,0.0,30.0,5901.0,5511.0,1004.9368515127446,226.65307224157345,30.148105545382336,196.5049666961911,False,116.8299212559495,110.82180850196795,42.888798416873044,40.197474060509784,20.098737030254892,1.7871054795421912,14.391006147267877,10.558766881431048,10.558766881431048,31.008112753981543,11.46338549951929,30.0,30.0,0.0,False,80.82180850196795,0.0,0.0,0.0,0.0,48.75587098432034,0.0,False,32.06593751764761,161.09423147014428,0.0,191.63061037415866,32.06593751764761,32.06593751764761,0.0,0.0,0192,base,2.0153262912650596,8.70455083863271,1.4147564873282976,9.084374113578576,0.600569803936762,-0.379823274945867
5,32.06593751764761,161.09423147014428,0.0,191.63061037415866,5700.0,171.0,5700.0,5901.0,390.0,0.0,30.0,5901.0,5511.0,1103.0126646350552,248.77305353522414,33.09037993905166,215.6826735961725,False,134.33497398314515,138.26266562263925,49.10887229731398,44.12050658540221,22.060253292701105,1.9615162624462137,9.665653888208656,9.581530518707934,9.581530518707934,28.138245878153505,12.582143212809896,30.0,30.0,0.0,False,108.26266562263925,0.0,0.0,0.0,0.0,60.82843059654558,0.0,False,47.43423502609367,70.26580087359869,0.0,176.07450770881508,47.43423502609367,47.43423502609367,1990.184428281793,1761.425588301246,0192,base,1.561872174271211,11.20892014484471,0.7995483060956066,12.9251660022453,0.7623238681756044,-1.7162458574005903
1,35.0,470.0,0.0,360.0,7350.0,220.5,7350.0,7605.5,470.0,0.0,35.0,7605.5,7135.5,980.0,197.72187218224343,29.4,168.32187218224342,False,81.79140413668257,74.20903637346143,30.53046804556086,39.2,19.6,0.0,28.2,18.0,18.0,42.58236776322114,7.17541328820151,30.0,30.0,0.0,False,44.20903637346143,0.0,0.0,0.0,0.0,19.20903637346143,0.0,False,25.0,420.79096362653854,0.0,324.59304552498037,25.0,25.0,0.0,0.0,0193,base,3.5667335174014627,5.041293897646325,3.643420938719058,4.279694203078862,-0.0766874213175952,0.7615996945674626
2,25.0,420.79096362653854,0.0,324.59304552498037,7350.0,220.5,7350.0,7605.5,470.0,0.0,35.0,7605.5,7135.5,1007.8313446765032,203.33704113610827,30.234940340295097,173.10210079581316,False,88.0838026861838,74.68952369193742,32.906247675492956,40.313253787060134,20.156626893530067,0.5566268935300656,25.247457817592313,16.22965227624902,16.22965227624902,38.39427899424638,7.379190227405895,30.0,30.0,0.0,False,44.689523691937424,0.0,0.0,0.0,0.0,19.689523691937424,0.0,False,25.0,371.1014399346011,0.0,293.57795675813986,25.0,25.0,0.0,0.0,0193,base,3.161891833721345,5.658432928711279,3.1459068801171206,4.9023917210254355,0.015984953604224472,0.7560412076858434
3,25.0,371.1014399346011,0.0,293.57795675813986,7350.0,220.5,7350.0,7605.5,470.0,0.0,35.0,7605.5,7135.5,1036.4530809310702,209.11167713341374,31.093592427932105,178.01808470548164,False,94.86785981922188,85.14218059186035,35.268275117874644,41.45812323724281,20.729061618621405,0.5724347250913375,22.266086396076066,14.678897837906995,14.678897837906995,34.72567922736152,7.588754295418567,30.0,30.0,0.0,False,55.14218059186035,0.0,0.0,0.0,0.0,30.142180591860352,0.0,False,25.0,310.9592593427408,0.0,266.4410318261969,25.0,25.0,0.0,0.0,0193,base,2.780320894969763,6.40893819526747,2.641652052823932,5.660082998250863,0.13866884214583086,0.7488551970166064
4,25.0,310.9592593427408,0.0,266.4410318261969,7350.0,220.5,7350.0,7605.5,470.0,0.0,35.0,7605.5,7135.5,1065.8876553559849,215.05030893155833,31.976629660679546,183.07367927087878,False,102.07298604719523,95.55718047931961,37.77351802975112,42.63550621423939,21.317753107119696,0.5886914884982914,18.657555560564447,13.322051591309844,13.322051591309844,31.515805567875624,7.804269842827842,30.0,30.0,0.0,False,65.55718047931961,0.0,0.0,0.0,0.0,40.55718047931961,0.0,False,25.0,240.40207886342117,0.0,242.72949610114912,25.0,25.0,0.0,0.0,0193,base,2.4175661117593465,7.349060108168231,2.1303460443313043,6.724607588525504,0.2872200674280423,0.6244525196427277
5,25.0,240.40207886342117,0.0,242.72949610114912,7350.0,220.5,7350.0,7605.5,470.0,0.0,35.0,7605.5,7135.5,1096.1581520117422,221.1575939016223,32.88474456035227,188.27284934127005,False,109.71719590007294,106.0060940390716,40.42806245110183,43.84632608046969,21.923163040234844,0.6054099331151477,14.42412473180527,12.136474805057457,12.136474805057457,28.711101861001346,8.025905887668843,30.0,30.0,0.0,False,76.0060940390716,0.0,0.0,0.0,0.0,45.337971687078365,0.0,False,30.668122351993233,165.06410717634282,0.0,222.04430012781663,30.668122351993233,30.668122351993233,1769.2607512129784,1386.2815549926177,0193,base,2.069771419888443,8.571234093329826,1.6117026716736742,8.32652868376272,0.45806874821476873,0.2447054095671053
1,60.0,650.0,0.0,500.0,12600.0,378.0,12600.0,13038.0,650.0,0.0,60.0,13038.0,12388.0,1680.0,376.42379075963123,50.4,326.02379075963125,False,179.71784306972341,193.3448006797633,65.50594768990781,67.2,33.6,0.0,39.0,25.0,25.0,46.373042389960126,10.27243696011058,30.0,30.0,0.0,False,163.3448006797633,0.0,0.0,0.0,0.0,118.34225932879832,0.0,False,45.002541350964975,501.6577406712017,0.0,463.89939457015043,45.002541350964975,45.002541350964975,0.0,0.0,0194,base,2.307124135701072,7.91694203901669,2.445527133215168,5.881621730619238,-0.1384029975140959,2.035320308397452
2,45.002541350964975,501.6577406712017,0.0,463.89939457015043,12600.0,378.0,12600.0,13038.0,650.0,0.0,60.0,13038.0,12388.0,1836.3874082397879,411.464231852902,55.091622247193634,356.37260960570836,False,205.81700933050294,207.79469810331108,75.76954385923219,73.45549632959151,36.727748164795756,3.1277481647957543,30.0994644402721,23.194969728507523,23.194969728507523,43.024852578156846,11.228674931835759,30.0,30.0,0.0,False,177.79469810331108,0.0,0.0,0.0,0.0,127.18673563309964,0.0,False,50.60796247021143,344.471005038102,0.0,432.10321692382934,50.60796247021143,50.60796247021143,0.0,0.0,0194,base,1.738629481695369,10.645396426672573,1.7643484008866464,7.720585428298657,-0.025718919191277445,2.924810998373916
3,50.60796247021143,344.471005038102,0.0,432.10321692382934,12600.0,378.0,12600.0,13038.0,650.0,0.0,60.0,13038.0,12388.0,2007.3325673462175,449.7665085212654,60.21997702038652,389.54653150087887,False,236.96260390871015,247.49468478842783,86.81827758810033,80.2933026938487,40.14665134692435,3.418903182128595,20.66826030228612,21.605160846191467,21.605160846191467,40.07588159049374,12.27392693811961,30.0,30.0,0.0,False,217.49468478842783,0.0,0.0,0.0,0.0,151.4862570224621,0.0,False,66.00842776596573,162.98474801563992,0.0,404.3012622714552,66.00842776596573,66.00842776596573,0.0,0.0,0194,base,1.2111426419522242,15.721576198703282,1.1145284787193719,10.639463197017898,0.09661416323285232,5.082113001685384
4,66.00842776596573,162.98474801563992,0.0,404.3012622714552,12600.0,378.0,12600.0,13038.0,650.0,0.0,60.0,13038.0,12388.0,2194.190625490619,491.6342576764435,65.82571876471856,425.80853891172495,False,271.18172577011615,299.6927943888247,98.95359772930345,87.76762501962476,43.88381250981238,3.737161162888029,9.779084880938395,20.21506311357276,20.21506311357276,37.49735914725715,13.416479094534516,30.0,30.0,0.0,False,269.6927943888247,0.0,0.0,0.0,0.0,132.98474801563992,0.0,False,136.7080463731848,0.0,0.0,380.22038221873254,136.7080463731848,136.7080463731848,0.0,0.0,0194,base,0.7192647841296278,28.513602769887804,0.49531197642009955,16.391005931104,0.22395280770952825,12.122596838783803
5,136.7080463731848,0.0,0.0,380.22038221873254,12600.0,378.0,12600.0,13038.0,650.0,0.0,60.0,13038.0,12388.0,2398.442878529022,537.399381104962,71.95328635587066,465.44609474909134,False,306.7568328825578,408.20092745143035,111.60876890953868,95.93771514116088,47.96885757058044,4.08504506076806,0.0,19.011019110936626,19.011019110936626,35.26395180431225,14.665388852449725,0.0,0.0,0.0,False,408.20092745143035,0.0,0.0,0.0,0.0,0.0,0.0,False,408.20092745143035,0.0,0.0,359.62181926687003,408.20092745143035,408.20092745143035,4299.195048839696,4283.28623129166,0194,base,0.5084927420175998,42.334202875420495,-0.09039665822590907,28.267783960924422,0.5988894002435088,14.066418914496072
1,45.0,520.0,0.0,390.0,9000.0,270.0,9000.0,9315.0,520.0,0.0,45.0,9315.0,8795.0,1200.0,305.7515530063443,36.0,269.7515530063443,False,152.28866475475823,150.49125305810773,54.76288825158608,48.0,24.0,0.0,31.2,19.5,19.5,46.79741169665051,12.350688286648015,30.0,30.0,0.0,False,120.49125305810773,0.0,0.0,0.0,0.0,79.86731838254647,0.0,False,40.62393467556126,410.1326816174535,0.0,355.5532765899975,40.62393467556126,40.62393467556126,0.0,0.0,0195,base,2.9910646850543117,6.032262207398163,2.3714091274520683,6.030602623399296,0.6196555576022433,0.0016595839988671202
2,40.62393467556126,410.1326816174535,0.0,355.5532765899975,9000.0,270.0,9000.0,9315.0,520.0,0.0,45.0,9315.0,8795.0,1234.1501634315161,314.45277426018305,37.02450490294548,277.4282693572376,False,163.25747857007235,161.21737974646652,58.76066115767262,49.366006537260645,24.683003268630323,0.6830032686303227,24.60796089704721,17.777663829499875,17.777663829499875,42.66403349916708,12.702169972881967,30.0,30.0,0.0,False,131.21737974646652,0.0,0.0,0.0,0.0,85.55978859475145,0.0,False,45.65759115171507,294.57289302270203,0.0,325.59141306371237,45.65759115171507,45.65759115171507,0.0,0.0,0195,base,2.5417262275076538,7.099446598041035,1.8270047586202678,7.418854299987092,0.714721468887386,-0.31940770194605683
3,45.65759115171507,294.57289302270203,0.0,325.59141306371237,9000.0,270.0,9000.0,9315.0,520.0,0.0,45.0,9315.0,8795.0,1269.2721882483652,323.40161895391554,38.07816564745095,285.3234533064646,False,175.131969425117,181.72075185366094,62.84237726797921,50.77088752993461,25.385443764967306,0.7024404963369832,17.674373581362122,16.27957065318562,16.27957065318562,39.06880872317113,13.063654289972648,30.0,30.0,0.0,False,151.72075185366094,0.0,0.0,0.0,0.0,96.44114757558755,0.0,False,55.27960427807339,168.1317454471145,0.0,299.5862586305139,55.27960427807339,55.27960427807339,0.0,0.0,0195,base,2.108939362284401,8.581393555075547,1.2753133429994583,9.524714322433804,0.8336260192849427,-0.9433207673582569
4,55.27960427807339,168.1317454471145,0.0,299.5862586305139,9000.0,270.0,9000.0,9315.0,520.0,0.0,45.0,9315.0,8795.0,1305.3937321381652,332.60513407165985,39.16181196414495,293.4433221075149,False,187.50571013769408,206.83695163681523,67.09402611229059,52.21574928552661,26.107874642763306,0.7224308777960005,10.087904726826869,14.979312931525696,14.979312931525696,35.948362778952244,13.435425897485478,30.0,30.0,0.0,False,176.83695163681523,0.0,0.0,0.0,0.0,109.77058356524128,0.0,False,67.06636807157395,28.361161881873215,0.0,277.0733217490471,67.06636807157395,67.06636807157395,0.0,0.0,0195,base,1.688732208086785,10.797155091262365,0.7166699823340368,13.268530181722564,0.9720622257527483,-2.4713750904601994
5,67.06636807157395,28.361161881873215,0.0,277.0733217490471,9000.0,270.0,9000.0,9315.0,520.0,0.0,45.0,9315.0,8795.0,1342.5432398839946,342.070567143917,40.276297196519835,301.7942699473972,False,200.5107780565178,234.33018636386439,71.5597335367581,53.70172959535979,26.850864797679893,0.7429901549165869,1.7016697129123928,13.853666087452357,13.853666087452357,33.24695976422735,13.81777755596144,28.361161881873215,28.361161881873215,0.0,False,205.96902448199117,0.0,0.0,0.0,0.0,0.0,0.0,False,205.96902448199117,0.0,0.0,257.64413954078117,205.96902448199117,205.96902448199117,2736.564537151336,2643.8409540352764,0195,base,1.2776547832240468,14.502620630417676,0.15106565727138133,21.990561408252976,1.1265891259526655,-7.4879407778353
1,35.0,470.0,0.0,360.0,7350.0,220.5,7350.0,7605.5,470.0,0.0,35.0,7605.5,7135.5,980.0,204.82864678398897,29.4,175.42864678398897,False,87.12148508799173,81.93129070143657,32.307161695997245,39.2,19.6,0.0,28.2,18.0,18.0,40.19019438655516,13.706519711670353,30.0,30.0,0.0,False,51.931290701436566,0.0,0.0,0.0,0.0,26.931290701436566,0.0,False,25.0,413.0687092985634,0.0,333.5163253251152,25.0,25.0,0.0,0.0,0196,base,3.633439655494978,4.960277777139439,3.5228716585949904,4.433520493159934,0.11056799689998753,0.5267572839795047
2,25.0,413.0687092985634,0.0,333.5163253251152,7350.0,220.5,7350.0,7605.5,470.0,0.0,35.0,7605.5,7135.5,982.5892747908326,205.36982806108912,29.477678243724977,175.89214981736416,False,90.94648000117093,78.71290792920995,33.60805274829865,39.30357099163331,19.651785495816654,0.05178549581665237,24.784122557913804,16.67581626625576,16.67581626625576,37.23357207196098,13.74273394224125,30.0,30.0,0.0,False,48.71290792920995,0.0,0.0,0.0,0.0,23.712907929209948,0.0,False,25.0,359.35580136935346,0.0,310.0254871953955,25.0,25.0,0.0,0.0,0196,base,3.2774188735785064,5.484706782701384,3.137662891615568,4.953452269480106,0.13975598196293815,0.5312545132212776
3,25.0,359.35580136935346,0.0,310.0254871953955,7350.0,220.5,7350.0,7605.5,470.0,0.0,35.0,7605.5,7135.5,985.1853907489535,205.91243920251384,29.555561722468603,176.35687748004523,False,94.56691505193373,84.9558467320187,34.82356375952856,39.407415629958145,19.703707814979072,0.05192231916241852,21.561348082161206,15.501274359769775,15.501274359769775,34.61106831991504,13.779043855051215,30.0,30.0,0.0,False,54.9558467320187,0.0,0.0,0.0,0.0,29.9558467320187,0.0,False,25.0,299.39995463733476,0.0,289.1934627305317,25.0,25.0,0.0,0.0,0196,base,2.928885944942998,6.127703664313195,2.7370537668857158,5.555797880334387,0.19183217805728203,0.5719057839788082
4,25.0,299.39995463733476,0.0,289.1934627305317,7350.0,220.5,7350.0,7605.5,470.0,0.0,35.0,7605.5,7135.5,987.7883659495279,206.45648398613213,29.633650978485836,176.8228330076463,False,98.36942878115292,91.08403577431662,36.09979064821991,39.51153463798112,19.75576731899056,0.0520595040114884,17.963997278240086,14.459673136526584,14.459673136526584,32.285393006836294,13.815449702903932,30.0,30.0,0.0,False,61.08403577431662,0.0,0.0,0.0,0.0,36.08403577431662,0.0,False,25.0,233.31591886301814,0.0,270.72351942659935,25.0,25.0,0.0,0.0,0196,base,2.5850274509152005,6.941167987399739,2.3202925335190487,6.367461837143087,0.26473491739615174,0.5737061502566521
5,25.0,233.31591886301814,0.0,270.72351942659935,7350.0,220.5,7350.0,7605.5,470.0,0.0,35.0,7605.5,7135.5,990.3982185154778,207.0019661997946,29.711946555464333,177.29001964433027,False,102.35998716944066,97.13656808397573,37.4387221353048,39.61592874061911,19.807964370309556,0.05219705131899488,13.998955131781088,13.536175971329968,13.536175971329968,30.223419085464922,13.85195173927102,30.0,30.0,0.0,False,67.13656808397573,0.0,0.0,0.0,0.0,42.13656808397573,0.0,False,25.0,161.1793507790424,0.0,254.35205208040549,25.0,25.0,1656.0157295983568,1240.6440907949336,0196,base,2.2432346177999256,8.011549397794719,1.886607214554252,7.51774035230239,0.35662740324567355,0.49380904549232874
1,38.25,546.0,0.0,405.6,9000.0,270.0,9000.0,9308.25,546.0,0.0,38.25,9308.25,8762.25,1200.0,264.8871756940235,36.0,228.88717569402348,False,119.88538177051763,115.04015743254573,43.96179392350587,48.0,24.0,0.0,32.76,20.28,20.28,43.095224337971906,13.342988346363041,30.0,30.0,0.0,False,85.04015743254573,0.0,0.0,0.0,0.0,60.040157432545726,0.0,False,25.0,455.9598425674543,0.0,375.84776400839115,25.0,25.0,0.0,0.0,0197,downside,3.188505439881608,5.666613832794777,3.0458537845856504,4.994102105845088,0.1426516552959578,0.672511726949689
2,25.0,455.9598425674543,0.0,375.84776400839115,9000.0,270.0,9000.0,9308.25,546.0,0.0,38.25,9308.25,8762.25,1216.4906253554673,268.5273050072218,36.494718760664014,232.0325862465578,False,126.9172368584042,111.98320405054733,46.470651873022746,48.65962501421869,24.329812507109345,0.3298125071093452,27.357590554047256,18.79238820041956,18.79238820041956,39.93403280785685,13.526350197981573,30.0,30.0,0.0,False,81.98320405054733,0.0,0.0,0.0,0.0,56.98320405054733,0.0,False,25.0,368.976638516907,0.0,349.4400813985159,25.0,25.0,0.0,0.0,0197,downside,2.763652668582855,6.548677300878751,2.582295010545665,5.818579168494878,0.18135765803718984,0.7300981323838727
3,25.0,368.976638516907,0.0,349.4400813985159,9000.0,270.0,9000.0,9308.25,546.0,0.0,38.25,9308.25,8762.25,1233.2078679814465,272.2174576610446,36.996236039443396,235.2212216216012,False,134.0415408981617,121.9133389737332,48.902654810165245,49.32831471925786,24.66415735962893,0.33434485251958534,22.138598311014416,17.472004069925795,17.472004069925795,37.12820192442852,13.712231842599712,30.0,30.0,0.0,False,91.9133389737332,0.0,0.0,0.0,0.0,66.9133389737332,0.0,False,25.0,272.0632995431738,0.0,326.024111316687,25.0,25.0,0.0,0.0,0197,downside,2.3439579575904355,7.755240754423528,2.105255907479118,6.872338245278237,0.2387020501113173,0.8829025091452909
4,25.0,272.0632995431738,0.0,326.024111316687,9000.0,270.0,9000.0,9308.25,546.0,0.0,38.25,9308.25,8762.25,1250.1548420950269,275.958321085633,37.50464526285081,238.45367582278217,False,141.53101631004617,131.89077415822035,51.45716807108935,50.00619368380108,25.00309684190054,0.3389394822716092,16.323797972590427,16.30120556583435,16.30120556583435,34.640242151825824,13.90066790768606,30.0,30.0,0.0,False,101.89077415822035,0.0,0.0,0.0,0.0,76.89077415822035,0.0,False,25.0,165.17252538495345,0.0,305.28453707254727,25.0,25.0,0.0,0.0,0197,downside,1.9266591127862733,9.517930894368824,1.614218628034305,8.458491682939353,0.3124404847519684,1.0594392114294706
5,25.0,165.17252538495345,0.0,305.28453707254727,9000.0,270.0,9000.0,9308.25,546.0,0.0,38.25,9308.25,8762.25,1267.334704709454,279.7505921579221,38.02004114128362,241.73055101663846,False,149.40003518055238,141.96338426325622,54.13899315997847,50.69338818837816,25.34669409418908,0.3435972522885393,9.910351523097207,15.264226853627363,15.264226853627363,32.43665091729617,14.091693496566409,30.0,30.0,0.0,False,111.96338426325622,0.0,0.0,0.0,0.0,86.31001706270541,0.0,False,25.653367200550804,48.86250832224803,0.0,286.9395796518175,25.653367200550804,25.653367200550804,2238.0047372633767,1894.2859454309112,0197,downside,1.5092185084029288,12.355322632050825,1.1086615344800865,11.112424127689406,0.4005569739228423,1.2428985043614187
1,29.75,493.5,0.0,374.40000000000003,7350.0,220.5,7350.0,7600.25,493.5,0.0,29.75,7600.25,7106.75,980.0,164.64491079727023,29.4,135.24491079727022,False,55.38618309795268,38.846497223068624,21.728727699317556,39.2,19.6,0.0,29.61,18.720000000000002,18.720000000000002,46.28968587488406,11.118994363373,30.0,30.0,0.0,False,8.846497223068624,0.0,16.153502776931376,16.153502776931376,0.0,0.0,0.0,False,25.0,463.5,16.153502776931376,339.229308488489,25.0,25.0,0.0,0.0,0198,downside,3.833822923317044,4.695332632970569,4.821787733499642,3.4066813738313724,-0.9879648101825977,1.2886512591391965
2,25.0,463.5,16.153502776931376,339.229308488489,7350.0,220.5,7350.0,7600.25,493.5,0.0,29.75,7600.25,7106.75,966.4444104896132,162.36750383222733,28.993332314688395,133.37417151753894,False,56.33178963018553,39.390501891173,21.908373981624653,38.65777641958453,19.328888209792265,-0.2711117902077369,28.77921016661588,16.96146542442445,16.96146542442445,41.94128773901254,10.965193829334032,30.0,30.0,0.0,False,9.390501891173002,0.0,15.609498108826998,15.609498108826998,0.0,0.0,0.0,False,25.0,433.5,31.763000885758373,308.2532145788105,25.0,25.0,0.0,0.0,0198,downside,3.4919298785718986,5.135542673001859,4.610012458145584,3.5497399575801594,-1.1180825795736853,1.5858027154216994
3,25.0,433.5,31.763000885758373,308.2532145788105,7350.0,220.5,7350.0,7600.25,493.5,0.0,29.75,7600.25,7106.75,953.0763250679755,160.12159849368058,28.592289752039264,131.52930874164133,False,56.887249427419476,43.77575243816636,22.050216989888824,38.12305300271902,19.06152650135951,-0.2673617084327553,27.915780053145504,15.412660728940526,15.412660728940526,38.11149698925312,10.813520700301094,30.0,30.0,0.0,False,13.775752438166357,0.0,11.224247561833643,11.224247561833643,0.0,0.0,0.0,False,25.0,403.5,42.987248447592016,280.95523828985847,25.0,25.0,0.0,0.0,0198,downside,3.155882961685649,5.665540220413684,4.386931515458069,3.695531055432814,-1.2310485537724198,1.97000916498087
4,25.0,403.5,42.987248447592016,280.95523828985847,7350.0,220.5,7350.0,7600.25,493.5,0.0,29.75,7600.25,7106.75,939.893150134619,157.90675904375476,28.196794504038568,129.7099645397162,False,57.51945778609674,47.78300018636184,22.218241929591937,37.59572600538476,18.79786300269238,-0.26366349866712824,26.789234906855523,14.047761914492924,14.047761914492924,34.7364575997349,10.663945549509918,30.0,30.0,0.0,False,17.78300018636184,0.0,7.216999813638161,7.216999813638161,0.0,0.0,0.0,False,25.0,373.5,50.20424826123018,256.8827262396335,25.0,25.0,0.0,0.0,0198,downside,2.822558972167127,6.322206822277503,4.151734722889256,3.8667573850877663,-1.3291757507221291,2.455449437189737
5,25.0,373.5,50.20424826123018,256.8827262396335,7350.0,220.5,7350.0,7600.25,493.5,0.0,29.75,7600.25,7106.75,926.8923279643647,155.72255577180303,27.80676983893094,127.9157859328721,False,58.228139207673884,51.46793433503373,22.412348681304156,37.075693118574584,18.537846559287292,-0.2600164434050889,25.42225489567381,12.844136311981675,12.844136311981675,31.76020487264014,10.51643935723413,30.0,30.0,0.0,False,21.467934335033732,0.0,3.532065664966268,3.532065664966268,0.0,0.0,0.0,False,25.0,343.5,53.736313926196445,235.63896072422745,25.0,25.0,1245.7804461744242,619.218464831384,0198,downside,2.4889924317574716,7.164848320832292,3.9035788466072234,4.069434060995267,-1.4145864148497518,3.0954142598370256
1,51.0,682.5,0.0,520.0,12600.0,378.0,12600.0,13029.0,682.5,0.0,51.0,13029.0,12346.5,1680.0,285.12615281252624,50.4,234.72615281252624,False,109.0321146093947,107.71767867918436,41.94403820313156,67.2,33.6,0.0,40.949999999999996,26.0,26.0,52.314435930210315,14.702249353314235,30.0,30.0,0.0,False,77.71767867918436,0.0,0.0,0.0,0.0,52.71767867918436,0.0,False,25.0,599.7823213208156,0.0,482.38781342310386,25.0,25.0,0.0,0.0,0199,downside,2.8805432439457594,6.3254821229169576,3.707727699882449,4.258792424384262,-0.8271844559366897,2.066689698532696
2,25.0,599.7823213208156,0.0,482.38781342310386,12600.0,378.0,12600.0,13029.0,682.5,0.0,51.0,13029.0,12346.5,1552.3678139040298,263.464680076457,46.57103441712089,216.8936456593361,False,104.61945236457811,81.08897859758346,39.19682892723299,62.0947125561612,31.0473562780806,-2.5526437219194023,35.986939279248936,24.119390671155195,24.119390671155195,48.530473766994646,13.585296838140689,30.0,30.0,0.0,False,51.08897859758346,0.0,0.0,0.0,0.0,26.088978597583463,0.0,False,25.0,543.6933427232321,0.0,447.4426364942499,25.0,25.0,0.0,0.0,0199,downside,2.6816728625617596,6.833698623897786,3.6670417413715986,4.383310048939123,-0.9853688788098389,2.450388574958663
3,25.0,543.6933427232321,0.0,447.4426364942499,12600.0,378.0,12600.0,13029.0,682.5,0.0,51.0,13029.0,12346.5,1434.4320414554622,243.44886276857983,43.03296124366386,200.41590152491597,False,97.08102188702387,77.06619661909536,36.355542284202386,57.37728165821849,28.688640829109247,-2.3587154489713527,32.621600563393926,22.372131824712497,22.372131824712497,45.0148252679285,12.55320092491773,30.0,30.0,0.0,False,47.066196619095365,0.0,0.0,0.0,0.0,22.066196619095365,0.0,False,25.0,491.6271461041368,0.0,414.98101215123916,25.0,25.0,0.0,0.0,0199,downside,2.4577271528888582,7.517552166720092,3.6213278970763736,4.426847427821263,-1.1636007441875154,3.090704738898829
4,25.0,491.6271461041368,0.0,414.98101215123916,12600.0,378.0,12600.0,13029.0,682.5,0.0,51.0,13029.0,12346.5,1325.456031183399,224.95367791278716,39.763680935501974,185.18999697728518,False,90.13244809621352,73.38341430306001,33.73582940086875,53.018241247335965,26.509120623667982,-2.179520205441264,29.497628766248205,20.74905060756196,20.74905060756196,41.749033793153515,11.599514926971775,30.0,30.0,0.0,False,43.38341430306001,0.0,0.0,0.0,0.0,18.383414303060007,0.0,False,25.0,443.24373180107676,0.0,384.83149328505743,25.0,25.0,0.0,0.0,0199,downside,2.20485551628481,8.48044145845599,3.569958191114708,4.4769859564100605,-1.365102674829898,4.00345550204593
5,25.0,443.24373180107676,0.0,384.83149328505743,12600.0,378.0,12600.0,13029.0,682.5,0.0,51.0,13029.0,12346.5,1224.7590961631456,207.8636007209194,36.742772884894364,171.12082783602506,False,83.72981968655428,70.01396872619216,31.321157315926897,48.990363846525824,24.495181923262912,-2.0139387004050704,26.594623908064605,19.241574664252873,19.241574664252873,38.71585096036211,10.718281922339486,30.0,30.0,0.0,False,40.01396872619216,0.0,0.0,0.0,0.0,15.01396872619216,0.0,False,25.0,398.2297630748846,0.0,356.8339242470348,25.0,25.0,1662.9088057673553,907.9014863589255,0199,downside,1.918636609645116,9.925563285196185,3.5122247704258385,4.534922336392388,-1.5935881607807225,5.390640948803798
