Company,Base IRR,Base MOIC,Min ICR,Max Leverage,MC P50 IRR,MC P10 IRR,MC P90 IRR,MC Success Rate,MC Breach Rate,Entry Multiple,Exit Multiple,Debt Ratio,Hold Years,Lease Multiple
Accor,0.11083654960397027,1.8483298002026936,2.4437927663734116,7.910692770859278,0.12380084210634856,0.08934318448778755,0.1682383223868099,0.78,0.22,8.5,10.0,0.6,5,3.2
Marriott,0.15188465680798302,2.289756539736682,2.2885389967045042,8.320088338973948,0.15709434126472233,0.10620896144355854,0.19940334081083588,0.965,0.035,9.2,11.0,0.65,5,2.8
Hilton,0.14721809875468184,2.5486089493720425,2.3882764286669595,8.005623279855735,0.15120369216916318,0.1065042712960627,0.19259527904226656,0.96,0.04,8.8,10.5,0.62,6,3.0
IHG,0.12966547359411607,2.042780297140178,2.3023437859741214,8.367446178613289,0.13790731927093702,0.09983628400164676,0.18134985557104327,0.875,0.125,9.0,10.8,0.63,5,3.1
Hyatt,0.10045080934877837,1.5987240262398403,2.39796652438732,8.003707878832355,0.11404434402163777,0.08808969643559343,0.1615638438345643,0.71,0.29,9.5,11.2,0.58,4,2.9
Choice Hotels,0.11970085385718532,1.9282201693419638,3.0581039755351678,6.461564261252447,0.12986235368597865,0.09577937284276428,0.16941095524472694,0.855,0.145,7.5,9.0,0.55,5,2.5
Wyndham,0.11717271903536242,1.9057301407888472,2.75649153757098,7.023981114719755,0.12846886643709088,0.09483598729087672,0.16952413892742788,0.81,0.19,8.0,9.5,0.58,5,2.7
