{
  "experiment_type": "Paper A - Methods",
  "timestamp": "2025-08-13T22:51:20.846810",
  "base_case": {
    "IRR": 0.11083654960397027,
    "MOIC": 1.8483298002026936,
    "min_ICR": 2.4437927663734116,
    "max_leverage": 7.910692770859278,
    "equity_value": 6590.028922681218
  },
  "monte_carlo": {
    "scenarios": 312,
    "success_rate": 0.78,
    "median_IRR": 0.12737754066583284,
    "p10_IRR": 0.09250400801410466,
    "p90_IRR": 0.1726144187076091,
    "breaches": 88
  },
  "stress_scenario": {
    "IRR": "N/A",
    "covenant_breach": true,
    "trough_ICR": "N/A",
    "max_leverage": "N/A"
  },
  "sobol_sensitivity": {
    "available": false
  }
}