claim_id,short_name,exact_allowed_wording,claim_class,evidence_type,source_artifact,source_fields_or_rows,numerical_value_if_any,unit,denominator_or_n_if_applicable,uncertainty_status,qualification_required,manuscript_section,prominence,manuscript_eligible,abstract_eligible,conclusion_eligible,figure_or_table_candidate,prohibited_extensions,supersedes_prior_claim,notes,admission_status,quantitative,subgroup_percentage
ENG-001,Reviewed mechanics,The reviewed financial-engine mechanics pass the archived independent return/debt checks and runtime invariants on the tested paths.,VERIFIED_MECHANICAL,frozen artifact audit,"[""results/v3/foundation_validation.json""]","[{""artifact"": ""results/v3/foundation_validation.json"", ""keys"": [""independent_return_check""]}, {""artifact"": ""results/v3/foundation_validation.json"", ""keys"": [""independent_debt_schedule"", ""exact_match""]}, {""artifact"": ""results/v3/foundation_validation.json"", ""keys"": [""runtime_validation""]}]","[{""expected_irr"": 0.1486983549970351, ""actual_irr"": 0.1486983549970351, ""absolute_irr_difference"": 0.0, ""expected_moic"": 2.0, ""actual_moic"": 2.0, ""absolute_moic_difference"": 0.0, ""tolerance"": 1e-12}, true, {""seed"": 42, ""scenarios_validated"": 200, ""years_validated"": 1000, ""failures"": 0, ""failure_record_directory"": ""results/v3/invariant_failures""}]",test results and counts,"{""scenarios"": 200, ""scenario_years"": 1000}",Descriptive frozen realization; no new interval or significance test. Mechanical checks are conditional on tested paths.,Conditional on the frozen synthetic system; no borrower-population inference.,"[""S4"", ""S11""]",supporting,true,true,true,"[""T2"", ""F1""]","No empirical, causal, calibrated-PD, universal-generalization or substantive financing-optimum extension.",No prior numerical claim imported.,,not applicable,true,false
ENG-002,Runtime scope,"All 1,000 benchmark scenario-years across 200 paths passed the recorded runtime invariants; six specified adversarial corruptions were detected.",VERIFIED_MECHANICAL,frozen artifact audit,"[""results/v3/foundation_validation.json""]","[{""artifact"": ""results/v3/foundation_validation.json"", ""keys"": [""runtime_validation""]}, {""artifact"": ""results/v3/foundation_validation.json"", ""keys"": [""adversarial_corruptions_detected""]}]","[{""seed"": 42, ""scenarios_validated"": 200, ""years_validated"": 1000, ""failures"": 0, ""failure_record_directory"": ""results/v3/invariant_failures""}, [""ending_cash"", ""closing_term_debt"", ""revolver_draw_above_capacity"", ""unpaid_amortisation"", ""cash_sweep_above_remaining_term_debt"", ""year_2_opening_cash_roll_forward""]]",counts,"{""scenarios"": 200, ""scenario_years"": 1000}",Descriptive frozen realization; no new interval or significance test. Mechanical checks are conditional on tested paths.,Validation on tested paths is not a proof for every input or economic validity.,"[""S4""]",supporting,true,false,false,"[""T2""]","No empirical, causal, calibrated-PD, universal-generalization or substantive financing-optimum extension.",No prior numerical claim imported.,,not applicable,true,false
ENG-003,Independent returns and debt,Independent geometric return/MOIC expectations and the hand-derived debt schedule match production within the recorded tolerance.,VERIFIED_MECHANICAL,frozen artifact audit,"[""results/v3/foundation_validation.json""]","[{""artifact"": ""results/v3/foundation_validation.json"", ""keys"": [""independent_return_check""]}, {""artifact"": ""results/v3/foundation_validation.json"", ""keys"": [""independent_debt_schedule""]}]","[{""expected_irr"": 0.1486983549970351, ""actual_irr"": 0.1486983549970351, ""absolute_irr_difference"": 0.0, ""expected_moic"": 2.0, ""actual_moic"": 2.0, ""absolute_moic_difference"": 0.0, ""tolerance"": 1e-12}, {""expected"": [{""year"": 1, ""opening_debt"": 100.0, ""cash_interest"": 10.0, ""mandatory_amortisation"": 20.0, ""closing_debt"": 80.0}, {""year"": 2, ""opening_debt"": 80.0, ""cash_interest"": 8.0, ""mandatory_amortisation"": 20.0, ""closing_debt"": 60.0}, {""year"": 3, ""opening_debt"": 60.0, ""cash_interest"": 6.0, ""mandatory_amortisation"": 20.0, ""closing_debt"": 40.0}, {""year"": 4, ""opening_debt"": 40.0, ""cash_interest"": 4.0, ""mandatory_amortisation"": 20.0, ""closing_debt"": 20.0}, {""year"": 5, ""opening_debt"": 20.0, ""cash_interest"": 2.0, ""mandatory_amortisation"": 20.0, ""closing_debt"": 0.0}], ""actual"": [{""year"": 1, ""opening_debt"": 100.0, ""cash_interest"": 10.0, ""mandatory_amortisation"": 20.0, ""closing_debt"": 80.0}, {""year"": 2, ""opening_debt"": 80.0, ""cash_interest"": 8.0, ""mandatory_amortisation"": 20.0, ""closing_debt"": 60.0}, {""year"": 3, ""opening_debt"": 60.0, ""cash_interest"": 6.0, ""mandatory_amortisation"": 20.0, ""closing_debt"": 40.0}, {""year"": 4, ""opening_debt"": 40.0, ""cash_interest"": 4.0, ""mandatory_amortisation"": 20.0, ""closing_debt"": 20.0}, {""year"": 5, ""opening_debt"": 20.0, ""cash_interest"": 2.0, ""mandatory_amortisation"": 20.0, ""closing_debt"": 0.0}], ""exact_match"": true}]","fractions, multiple and currency units","{""debt_schedule_years"": 5}",Descriptive frozen realization; no new interval or significance test. Mechanical checks are conditional on tested paths.,Conditional on the frozen synthetic system; no borrower-population inference.,"[""S4""]",supporting,true,false,false,"[""T2""]","No empirical, causal, calibrated-PD, universal-generalization or substantive financing-optimum extension.",No prior numerical claim imported.,,not applicable,true,false
REP-001,Baseline reproduction,"The archived baseline reproduced financial and statistical fields exactly, excluding runtime timing and source-commit metadata.",VERIFIED_MECHANICAL,frozen artifact audit,"[""results/v3/baseline/verification.json"", ""results/v3/foundation_validation.json""]","[{""artifact"": ""results/v3/baseline/verification.json"", ""keys"": [""financial_and_statistical_differences""]}, {""artifact"": ""results/v3/foundation_validation.json"", ""keys"": [""reviewed_v2_reproduction""]}]",null,not applicable,null,Descriptive frozen realization; no new interval or significance test. Mechanical checks are conditional on tested paths.,Historical verification evidence; no experiment was rerun for this freeze.,"[""S12""]",supporting,true,false,false,[],"No empirical, causal, calibrated-PD, universal-generalization or substantive financing-optimum extension.",No prior numerical claim imported.,,not applicable,false,false
SCR-001,Central thesis,"A screening model can be mechanically correct and rank adverse outcomes well while still failing to provide a stable, portable decision threshold across structurally different synthetic borrower archetypes.",INTERPRETIVE_SYNTHESIS,interpretive synthesis of frozen evidence,"[""results/v3/foundation_validation.json"", ""results/v3/template_evaluation/fold_results.csv"", ""results/v3/template_evaluation/summary.json""]","[{""artifact"": ""results/v3/foundation_validation.json"", ""keys"": [""runtime_validation""]}, {""artifact"": ""results/v3/template_evaluation/summary.json"", ""keys"": [""ranking""]}, {""artifact"": ""results/v3/template_evaluation/fold_results.csv""}]",null,not applicable,null,Descriptive frozen realization; no new interval or significance test. Mechanical checks are conditional on tested paths.,"A supported possibility illustrated by this synthetic system, not a universal or empirical borrower claim.","[""S1"", ""S2"", ""S11""]",PRIMARY_CONCEPTUAL_CLAIM,true,true,true,"[""F1""]","No empirical, causal, calibrated-PD, universal-generalization or substantive financing-optimum extension.",No prior numerical claim imported.,,not applicable,false,false
SCR-002,Three validation layers,"Engine correctness, ranking performance, and decision usefulness are distinct validation layers: passing one layer does not imply passing the next.",INTERPRETIVE_SYNTHESIS,interpretive synthesis of frozen evidence,"[""results/v3/foundation_validation.json"", ""results/v3/template_evaluation/summary.json""]","[{""artifact"": ""results/v3/foundation_validation.json"", ""keys"": [""runtime_validation""]}, {""artifact"": ""results/v3/template_evaluation/summary.json"", ""keys"": [""ranking""]}, {""artifact"": ""results/v3/template_evaluation/summary.json"", ""keys"": [""selected_threshold""]}]",null,not applicable,null,Descriptive frozen realization; no new interval or significance test. Mechanical checks are conditional on tested paths.,Conditional on the frozen synthetic system; no borrower-population inference.,"[""S1"", ""S2"", ""S11""]",primary,true,true,true,"[""F1""]","No empirical, causal, calibrated-PD, universal-generalization or substantive financing-optimum extension.",No prior numerical claim imported.,,not applicable,false,false
SCR-003,Synthetic benchmark,"The screening evaluation contains 200 synthetic scenarios across five templates, with 20 broad financial failures.",SYNTHETIC_RESULT,frozen artifact audit,"[""results/v3/template_evaluation/summary.json""]","[{""artifact"": ""results/v3/template_evaluation/summary.json"", ""keys"": [""n_scenarios""]}, {""artifact"": ""results/v3/template_evaluation/summary.json"", ""keys"": [""n_templates""]}, {""artifact"": ""results/v3/template_evaluation/summary.json"", ""keys"": [""n_failures""]}]","[200, 5, 20]",counts,"{""scenarios"": 200, ""templates"": 5, ""failures"": 20, ""nonfailures"": 180}",Descriptive frozen realization; no new interval or significance test. Mechanical checks are conditional on tested paths.,Conditional on the frozen synthetic system; no borrower-population inference.,"[""S5""]",supporting,true,true,false,"[""F2""]","No empirical, causal, calibrated-PD, universal-generalization or substantive financing-optimum extension.",No prior numerical claim imported.,,not applicable,true,false
SCR-004,Pooled ranking,The fixed screening score has aggregate ROC-AUC 0.947 and average precision 0.781 on the 200 synthetic scenarios (20 failures).,SYNTHETIC_RESULT,frozen artifact audit,"[""results/v3/template_evaluation/summary.json""]","[{""artifact"": ""results/v3/template_evaluation/summary.json"", ""keys"": [""ranking""]}]","[{""roc_auc"": 0.9472222222222222, ""pr_auc"": 0.7805768293204627}]",unitless,"{""scenarios"": 200, ""failures"": 20, ""nonfailures"": 180}",Descriptive frozen realization; no new interval or significance test. Mechanical checks are conditional on tested paths.,Conditional on the frozen synthetic system; no borrower-population inference.,"[""S6"", ""S11""]",primary,true,true,true,"[""T3"", ""F2"", ""A-F1""]","No empirical, causal, calibrated-PD, universal-generalization or substantive financing-optimum extension.",Retains reviewed v2 ranking under the same score-label pairs; excludes its scenario-bootstrap interval from v3.,,not applicable,true,false
SCR-005,AUC identity,Aggregate held-out and pooled AUC equality is mechanically expected because the fixed score uses the same score-label pairs once each; it is not independent evidence of generalization.,VERIFIED_MECHANICAL,frozen artifact audit,"[""results/v3/template_evaluation/summary.json"", ""results/v3/template_evaluation/verification.json""]","[{""artifact"": ""results/v3/template_evaluation/summary.json"", ""keys"": [""ranking""]}, {""artifact"": ""results/v3/template_evaluation/summary.json"", ""keys"": [""pooled_recomputed_ranking""]}, {""artifact"": ""results/v3/template_evaluation/verification.json"", ""keys"": [""source_records_equal_archived_json""]}]",null,not applicable,null,Descriptive frozen realization; no new interval or significance test. Mechanical checks are conditional on tested paths.,Conditional on the frozen synthetic system; no borrower-population inference.,"[""S6"", ""S11""]",supporting,true,true,true,"[""T3"", ""F2""]","No empirical, causal, calibrated-PD, universal-generalization or substantive financing-optimum extension.",No prior numerical claim imported.,,not applicable,false,false
SCR-006,Transferred thresholds,"Training-only transferred thresholds yield recall 75.0% (15/20), specificity 78.9% (142/180), 38 false positives and 5 false negatives among 200 scenarios; balanced accuracy is 0.769.",CONDITIONAL_SYNTHETIC_RESULT,frozen artifact audit,"[""results/v3/template_evaluation/summary.json""]","[{""artifact"": ""results/v3/template_evaluation/summary.json"", ""keys"": [""selected_threshold""]}]","[{""tp"": 15, ""fp"": 38, ""tn"": 142, ""fn"": 5, ""sensitivity"": 0.75, ""specificity"": 0.7888888888888889, ""fnr"": 0.25, ""fpr"": 0.2111111111111111, ""balanced_accuracy"": 0.7694444444444444, ""precision"": 0.2830188679245283, ""f1"": 0.410958904109589}]",counts and fractions,"{""scenarios"": 200, ""positive"": 20, ""negative"": 180, ""predicted_positive"": 53}",Descriptive frozen realization; no new interval or significance test. Mechanical checks are conditional on tested paths.,Conditional on the frozen synthetic system; no borrower-population inference.,"[""S6"", ""S11""]",primary,true,true,true,"[""T3""]","No empirical, causal, calibrated-PD, universal-generalization or substantive financing-optimum extension.",No prior numerical claim imported.,,not applicable,true,false
SCR-007,Fixed threshold,"The fixed 0.5 threshold yield recall 15.0% (3/20), specificity 100.0% (180/180), 0 false positives and 17 false negatives among 200 scenarios; balanced accuracy is 0.575.",CONDITIONAL_SYNTHETIC_RESULT,frozen artifact audit,"[""results/v3/template_evaluation/summary.json""]","[{""artifact"": ""results/v3/template_evaluation/summary.json"", ""keys"": [""fixed_0_5""]}]","[{""tp"": 3, ""fp"": 0, ""tn"": 180, ""fn"": 17, ""sensitivity"": 0.15, ""specificity"": 1.0, ""fnr"": 0.85, ""fpr"": 0.0, ""balanced_accuracy"": 0.575, ""precision"": 1.0, ""f1"": 0.2608695652173913}]",counts and fractions,"{""scenarios"": 200, ""positive"": 20, ""negative"": 180, ""predicted_positive"": 3}",Descriptive frozen realization; no new interval or significance test. Mechanical checks are conditional on tested paths.,Conditional on the frozen synthetic system; no borrower-population inference.,"[""S6"", ""S11""]",primary,true,true,true,"[""T3""]","No empirical, causal, calibrated-PD, universal-generalization or substantive financing-optimum extension.",No prior numerical claim imported.,,not applicable,true,false
SCR-008,Training-only selection,"Thresholds maximize training balanced accuracy using only the other templates; the frozen lowest-threshold tie rule applies, and the score itself is not trained.",VERIFIED_MECHANICAL,frozen artifact audit,"[""results/v3/template_evaluation/summary.json""]","[{""artifact"": ""results/v3/template_evaluation/summary.json"", ""keys"": [""protocol""]}, {""artifact"": ""results/v3/template_evaluation/summary.json"", ""keys"": [""sanity_checks""]}]",null,not applicable,null,Descriptive frozen realization; no new interval or significance test. Mechanical checks are conditional on tested paths.,Exclusion during threshold fitting cannot undo earlier benchmark design choices.,"[""S5""]",supporting,true,true,false,[],"No empirical, causal, calibrated-PD, universal-generalization or substantive financing-optimum extension.",No prior numerical claim imported.,,not applicable,false,false
SCR-009,Template 001 transfer,Template 001 misses 4/5 failures among 38 scenarios under the transferred threshold.,CONDITIONAL_SYNTHETIC_RESULT,frozen artifact audit,"[""results/v3/template_evaluation/fold_results.csv""]","[{""artifact"": ""results/v3/template_evaluation/fold_results.csv"", ""where"": {""held_out_template"": ""SYN_HOTEL_001""}}]","[[{""held_out_template"": ""SYN_HOTEL_001"", ""n_train"": ""162"", ""n_train_failures"": ""15"", ""n_test"": ""38"", ""n_test_failures"": ""5"", ""selected_threshold"": ""0.04780082990379734"", ""train_balanced_accuracy"": ""0.9496598639455782"", ""test_tp"": ""1"", ""test_fp"": ""0"", ""test_tn"": ""33"", ""test_fn"": ""4"", ""test_sensitivity"": ""0.2"", ""test_specificity"": ""1.0"", ""test_fnr"": ""0.8"", ""test_fpr"": ""0.0"", ""test_balanced_accuracy"": ""0.6"", ""test_precision"": ""1.0"", ""test_f1"": ""0.3333333333333333"", ""test_roc_auc"": ""0.9696969696969697"", ""test_pr_auc"": ""0.8711111111111112"", ""fixed_0_5_tp"": ""0"", ""fixed_0_5_fp"": ""0"", ""fixed_0_5_tn"": ""33"", ""fixed_0_5_fn"": ""5"", ""fixed_0_5_sensitivity"": ""0.0"", ""fixed_0_5_specificity"": ""1.0"", ""fixed_0_5_fnr"": ""1.0"", ""fixed_0_5_fpr"": ""0.0"", ""fixed_0_5_balanced_accuracy"": ""0.5"", ""fixed_0_5_precision"": """", ""fixed_0_5_f1"": ""0.0""}]]","counts, score thresholds and unitless metrics","{""scenarios"": 38, ""positive"": 5, ""negative"": 33, ""aggregate_false_positives"": 38}",Descriptive frozen realization; no new interval or significance test. Mechanical checks are conditional on tested paths.,Conditional on the frozen synthetic system; no borrower-population inference.,"[""S7""]",primary,true,false,false,"[""T4"", ""F3"", ""A-F1""]","No empirical, causal, calibrated-PD, universal-generalization or substantive financing-optimum extension.",No prior numerical claim imported.,,not applicable,true,true
SCR-010,Template 002 transfer,Template 002 detects 3/3 failures and falsely flags 1/29 non-failures among 32 scenarios under the transferred threshold.,CONDITIONAL_SYNTHETIC_RESULT,frozen artifact audit,"[""results/v3/template_evaluation/fold_results.csv""]","[{""artifact"": ""results/v3/template_evaluation/fold_results.csv"", ""where"": {""held_out_template"": ""SYN_HOTEL_002""}}]","[[{""held_out_template"": ""SYN_HOTEL_002"", ""n_train"": ""168"", ""n_train_failures"": ""17"", ""n_test"": ""32"", ""n_test_failures"": ""3"", ""selected_threshold"": ""0.04735235093945553"", ""train_balanced_accuracy"": ""0.8691079080638877"", ""test_tp"": ""3"", ""test_fp"": ""1"", ""test_tn"": ""28"", ""test_fn"": ""0"", ""test_sensitivity"": ""1.0"", ""test_specificity"": ""0.9655172413793104"", ""test_fnr"": ""0.0"", ""test_fpr"": ""0.034482758620689655"", ""test_balanced_accuracy"": ""0.9827586206896552"", ""test_precision"": ""0.75"", ""test_f1"": ""0.8571428571428571"", ""test_roc_auc"": ""0.9885057471264368"", ""test_pr_auc"": ""0.9166666666666666"", ""fixed_0_5_tp"": ""0"", ""fixed_0_5_fp"": ""0"", ""fixed_0_5_tn"": ""29"", ""fixed_0_5_fn"": ""3"", ""fixed_0_5_sensitivity"": ""0.0"", ""fixed_0_5_specificity"": ""1.0"", ""fixed_0_5_fnr"": ""1.0"", ""fixed_0_5_fpr"": ""0.0"", ""fixed_0_5_balanced_accuracy"": ""0.5"", ""fixed_0_5_precision"": """", ""fixed_0_5_f1"": ""0.0""}]]","counts, score thresholds and unitless metrics","{""scenarios"": 32, ""positive"": 3, ""negative"": 29, ""aggregate_false_positives"": 38}",Descriptive frozen realization; no new interval or significance test. Mechanical checks are conditional on tested paths.,Conditional on the frozen synthetic system; no borrower-population inference.,"[""S7""]",supporting,true,false,false,"[""T4"", ""F3"", ""A-F1""]","No empirical, causal, calibrated-PD, universal-generalization or substantive financing-optimum extension.",No prior numerical claim imported.,,not applicable,true,true
SCR-011,Template 003 transfer,Template 003 misses its only failure among 47 scenarios despite within-template AUC 1.000; this ranking estimate contains only one positive.,CONDITIONAL_SYNTHETIC_RESULT,frozen artifact audit,"[""results/v3/template_evaluation/fold_results.csv""]","[{""artifact"": ""results/v3/template_evaluation/fold_results.csv"", ""where"": {""held_out_template"": ""SYN_HOTEL_003""}}]","[[{""held_out_template"": ""SYN_HOTEL_003"", ""n_train"": ""153"", ""n_train_failures"": ""19"", ""n_test"": ""47"", ""n_test_failures"": ""1"", ""selected_threshold"": ""0.04735235093945553"", ""train_balanced_accuracy"": ""0.9023959151610369"", ""test_tp"": ""0"", ""test_fp"": ""0"", ""test_tn"": ""46"", ""test_fn"": ""1"", ""test_sensitivity"": ""0.0"", ""test_specificity"": ""1.0"", ""test_fnr"": ""1.0"", ""test_fpr"": ""0.0"", ""test_balanced_accuracy"": ""0.5"", ""test_precision"": """", ""test_f1"": ""0.0"", ""test_roc_auc"": ""1.0"", ""test_pr_auc"": ""1.0"", ""fixed_0_5_tp"": ""0"", ""fixed_0_5_fp"": ""0"", ""fixed_0_5_tn"": ""46"", ""fixed_0_5_fn"": ""1"", ""fixed_0_5_sensitivity"": ""0.0"", ""fixed_0_5_specificity"": ""1.0"", ""fixed_0_5_fnr"": ""1.0"", ""fixed_0_5_fpr"": ""0.0"", ""fixed_0_5_balanced_accuracy"": ""0.5"", ""fixed_0_5_precision"": """", ""fixed_0_5_f1"": ""0.0""}]]","counts, score thresholds and unitless metrics","{""scenarios"": 47, ""positive"": 1, ""negative"": 46, ""aggregate_false_positives"": 38}",Descriptive frozen realization; no new interval or significance test. Mechanical checks are conditional on tested paths.,Conditional on the frozen synthetic system; no borrower-population inference.,"[""S7""]",primary,true,false,false,"[""T4"", ""F3"", ""A-F1""]","No empirical, causal, calibrated-PD, universal-generalization or substantive financing-optimum extension.",No prior numerical claim imported.,,not applicable,true,true
SCR-012,Template 004 transfer,"Template 004 contributes 37/38 aggregate false positives. At threshold 0.009678, its specificity is 2.6% (1/38), FPR 97.4% (37/38), and balanced accuracy 0.513 versus 0.636 at fixed 0.5 (49 scenarios; 11 failures).",CONDITIONAL_SYNTHETIC_RESULT,frozen artifact audit,"[""results/v3/template_evaluation/fold_results.csv""]","[{""artifact"": ""results/v3/template_evaluation/fold_results.csv"", ""where"": {""held_out_template"": ""SYN_HOTEL_004""}}]","[[{""held_out_template"": ""SYN_HOTEL_004"", ""n_train"": ""151"", ""n_train_failures"": ""9"", ""n_test"": ""49"", ""n_test_failures"": ""11"", ""selected_threshold"": ""0.00967805410948959"", ""train_balanced_accuracy"": ""0.954225352112676"", ""test_tp"": ""11"", ""test_fp"": ""37"", ""test_tn"": ""1"", ""test_fn"": ""0"", ""test_sensitivity"": ""1.0"", ""test_specificity"": ""0.02631578947368421"", ""test_fnr"": ""0.0"", ""test_fpr"": ""0.9736842105263158"", ""test_balanced_accuracy"": ""0.5131578947368421"", ""test_precision"": ""0.22916666666666666"", ""test_f1"": ""0.3728813559322034"", ""test_roc_auc"": ""0.9784688995215312"", ""test_pr_auc"": ""0.9339761248852159"", ""fixed_0_5_tp"": ""3"", ""fixed_0_5_fp"": ""0"", ""fixed_0_5_tn"": ""38"", ""fixed_0_5_fn"": ""8"", ""fixed_0_5_sensitivity"": ""0.2727272727272727"", ""fixed_0_5_specificity"": ""1.0"", ""fixed_0_5_fnr"": ""0.7272727272727273"", ""fixed_0_5_fpr"": ""0.0"", ""fixed_0_5_balanced_accuracy"": ""0.6363636363636364"", ""fixed_0_5_precision"": ""1.0"", ""fixed_0_5_f1"": ""0.42857142857142855""}]]","counts, score thresholds and unitless metrics","{""scenarios"": 49, ""positive"": 11, ""negative"": 38, ""aggregate_false_positives"": 38}",Descriptive frozen realization; no new interval or significance test. Mechanical checks are conditional on tested paths.,Conditional on the frozen synthetic system; no borrower-population inference.,"[""S7"", ""S11""]",primary,true,true,true,"[""T4"", ""F3"", ""A-F1""]","No empirical, causal, calibrated-PD, universal-generalization or substantive financing-optimum extension.",No prior numerical claim imported.,,not applicable,true,true
SCR-013,Template 005 transfer,"Template 005 has no failures among 34 scenarios; within-template AUC, average precision and balanced accuracy are undefined and cannot support ranking claims.",CONDITIONAL_SYNTHETIC_RESULT,frozen artifact audit,"[""results/v3/template_evaluation/fold_results.csv""]","[{""artifact"": ""results/v3/template_evaluation/fold_results.csv"", ""where"": {""held_out_template"": ""SYN_HOTEL_005""}}]","[[{""held_out_template"": ""SYN_HOTEL_005"", ""n_train"": ""166"", ""n_train_failures"": ""20"", ""n_test"": ""34"", ""n_test_failures"": ""0"", ""selected_threshold"": ""0.04735235093945553"", ""train_balanced_accuracy"": ""0.8828767123287671"", ""test_tp"": ""0"", ""test_fp"": ""0"", ""test_tn"": ""34"", ""test_fn"": ""0"", ""test_sensitivity"": """", ""test_specificity"": ""1.0"", ""test_fnr"": """", ""test_fpr"": ""0.0"", ""test_balanced_accuracy"": """", ""test_precision"": """", ""test_f1"": """", ""test_roc_auc"": """", ""test_pr_auc"": """", ""fixed_0_5_tp"": ""0"", ""fixed_0_5_fp"": ""0"", ""fixed_0_5_tn"": ""34"", ""fixed_0_5_fn"": ""0"", ""fixed_0_5_sensitivity"": """", ""fixed_0_5_specificity"": ""1.0"", ""fixed_0_5_fnr"": """", ""fixed_0_5_fpr"": ""0.0"", ""fixed_0_5_balanced_accuracy"": """", ""fixed_0_5_precision"": """", ""fixed_0_5_f1"": """"}]]","counts, score thresholds and unitless metrics","{""scenarios"": 34, ""positive"": 0, ""negative"": 34, ""aggregate_false_positives"": 38}",Descriptive frozen realization; no new interval or significance test. Mechanical checks are conditional on tested paths.,Conditional on the frozen synthetic system; no borrower-population inference.,"[""S7""]",primary,true,false,false,"[""T4"", ""F3"", ""A-F1""]","No empirical, causal, calibrated-PD, universal-generalization or substantive financing-optimum extension.",No prior numerical claim imported.,,not applicable,true,true
SCR-014,Fold dispersion,Fold dispersion is descriptive; overlapping training sets and sparse positives preclude precise population inference. The aggregate is not an equal-weight average of template metrics.,LIMITATION,frozen artifact audit,"[""results/v3/template_evaluation/fold_results.csv"", ""results/v3/template_evaluation/summary.json""]","[{""artifact"": ""results/v3/template_evaluation/summary.json"", ""keys"": [""fold_metric_dispersion""]}, {""artifact"": ""results/v3/template_evaluation/fold_results.csv"", ""fields"": [""held_out_template"", ""n_test"", ""n_test_failures""]}]",null,not applicable,null,Descriptive frozen realization; no new interval or significance test. Mechanical checks are conditional on tested paths.,Conditional on the frozen synthetic system; no borrower-population inference.,"[""S7"", ""S10"", ""S11""]",supporting,true,true,true,"[""T4""]","No empirical, causal, calibrated-PD, universal-generalization or substantive financing-optimum extension.",No prior numerical claim imported.,,not applicable,false,false
SCR-015,Not calibrated PD,"The analytic screening score is a ranking score, not a calibrated probability of default; broad financial failure includes distinct payment, funding and covenant events.",LIMITATION,frozen artifact audit,"[""results/v3/template_evaluation/summary.json""]","[{""artifact"": ""results/v3/template_evaluation/summary.json"", ""keys"": [""protocol""]}]",null,not applicable,null,Descriptive frozen realization; no new interval or significance test. Mechanical checks are conditional on tested paths.,Conditional on the frozen synthetic system; no borrower-population inference.,"[""S1"", ""S3"", ""S10"", ""S11""]",supporting,true,true,true,[],"No empirical, causal, calibrated-PD, universal-generalization or substantive financing-optimum extension.",No prior numerical claim imported.,"Source prose: docs/V3_TEMPLATE_EVALUATION.md, Protocol and provenance; do not collapse the union into payment default.",not applicable,false,false
SCR-016,Archetype inputs,"The five named hotel archetypes are stipulated synthetic inputs, not observations of five real borrowers.",LIMITATION,frozen artifact audit,"[""data/synthetic/operators.csv""]","[{""artifact"": ""data/synthetic/operators.csv""}]","[[{""operator_id"": ""SYN_HOTEL_001"", ""operator_name"": ""Hotel Archetype A"", ""revenue_0"": ""1200"", ""ebitda_0"": ""260"", ""revenue_growth_mean"": ""0.03"", ""revenue_growth_std"": ""0.04"", ""ebitda_margin_mean"": ""0.22"", ""financial_debt_0"": ""520"", ""lease_liability_0"": ""390"", ""cash_0"": ""45"", ""lambda_lease"": ""3.0"", ""cash_sweep"": ""0.55"", ""lease_principal_rate"": ""0.11"", ""lease_additions_rate"": ""0.01"", ""seed"": ""42""}, {""operator_id"": ""SYN_HOTEL_002"", ""operator_name"": ""Hotel Archetype B"", ""revenue_0"": ""980"", ""ebitda_0"": ""205"", ""revenue_growth_mean"": ""0.025"", ""revenue_growth_std"": ""0.05"", ""ebitda_margin_mean"": ""0.21"", ""financial_debt_0"": ""470"", ""lease_liability_0"": ""360"", ""cash_0"": ""35"", ""lambda_lease"": ""3.2"", ""cash_sweep"": ""0.50"", ""lease_principal_rate"": ""0.12"", ""lease_additions_rate"": ""0.012"", ""seed"": ""42""}, {""operator_id"": ""SYN_HOTEL_003"", ""operator_name"": ""Hotel Archetype C"", ""revenue_0"": ""1450"", ""ebitda_0"": ""330"", ""revenue_growth_mean"": ""0.035"", ""revenue_growth_std"": ""0.03"", ""ebitda_margin_mean"": ""0.23"", ""financial_debt_0"": ""610"", ""lease_liability_0"": ""470"", ""cash_0"": ""55"", ""lambda_lease"": ""2.9"", ""cash_sweep"": ""0.58"", ""lease_principal_rate"": ""0.10"", ""lease_additions_rate"": ""0.009"", ""seed"": ""42""}, {""operator_id"": ""SYN_HOTEL_004"", ""operator_name"": ""Hotel Archetype D"", ""revenue_0"": ""760"", ""ebitda_0"": ""150"", ""revenue_growth_mean"": ""0.02"", ""revenue_growth_std"": ""0.05"", ""ebitda_margin_mean"": ""0.20"", ""financial_debt_0"": ""390"", ""lease_liability_0"": ""300"", ""cash_0"": ""30"", ""lambda_lease"": ""3.4"", ""cash_sweep"": ""0.48"", ""lease_principal_rate"": ""0.13"", ""lease_additions_rate"": ""0.013"", ""seed"": ""42""}, {""operator_id"": ""SYN_HOTEL_005"", ""operator_name"": ""Hotel Archetype E"", ""revenue_0"": ""1680"", ""ebitda_0"": ""390"", ""revenue_growth_mean"": ""0.04"", ""revenue_growth_std"": ""0.035"", ""ebitda_margin_mean"": ""0.24"", ""financial_debt_0"": ""650"", ""lease_liability_0"": ""500"", ""cash_0"": ""60"", ""lambda_lease"": ""2.8"", ""cash_sweep"": ""0.60"", ""lease_principal_rate"": ""0.10"", ""lease_additions_rate"": ""0.008"", ""seed"": ""42""}]]","input-specific: currency units, fractions, multiple, seed","{""templates"": 5}",Descriptive frozen realization; no new interval or significance test. Mechanical checks are conditional on tested paths.,"Input percentages are stipulated parameters, not sample estimates.","[""S3"", ""S5""]",supporting,true,false,false,"[""T1""]","No empirical, causal, calibrated-PD, universal-generalization or substantive financing-optimum extension.",No prior numerical claim imported.,,not applicable,true,false
SCR-017,No utility conclusion,Improved balanced accuracy and recall do not establish economic superiority without an explicit error-cost or utility model.,LIMITATION,frozen artifact audit,"[""results/v3/template_evaluation/summary.json""]","[{""artifact"": ""results/v3/template_evaluation/summary.json"", ""keys"": [""protocol""]}, {""artifact"": ""results/v3/template_evaluation/summary.json"", ""keys"": [""selected_threshold""]}, {""artifact"": ""results/v3/template_evaluation/summary.json"", ""keys"": [""fixed_0_5""]}]",null,not applicable,null,Descriptive frozen realization; no new interval or significance test. Mechanical checks are conditional on tested paths.,Conditional on the frozen synthetic system; no borrower-population inference.,"[""S6"", ""S10"", ""S11""]",supporting,true,false,true,[],"No empirical, causal, calibrated-PD, universal-generalization or substantive financing-optimum extension.",No prior numerical claim imported.,,not applicable,false,false
BAY-001,Exclusion decision,Bayesian calibration is classification C and excluded from v3 main results; no posterior-driven LBO integration was performed.,EXCLUDED_METHOD,frozen artifact audit,"[""results/v3/bayesian_validation/admission_decision.json""]","[{""artifact"": ""results/v3/bayesian_validation/admission_decision.json""}]",null,not applicable,null,Descriptive frozen realization; no new interval or significance test. Mechanical checks are conditional on tested paths.,Excluded methodological experiment only; this does not imply Bayesian modeling is intrinsically invalid.,"[""S9"", ""S10""]",supporting,true,true,false,"[""A1""]","No empirical, causal, calibrated-PD, universal-generalization or substantive financing-optimum extension.",No prior numerical claim imported.,,C / excluded methodological experiment,false,false
BAY-002,Input provenance,All ten named-firm calibration rows are unverified/stipulated and cannot support empirically validated calibration.,EXCLUDED_METHOD,frozen artifact audit,"[""results/v3/bayesian_validation/data_provenance.json""]","[{""artifact"": ""results/v3/bayesian_validation/data_provenance.json""}]","[{""classification"": ""UNVERIFIED / STIPULATED CALIBRATION INPUTS"", ""n_rows"": 10, ""repository_search"": ""no variable-level citations or reconstruction metadata found"", ""variables"": {""revenue_growth"": {""classification"": ""unverified/stipulated"", ""source_documented"": false}, ""terminal_margin"": {""classification"": ""unverified/stipulated"", ""source_documented"": false}, ""lease_multiple"": {""classification"": ""unverified/stipulated"", ""source_documented"": false}, ""senior_rate"": {""classification"": ""unverified/stipulated"", ""source_documented"": false}, ""mezz_rate"": {""classification"": ""unverified/stipulated"", ""source_documented"": false}}, ""metadata"": {""name"": ""unused categorical metadata; provenance unverified"", ""region"": ""unused categorical metadata; provenance unverified"", ""rating"": ""unused categorical metadata; provenance unverified"", ""brand_tier"": ""unused categorical metadata; provenance unverified""}, ""sha256"": ""35b31b4879d8a3747311d31f7ca258b65b6e25ffbe3eee8de1aa8297ac563f7a""}]",count,"{""stipulated_rows"": 10}",Descriptive frozen realization; no new interval or significance test. Mechanical checks are conditional on tested paths.,Excluded methodological experiment; firm names do not establish provenance.,"[""S9""]",supporting,true,false,false,"[""A1""]","No empirical, causal, calibrated-PD, universal-generalization or substantive financing-optimum extension.",No prior numerical claim imported.,,C / excluded methodological experiment,true,false
BAY-003,Failed diagnostic gates,Synthetic recovery did not override failed frozen convergence/effective-sampling and prior-sensitivity gates.,EXCLUDED_METHOD,frozen artifact audit,"[""results/v3/bayesian_validation/prior_sensitivity.json"", ""results/v3/bayesian_validation/recovery_summary.json""]","[{""artifact"": ""results/v3/bayesian_validation/recovery_summary.json""}, {""artifact"": ""results/v3/bayesian_validation/prior_sensitivity.json"", ""keys"": [""parameter_comparison""]}, {""artifact"": ""results/v3/bayesian_validation/prior_sensitivity.json"", ""keys"": [""material_prior_sensitivity""]}]","[{""n_runs"": 18, ""n_parameter_evaluations"": 180, ""overall_90_interval_coverage"": 0.9388888888888889, ""coverage_by_design"": {""central"": 0.9666666666666667, ""high_variance"": 0.9, ""larger_sample"": 0.9, ""low_variance"": 0.9666666666666667, ""near_boundary"": 0.9333333333333333, ""small_sample"": 0.9666666666666667}, ""error_by_parameter_type"": {""mean"": {""relative_rmse"": 0.08035836885815568}, ""scale"": {""relative_rmse"": 0.1198846557061126}}, ""mean_signed_relative_error_by_parameter"": {""mu_L"": 0.021272621826019366, ""mu_g"": 0.006093736967222701, ""mu_m"": -0.0019330069184642178, ""mu_r_mezz"": -0.019972222619018654, ""mu_r_sen"": -0.010363047647853759, ""sigma_L"": 0.032515473215846497, ""sigma_g"": -0.05665770626193045, ""sigma_m"": -0.012037043071365985, ""sigma_r_mezz"": 0.008334101290693093, ""sigma_r_sen"": 0.08312645916051771}, ""diagnostic_extrema"": {""max_r_hat"": 1.0146085972518615, ""min_bulk_ess"": 391.48627301744915, ""min_tail_ess"": 176.2803688085891, ""total_divergences"": 0, ""total_tree_depth_warnings"": 0}, ""acceptance_criteria"": {""zero_divergences"": true, ""r_hat_at_most_1_01"": false, ""bulk_ess_at_least_200"": true, ""tail_ess_at_least_200"": false, ""overall_90_coverage_at_least_0_80"": true, ""each_design_coverage_at_least_0_70"": true, ""mean_relative_rmse_at_most_0_35"": true, ""scale_relative_rmse_at_most_0_60"": true, ""max_absolute_relative_bias_at_most_0_75"": true}, ""technical_recovery_gate_passed"": false}, [{""parameter"": ""mu_g"", ""baseline_mean"": 0.029471664378149475, ""wider_mean"": 0.029289798688357595, ""baseline_sd"": 0.002020251402691086, ""absolute_shift_in_baseline_sd"": 0.09002131593603874}, {""parameter"": ""sigma_g"", ""baseline_mean"": 0.006468534526545451, ""wider_mean"": 0.006450896765918655, ""baseline_sd"": 0.0018460460436974932, ""absolute_shift_in_baseline_sd"": 0.009554344913016813}, {""parameter"": ""mu_m"", ""baseline_mean"": 0.27153859278631165, ""wider_mean"": 0.2726674324988168, ""baseline_sd"": 0.01607117070515076, ""absolute_shift_in_baseline_sd"": 0.07024004244714849}, {""parameter"": ""sigma_m"", ""baseline_mean"": 0.0474934155685505, ""wider_mean"": 0.05853125947216783, ""baseline_sd"": 0.010213924753220728, ""absolute_shift_in_baseline_sd"": 1.0806662639781826}, {""parameter"": ""mu_L"", ""baseline_mean"": 1.18928589553895, ""wider_mean"": 1.1898158552531266, ""baseline_sd"": 0.04610984932671013, ""absolute_shift_in_baseline_sd"": 0.011493416740999516}, {""parameter"": ""sigma_L"", ""baseline_mean"": 0.13207123202298354, ""wider_mean"": 0.1327893743438152, ""baseline_sd"": 0.03655437525043496, ""absolute_shift_in_baseline_sd"": 0.01964586498638351}, {""parameter"": ""mu_r_sen"", ""baseline_mean"": 0.05296513696417449, ""wider_mean"": 0.05276943541496319, ""baseline_sd"": 0.0018212000789647501, ""absolute_shift_in_baseline_sd"": 0.1074574680023879}, {""parameter"": ""sigma_r_sen"", ""baseline_mean"": 0.0057720037981219925, ""wider_mean"": 0.005988003613736937, ""baseline_sd"": 0.0014447607630884364, ""absolute_shift_in_baseline_sd"": 0.14950559368265628}, {""parameter"": ""mu_r_mezz"", ""baseline_mean"": 0.08949926995893603, ""wider_mean"": 0.09137155109774829, ""baseline_sd"": 0.002887070015716727, ""absolute_shift_in_baseline_sd"": 0.648505622870201}, {""parameter"": ""sigma_r_mezz"", ""baseline_mean"": 0.00857694518751147, ""wider_mean"": 0.009158690962324145, ""baseline_sd"": 0.0022074890103769076, ""absolute_shift_in_baseline_sd"": 0.2635328067673353}], true]","coverage fractions, relative RMSE, R-hat, ESS and posterior-SD shifts","{""recovery_runs"": 18, ""parameter_evaluations"": 180, ""prior_fits"": 2}",Descriptive frozen realization; no new interval or significance test. Mechanical checks are conditional on tested paths.,Appendix exclusion diagnostics only; no substantive empirical or predictive result.,"[""S9""]",supporting,true,false,false,"[""A1""]","No empirical, causal, calibrated-PD, universal-generalization or substantive financing-optimum extension.",No prior numerical claim imported.,,C / excluded methodological experiment,true,false
OPT-001,Methodological admission,The financing-design experiment is classification B: retain only as a toy or methodological demonstration.,EXCLUDED_METHOD,frozen artifact audit,"[""results/v3/optimization_validation/admission_decision.json"", ""results/v3/result_validation/optimization.json""]","[{""artifact"": ""results/v3/optimization_validation/admission_decision.json""}, {""artifact"": ""results/v3/result_validation/optimization.json"", ""keys"": [""notes""]}]",null,not applicable,null,Descriptive frozen realization; no new interval or significance test. Mechanical checks are conditional on tested paths.,Appendix demonstration only; not a substantive financing result.,"[""S8"", ""S10""]",supporting,true,true,false,"[""T5""]","No empirical, causal, calibrated-PD, universal-generalization or substantive financing-optimum extension.",No prior numerical claim imported.,The existing result registry manuscript_eligibility=false bars substantive result promotion. Here manuscript_eligible=true permits explicitly labelled methodological appendix discussion only; admission is unchanged.,B / methodological demonstration only,false,false
OPT-002,Separate valuation experiment,The reviewed v2 benchmark uses revenue-based entry EV and EBITDA-based exit EV and is unsuitable for return optimization; the separate v3 demonstration uses EBITDA for both valuation bases.,LIMITATION,frozen artifact audit,"[""results/v3/optimization_validation/economic_audit.json""]","[{""artifact"": ""results/v3/optimization_validation/economic_audit.json""}]",null,not applicable,null,Descriptive frozen realization; no new interval or significance test. Mechanical checks are conditional on tested paths.,Coherent EBITDA bases do not eliminate entry/exit lease-treatment limitations or establish market calibration.,"[""S8""]",supporting,true,false,false,[],"No empirical, causal, calibrated-PD, universal-generalization or substantive financing-optimum extension.",No prior numerical claim imported.,,B / methodological demonstration only,false,false
OPT-003,Aggregate demonstration,"In the methodological demonstration, optimized/reference median annualized sponsor returns are 1.10%/0.61%; broad failure is 1.4% (7/500)/6.8% (34/500), and payment default 0.6% (3/500)/5.0% (25/500).",CONDITIONAL_SYNTHETIC_RESULT,frozen artifact audit,"[""results/v3/optimization_validation/summary.json""]","[{""artifact"": ""results/v3/optimization_validation/summary.json"", ""keys"": [""primary_aggregate_heldout""]}]","[{""optimized"": {""n_scenarios"": 500, ""median_annualized_return"": 0.011006661155407493, ""mean_annualized_return"": -0.011114892439248281, ""median_moic"": 1.0562586593009013, ""annualized_return_q10"": -0.1520611080995161, ""total_equity_loss_rate"": 0.002, ""broad_failure_rate"": 0.014, ""payment_default_rate"": 0.006, ""insolvency_rate"": 0.012, ""covenant_breach_rate"": 0.014, ""median_initial_sponsor_equity"": 1663.5, ""median_opening_debt"": 390.0, ""median_ending_term_debt"": 0.0, ""mean_max_revolver"": 5.4201658300154545}, ""reference"": {""n_scenarios"": 500, ""median_annualized_return"": 0.006122463947596968, ""mean_annualized_return"": -0.032606578860677374, ""median_moic"": 1.030989694667049, ""annualized_return_q10"": -0.18183380422627476, ""total_equity_loss_rate"": 0.018, ""broad_failure_rate"": 0.068, ""payment_default_rate"": 0.05, ""insolvency_rate"": 0.058, ""covenant_breach_rate"": 0.048, ""median_initial_sponsor_equity"": 1533.5, ""median_opening_debt"": 520.0, ""median_ending_term_debt"": 146.15663216358445, ""mean_max_revolver"": 15.476530598955922}}]","fractions, multiples and currency units","{""scenarios_per_policy"": 500, ""unique_scenarios"": 500}",Descriptive frozen realization; no new interval or significance test. Mechanical checks are conditional on tested paths.,B/methodological only; paired synthetic paths; not economic optimality or empirical uplift.,"[""S8""]",supporting,true,false,false,"[""T5""]","No empirical, causal, calibrated-PD, universal-generalization or substantive financing-optimum extension.",No prior numerical claim imported.,,B / methodological demonstration only,true,true
OPT-004,Boundary policies,"All five folds select the 1.50x minimum debt boundary, and four of five select the 70% maximum sweep.",DESCRIPTIVE_DIAGNOSTIC,frozen artifact audit,"[""results/v3/optimization_validation/fold_selection.csv""]","[{""artifact"": ""results/v3/optimization_validation/fold_selection.csv"", ""fields"": [""held_out_template"", ""selected_debt_multiple"", ""selected_amortisation_rate"", ""selected_cash_sweep"", ""train_objective"", ""train_reference_n_scenarios"", ""test_optimized_n_scenarios""]}]","[[{""held_out_template"": ""SYN_HOTEL_001"", ""selected_debt_multiple"": ""1.5"", ""selected_amortisation_rate"": ""0.05"", ""selected_cash_sweep"": ""0.7"", ""train_objective"": ""0.012471071449145832"", ""train_reference_n_scenarios"": ""400"", ""test_optimized_n_scenarios"": ""100""}, {""held_out_template"": ""SYN_HOTEL_002"", ""selected_debt_multiple"": ""1.5"", ""selected_amortisation_rate"": ""0.075"", ""selected_cash_sweep"": ""0.7"", ""train_objective"": ""0.011169108972052255"", ""train_reference_n_scenarios"": ""400"", ""test_optimized_n_scenarios"": ""100""}, {""held_out_template"": ""SYN_HOTEL_003"", ""selected_debt_multiple"": ""1.5"", ""selected_amortisation_rate"": ""0.05"", ""selected_cash_sweep"": ""0.6"", ""train_objective"": ""0.0035382132685414236"", ""train_reference_n_scenarios"": ""400"", ""test_optimized_n_scenarios"": ""100""}, {""held_out_template"": ""SYN_HOTEL_004"", ""selected_debt_multiple"": ""1.5"", ""selected_amortisation_rate"": ""0.075"", ""selected_cash_sweep"": ""0.7"", ""train_objective"": ""0.017985384211161137"", ""train_reference_n_scenarios"": ""400"", ""test_optimized_n_scenarios"": ""100""}, {""held_out_template"": ""SYN_HOTEL_005"", ""selected_debt_multiple"": ""1.5"", ""selected_amortisation_rate"": ""0.05"", ""selected_cash_sweep"": ""0.7"", ""train_objective"": ""-0.00024212867072426203"", ""train_reference_n_scenarios"": ""400"", ""test_optimized_n_scenarios"": ""100""}]]","multiple, policy fractions and return fraction","{""folds"": 5, ""training_scenarios_per_fold"": 400, ""heldout_scenarios_per_fold"": 100}",Descriptive frozen realization; no new interval or significance test. Mechanical checks are conditional on tested paths.,B/methodological only; grid boundary selection is not a substantive capital-structure optimum.,"[""S8""]",supporting,true,false,false,"[""T5"", ""A-F2""]","No empirical, causal, calibrated-PD, universal-generalization or substantive financing-optimum extension.",No prior numerical claim imported.,,B / methodological demonstration only,true,true
OPT-005,Feasible observed boundary profile,"All five folds show decreasing best-feasible objectives across feasible observed debt levels, supporting a systematic within-grid preference for lower leverage; no result identifies the true optimum below 1.50x.",DESCRIPTIVE_DIAGNOSTIC,frozen artifact audit,"[""results/v3/post_optimization_diagnostics/debt_boundary_profile.csv"", ""results/v3/post_optimization_diagnostics/debt_boundary_summary.json""]","[{""artifact"": ""results/v3/post_optimization_diagnostics/debt_boundary_summary.json""}, {""artifact"": ""results/v3/post_optimization_diagnostics/debt_boundary_profile.csv"", ""fields"": [""held_out_template"", ""debt_multiple"", ""feasible_candidate_exists"", ""best_feasible_median_annualized_return""]}]","[{""debt_levels"": [1.5, 1.75, 2.0, 2.25, 2.5, 2.75, 3.0], ""fold_count"": 5, ""shape_classification_counts"": {""monotone_decreasing_with_debt"": 5, ""monotone_increasing_with_debt"": 0, ""nonmonotone_across_feasible_levels"": 0, ""single_feasible_level"": 0}, ""fold_classifications"": [{""held_out_template"": ""SYN_HOTEL_001"", ""shape_classification"": ""monotone_decreasing_with_debt"", ""objective_by_feasible_debt_levels"": [0.0124710714491458, 0.0111210334372737, 0.0095774417230499, 0.0078860855403121, 0.0060246142241754]}, {""held_out_template"": ""SYN_HOTEL_002"", ""shape_classification"": ""monotone_decreasing_with_debt"", ""objective_by_feasible_debt_levels"": [0.0111691089720522, 0.0097952574182057, 0.0081929148237908, 0.006437313904431, 0.0045052876276711]}, {""held_out_template"": ""SYN_HOTEL_003"", ""shape_classification"": ""monotone_decreasing_with_debt"", ""objective_by_feasible_debt_levels"": [0.0035382132685414, 0.0017002177697594, -0.0003089783296039, -0.0025145761341584, -0.0049470044016383]}, {""held_out_template"": ""SYN_HOTEL_004"", ""shape_classification"": ""monotone_decreasing_with_debt"", ""objective_by_feasible_debt_levels"": [0.0179853842111611, 0.0169604211604953, 0.0156992860989254]}, {""held_out_template"": ""SYN_HOTEL_005"", ""shape_classification"": ""monotone_decreasing_with_debt"", ""objective_by_feasible_debt_levels"": [-0.0002421286707242, -0.0022652471444418, -0.0044786832667137, -0.0069107694598138, -0.0095957912702832]}], ""boundary_interpretation"": ""The objective declines monotonically across the feasible observed debt levels in all five folds. The observed surface supports a systematic within-grid preference for lower leverage, but because the grid is frozen at 1.50x and no lower debt values were permitted, the experiment cannot identify the true optimum below 1.50x.""}, [{""held_out_template"": ""SYN_HOTEL_001"", ""debt_multiple"": ""1.5"", ""feasible_candidate_exists"": ""True"", ""best_feasible_median_annualized_return"": ""0.0124710714491458""}, {""held_out_template"": ""SYN_HOTEL_001"", ""debt_multiple"": ""1.75"", ""feasible_candidate_exists"": ""True"", ""best_feasible_median_annualized_return"": ""0.0111210334372737""}, {""held_out_template"": ""SYN_HOTEL_001"", ""debt_multiple"": ""2.0"", ""feasible_candidate_exists"": ""True"", ""best_feasible_median_annualized_return"": ""0.0095774417230499""}, {""held_out_template"": ""SYN_HOTEL_001"", ""debt_multiple"": ""2.25"", ""feasible_candidate_exists"": ""True"", ""best_feasible_median_annualized_return"": ""0.0078860855403121""}, {""held_out_template"": ""SYN_HOTEL_001"", ""debt_multiple"": ""2.5"", ""feasible_candidate_exists"": ""True"", ""best_feasible_median_annualized_return"": ""0.0060246142241754""}, {""held_out_template"": ""SYN_HOTEL_001"", ""debt_multiple"": ""2.75"", ""feasible_candidate_exists"": ""False"", ""best_feasible_median_annualized_return"": """"}, {""held_out_template"": ""SYN_HOTEL_001"", ""debt_multiple"": ""3.0"", ""feasible_candidate_exists"": ""False"", ""best_feasible_median_annualized_return"": """"}, {""held_out_template"": ""SYN_HOTEL_002"", ""debt_multiple"": ""1.5"", ""feasible_candidate_exists"": ""True"", ""best_feasible_median_annualized_return"": ""0.0111691089720522""}, {""held_out_template"": ""SYN_HOTEL_002"", ""debt_multiple"": ""1.75"", ""feasible_candidate_exists"": ""True"", ""best_feasible_median_annualized_return"": ""0.0097952574182057""}, {""held_out_template"": ""SYN_HOTEL_002"", ""debt_multiple"": ""2.0"", ""feasible_candidate_exists"": ""True"", ""best_feasible_median_annualized_return"": ""0.0081929148237908""}, {""held_out_template"": ""SYN_HOTEL_002"", ""debt_multiple"": ""2.25"", ""feasible_candidate_exists"": ""True"", ""best_feasible_median_annualized_return"": ""0.006437313904431""}, {""held_out_template"": ""SYN_HOTEL_002"", ""debt_multiple"": ""2.5"", ""feasible_candidate_exists"": ""True"", ""best_feasible_median_annualized_return"": ""0.0045052876276711""}, {""held_out_template"": ""SYN_HOTEL_002"", ""debt_multiple"": ""2.75"", ""feasible_candidate_exists"": ""False"", ""best_feasible_median_annualized_return"": """"}, {""held_out_template"": ""SYN_HOTEL_002"", ""debt_multiple"": ""3.0"", ""feasible_candidate_exists"": ""False"", ""best_feasible_median_annualized_return"": """"}, {""held_out_template"": ""SYN_HOTEL_003"", ""debt_multiple"": ""1.5"", ""feasible_candidate_exists"": ""True"", ""best_feasible_median_annualized_return"": ""0.0035382132685414""}, {""held_out_template"": ""SYN_HOTEL_003"", ""debt_multiple"": ""1.75"", ""feasible_candidate_exists"": ""True"", ""best_feasible_median_annualized_return"": ""0.0017002177697594""}, {""held_out_template"": ""SYN_HOTEL_003"", ""debt_multiple"": ""2.0"", ""feasible_candidate_exists"": ""True"", ""best_feasible_median_annualized_return"": ""-0.0003089783296039""}, {""held_out_template"": ""SYN_HOTEL_003"", ""debt_multiple"": ""2.25"", ""feasible_candidate_exists"": ""True"", ""best_feasible_median_annualized_return"": ""-0.0025145761341584""}, {""held_out_template"": ""SYN_HOTEL_003"", ""debt_multiple"": ""2.5"", ""feasible_candidate_exists"": ""True"", ""best_feasible_median_annualized_return"": ""-0.0049470044016383""}, {""held_out_template"": ""SYN_HOTEL_003"", ""debt_multiple"": ""2.75"", ""feasible_candidate_exists"": ""False"", ""best_feasible_median_annualized_return"": """"}, {""held_out_template"": ""SYN_HOTEL_003"", ""debt_multiple"": ""3.0"", ""feasible_candidate_exists"": ""False"", ""best_feasible_median_annualized_return"": """"}, {""held_out_template"": ""SYN_HOTEL_004"", ""debt_multiple"": ""1.5"", ""feasible_candidate_exists"": ""True"", ""best_feasible_median_annualized_return"": ""0.0179853842111611""}, {""held_out_template"": ""SYN_HOTEL_004"", ""debt_multiple"": ""1.75"", ""feasible_candidate_exists"": ""True"", ""best_feasible_median_annualized_return"": ""0.0169604211604953""}, {""held_out_template"": ""SYN_HOTEL_004"", ""debt_multiple"": ""2.0"", ""feasible_candidate_exists"": ""True"", ""best_feasible_median_annualized_return"": ""0.0156992860989254""}, {""held_out_template"": ""SYN_HOTEL_004"", ""debt_multiple"": ""2.25"", ""feasible_candidate_exists"": ""False"", ""best_feasible_median_annualized_return"": """"}, {""held_out_template"": ""SYN_HOTEL_004"", ""debt_multiple"": ""2.5"", ""feasible_candidate_exists"": ""False"", ""best_feasible_median_annualized_return"": """"}, {""held_out_template"": ""SYN_HOTEL_004"", ""debt_multiple"": ""2.75"", ""feasible_candidate_exists"": ""False"", ""best_feasible_median_annualized_return"": """"}, {""held_out_template"": ""SYN_HOTEL_004"", ""debt_multiple"": ""3.0"", ""feasible_candidate_exists"": ""False"", ""best_feasible_median_annualized_return"": """"}, {""held_out_template"": ""SYN_HOTEL_005"", ""debt_multiple"": ""1.5"", ""feasible_candidate_exists"": ""True"", ""best_feasible_median_annualized_return"": ""-0.0002421286707242""}, {""held_out_template"": ""SYN_HOTEL_005"", ""debt_multiple"": ""1.75"", ""feasible_candidate_exists"": ""True"", ""best_feasible_median_annualized_return"": ""-0.0022652471444418""}, {""held_out_template"": ""SYN_HOTEL_005"", ""debt_multiple"": ""2.0"", ""feasible_candidate_exists"": ""True"", ""best_feasible_median_annualized_return"": ""-0.0044786832667137""}, {""held_out_template"": ""SYN_HOTEL_005"", ""debt_multiple"": ""2.25"", ""feasible_candidate_exists"": ""True"", ""best_feasible_median_annualized_return"": ""-0.0069107694598138""}, {""held_out_template"": ""SYN_HOTEL_005"", ""debt_multiple"": ""2.5"", ""feasible_candidate_exists"": ""True"", ""best_feasible_median_annualized_return"": ""-0.0095957912702832""}, {""held_out_template"": ""SYN_HOTEL_005"", ""debt_multiple"": ""2.75"", ""feasible_candidate_exists"": ""False"", ""best_feasible_median_annualized_return"": """"}, {""held_out_template"": ""SYN_HOTEL_005"", ""debt_multiple"": ""3.0"", ""feasible_candidate_exists"": ""False"", ""best_feasible_median_annualized_return"": """"}]]",debt multiples and return fractions,"{""folds"": 5}",Descriptive frozen realization; no new interval or significance test. Mechanical checks are conditional on tested paths.,B/methodological only; never extend monotonicity to unobserved or infeasible levels.,"[""S8""]",supporting,true,false,false,"[""A-F2""]","No empirical, causal, calibrated-PD, universal-generalization or substantive financing-optimum extension.",No prior numerical claim imported.,,B / methodological demonstration only,true,false
OPT-006,Fixed-rate sensitivity,"The fixed-rate sensitivity changes policy components in 2/5 folds, meeting the frozen material-sensitivity criterion.",DESCRIPTIVE_DIAGNOSTIC,frozen artifact audit,"[""results/v3/optimization_validation/admission_decision.json"", ""results/v3/optimization_validation/rate_sensitivity.csv""]","[{""artifact"": ""results/v3/optimization_validation/admission_decision.json"", ""keys"": [""rate_sensitivity_changed_policy_folds""]}, {""artifact"": ""results/v3/optimization_validation/admission_decision.json"", ""keys"": [""material_rate_sensitivity""]}, {""artifact"": ""results/v3/optimization_validation/rate_sensitivity.csv""}]","[2, true, [{""term_rate"": ""0.06"", ""held_out_template"": ""SYN_HOTEL_001"", ""feasible"": ""True"", ""selected_policy_id"": ""debt_1.50x__amort_0.050__sweep_0.70"", ""selected_debt_multiple"": ""1.5"", ""selected_amortisation_rate"": ""0.05"", ""selected_cash_sweep"": ""0.7"", ""heldout_median_annualized_return"": ""0.0011125175451175418"", ""heldout_broad_failure_rate"": ""0.0"", ""heldout_payment_default_rate"": ""0.0""}, {""term_rate"": ""0.06"", ""held_out_template"": ""SYN_HOTEL_002"", ""feasible"": ""True"", ""selected_policy_id"": ""debt_1.50x__amort_0.075__sweep_0.70"", ""selected_debt_multiple"": ""1.5"", ""selected_amortisation_rate"": ""0.075"", ""selected_cash_sweep"": ""0.7"", ""heldout_median_annualized_return"": ""0.008612865603467967"", ""heldout_broad_failure_rate"": ""0.0"", ""heldout_payment_default_rate"": ""0.0""}, {""term_rate"": ""0.06"", ""held_out_template"": ""SYN_HOTEL_003"", ""feasible"": ""True"", ""selected_policy_id"": ""debt_1.50x__amort_0.050__sweep_0.60"", ""selected_debt_multiple"": ""1.5"", ""selected_amortisation_rate"": ""0.05"", ""selected_cash_sweep"": ""0.6"", ""heldout_median_annualized_return"": ""0.018190091498279104"", ""heldout_broad_failure_rate"": ""0.0"", ""heldout_payment_default_rate"": ""0.0""}, {""term_rate"": ""0.06"", ""held_out_template"": ""SYN_HOTEL_004"", ""feasible"": ""True"", ""selected_policy_id"": ""debt_1.50x__amort_0.075__sweep_0.70"", ""selected_debt_multiple"": ""1.5"", ""selected_amortisation_rate"": ""0.075"", ""selected_cash_sweep"": ""0.7"", ""heldout_median_annualized_return"": ""-0.031809747918627895"", ""heldout_broad_failure_rate"": ""0.07"", ""heldout_payment_default_rate"": ""0.03""}, {""term_rate"": ""0.06"", ""held_out_template"": ""SYN_HOTEL_005"", ""feasible"": ""True"", ""selected_policy_id"": ""debt_1.50x__amort_0.050__sweep_0.70"", ""selected_debt_multiple"": ""1.5"", ""selected_amortisation_rate"": ""0.05"", ""selected_cash_sweep"": ""0.7"", ""heldout_median_annualized_return"": ""0.02744572347455898"", ""heldout_broad_failure_rate"": ""0.0"", ""heldout_payment_default_rate"": ""0.0""}, {""term_rate"": ""0.075"", ""held_out_template"": ""SYN_HOTEL_001"", ""feasible"": ""True"", ""selected_policy_id"": ""debt_1.50x__amort_0.050__sweep_0.70"", ""selected_debt_multiple"": ""1.5"", ""selected_amortisation_rate"": ""0.05"", ""selected_cash_sweep"": ""0.7"", ""heldout_median_annualized_return"": ""-0.0008596809360203461"", ""heldout_broad_failure_rate"": ""0.0"", ""heldout_payment_default_rate"": ""0.0""}, {""term_rate"": ""0.075"", ""held_out_template"": ""SYN_HOTEL_002"", ""feasible"": ""True"", ""selected_policy_id"": ""debt_1.50x__amort_0.050__sweep_0.70"", ""selected_debt_multiple"": ""1.5"", ""selected_amortisation_rate"": ""0.05"", ""selected_cash_sweep"": ""0.7"", ""heldout_median_annualized_return"": ""0.00682283239483239"", ""heldout_broad_failure_rate"": ""0.0"", ""heldout_payment_default_rate"": ""0.0""}, {""term_rate"": ""0.075"", ""held_out_template"": ""SYN_HOTEL_003"", ""feasible"": ""True"", ""selected_policy_id"": ""debt_1.50x__amort_0.050__sweep_0.70"", ""selected_debt_multiple"": ""1.5"", ""selected_amortisation_rate"": ""0.05"", ""selected_cash_sweep"": ""0.7"", ""heldout_median_annualized_return"": ""0.016918692630191412"", ""heldout_broad_failure_rate"": ""0.0"", ""heldout_payment_default_rate"": ""0.0""}, {""term_rate"": ""0.075"", ""held_out_template"": ""SYN_HOTEL_004"", ""feasible"": ""True"", ""selected_policy_id"": ""debt_1.50x__amort_0.075__sweep_0.70"", ""selected_debt_multiple"": ""1.5"", ""selected_amortisation_rate"": ""0.075"", ""selected_cash_sweep"": ""0.7"", ""heldout_median_annualized_return"": ""-0.034476137130238504"", ""heldout_broad_failure_rate"": ""0.08"", ""heldout_payment_default_rate"": ""0.06""}, {""term_rate"": ""0.075"", ""held_out_template"": ""SYN_HOTEL_005"", ""feasible"": ""True"", ""selected_policy_id"": ""debt_1.50x__amort_0.050__sweep_0.70"", ""selected_debt_multiple"": ""1.5"", ""selected_amortisation_rate"": ""0.05"", ""selected_cash_sweep"": ""0.7"", ""heldout_median_annualized_return"": ""0.026104775734163366"", ""heldout_broad_failure_rate"": ""0.01"", ""heldout_payment_default_rate"": ""0.0""}]]",policy fractions and return fractions,"{""folds"": 5, ""heldout_scenarios_per_fold"": 100, ""training_scenarios_per_fold"": 400}",Descriptive frozen realization; no new interval or significance test. Mechanical checks are conditional on tested paths.,B/methodological only; fixed-rate sensitivity is not endogenous credit pricing.,"[""S8""]",supporting,true,false,false,[],"No empirical, causal, calibrated-PD, universal-generalization or substantive financing-optimum extension.",No prior numerical claim imported.,,B / methodological demonstration only,true,true
OPT-007,Economic limitations,"The demonstration omits leverage-dependent pricing and a recovery process, continues after default, and retains asymmetric entry/exit lease treatment.",LIMITATION,frozen artifact audit,"[""results/v3/optimization_validation/economic_audit.json""]","[{""artifact"": ""results/v3/optimization_validation/economic_audit.json"", ""keys"": [""remaining_economic_limitations""]}]",null,not applicable,null,Descriptive frozen realization; no new interval or significance test. Mechanical checks are conditional on tested paths.,"B/methodological only; default-path returns are mechanical diagnostics, not recovery estimates.","[""S8"", ""S10""]",supporting,true,false,false,[],"No empirical, causal, calibrated-PD, universal-generalization or substantive financing-optimum extension.",No prior numerical claim imported.,,B / methodological demonstration only,false,false
OPT-008,Optimization mechanics,"The independent known-optimum toy, training-only selection checks and runtime invariants support the search mechanics under the frozen grid.",VERIFIED_MECHANICAL,frozen artifact audit,"[""results/v3/optimization_validation/summary.json"", ""results/v3/optimization_validation/toy_validation.json"", ""results/v3/optimization_validation/verification.json""]","[{""artifact"": ""results/v3/optimization_validation/toy_validation.json""}, {""artifact"": ""results/v3/optimization_validation/summary.json"", ""keys"": [""sanity_checks""]}, {""artifact"": ""results/v3/optimization_validation/verification.json"", ""keys"": [""validated_simulation_paths""]}]","[{""selected_debt"": 60.0, ""selected_moic"": 1.5, ""analytic_derivative_numerator"": 20.0, ""evaluations"": [{""debt"": 0.0, ""moic"": 1.2}, {""debt"": 15.0, ""moic"": 1.2352941176470589}, {""debt"": 30.0, ""moic"": 1.2857142857142858}, {""debt"": 45.0, ""moic"": 1.3636363636363635}, {""debt"": 60.0, ""moic"": 1.5}], ""independent_formula"": ""MOIC=(120-D)/(100-D)"", ""independent_derivative"": ""20/(100-D)^2 > 0 on [0,60]"", ""expected_debt"": 60.0, ""passed"": true}, {""unique_operating_scenarios"": true, ""ex_ante_common_candidate_grid"": true, ""each_primary_heldout_scenario_once_per_policy_kind"": true, ""training_only_selection"": true, ""runtime_validation_all_fresh_paths"": true, ""toy_known_optimum_passed"": true}, 113000]","toy debt, MOIC and path count","{""validated_paths"": 113000}",Descriptive frozen realization; no new interval or significance test. Mechanical checks are conditional on tested paths.,B/methodological only; mechanical validity does not establish economic optimality.,"[""S8""]",supporting,true,false,false,[],"No empirical, causal, calibrated-PD, universal-generalization or substantive financing-optimum extension.",No prior numerical claim imported.,,B / methodological demonstration only,true,false
OPT-009,Focused optimization coverage,Focused coverage is 88.68% statements (47/53) and 70.0% branches (14/20) for financing_policy; runner coverage is 59.89% statements (109/182) and 55.0% branches (22/40). Coverage alone does not validate the optimizer.,DESCRIPTIVE_DIAGNOSTIC,frozen artifact audit,"[""results/v3/post_optimization_diagnostics/coverage.json"", ""results/v3/post_optimization_diagnostics/optimization_code_coverage.json""]","[{""artifact"": ""results/v3/post_optimization_diagnostics/optimization_code_coverage.json"", ""keys"": [""statement_coverage""]}, {""artifact"": ""results/v3/post_optimization_diagnostics/optimization_code_coverage.json"", ""keys"": [""branch_coverage""]}, {""artifact"": ""results/v3/post_optimization_diagnostics/coverage.json"", ""keys"": [""files"", ""analysis\\optimization\\financing_policy.py"", ""summary""]}, {""artifact"": ""results/v3/post_optimization_diagnostics/coverage.json"", ""keys"": [""files"", ""analysis\\run_v3_optimization.py"", ""summary""]}]","[{""analysis.optimization.financing_policy.py"": 88.67924528301887, ""analysis.run_v3_optimization.py"": 59.89010989010989}, {""analysis.optimization.financing_policy.py"": 70.0, ""analysis.run_v3_optimization.py"": 55.0}, {""covered_lines"": 47, ""num_statements"": 53, ""percent_covered"": 83.56164383561644, ""percent_covered_display"": ""84"", ""missing_lines"": 6, ""excluded_lines"": 0, ""percent_statements_covered"": 88.67924528301887, ""percent_statements_covered_display"": ""89"", ""num_branches"": 20, ""num_partial_branches"": 6, ""covered_branches"": 14, ""missing_branches"": 6, ""percent_branches_covered"": 70.0, ""percent_branches_covered_display"": ""70""}, {""covered_lines"": 109, ""num_statements"": 182, ""percent_covered"": 59.009009009009006, ""percent_covered_display"": ""59"", ""missing_lines"": 73, ""excluded_lines"": 0, ""percent_statements_covered"": 59.89010989010989, ""percent_statements_covered_display"": ""60"", ""num_branches"": 40, ""num_partial_branches"": 6, ""covered_branches"": 22, ""missing_branches"": 18, ""percent_branches_covered"": 55.0, ""percent_branches_covered_display"": ""55""}]",percentage points and counts,"{""kernel_statements"": 53, ""kernel_branches"": 20, ""runner_statements"": 182, ""runner_branches"": 40}",Descriptive frozen realization; no new interval or significance test. Mechanical checks are conditional on tested paths.,B/methodological coverage diagnostic; statement and combined coverage are distinct.,"[""S12""]",supporting,true,false,false,"[""A3""]","No empirical, causal, calibrated-PD, universal-generalization or substantive financing-optimum extension.",Supersedes stale 84%/59% statement and 85% runner branch wording corrected in 0f521a28150fe56f98cdabb3d1cb3664286df124,,B / methodological demonstration only,true,true
HET-001,Within-system convergence,"Template 004 shows weak threshold transfer and comparatively weak financing-policy outcomes, providing convergent descriptive evidence within the same synthetic system consistent with structural heterogeneity affecting downstream transfer.",INTERPRETIVE_SYNTHESIS,interpretive synthesis of frozen evidence,"[""results/v3/post_optimization_diagnostics/cross_stage_template004.json"", ""results/v3/post_optimization_diagnostics/regime_conditioned_template_comparison.csv""]","[{""artifact"": ""results/v3/post_optimization_diagnostics/cross_stage_template004.json""}, {""artifact"": ""results/v3/post_optimization_diagnostics/regime_conditioned_template_comparison.csv""}]",null,not applicable,null,Descriptive frozen realization; no new interval or significance test. Mechanical checks are conditional on tested paths.,"Same synthetic archetype system only; descriptive/convergent, not independent replication, external validation, causal evidence or empirical borrower evidence. Small regime-conditioned cells, including distressed n=21; show n with percentages.","[""S7"", ""S11""]",secondary,true,false,true,"[""A-F3""]","No empirical, causal, calibrated-PD, universal-generalization or substantive financing-optimum extension.",No prior numerical claim imported.,"Financing evidence retains B/methodological status; it is secondary support, not part of the primary thesis. Wording uses consistency rather than causal attribution.",not applicable,false,false
HET-002,Regime mix,"Template 004 has base/downside/distressed counts 48/100, 31/100 and 21/100, close to stipulated 50%/30%/20%; weakness persists within regimes, so the mix alone does not explain it.",DESCRIPTIVE_DIAGNOSTIC,frozen artifact audit,"[""results/v3/post_optimization_diagnostics/diagnostic_summary.json""]","[{""artifact"": ""results/v3/post_optimization_diagnostics/diagnostic_summary.json"", ""keys"": [""template004_regime_breakdown"", ""unique_regime_counts""]}, {""artifact"": ""results/v3/post_optimization_diagnostics/diagnostic_summary.json"", ""keys"": [""template004_regime_breakdown"", ""intended_probabilities""]}]","[{""base"": 48, ""downside"": 31, ""distressed"": 21}, {""base"": 0.5, ""downside"": 0.3, ""distressed"": 0.2}]",counts and stipulated probabilities,"{""unique_scenarios"": 100}",Descriptive frozen realization; no new interval or significance test. Mechanical checks are conditional on tested paths.,"Descriptive synthetic comparison, not a causal decomposition; financing evidence is B/methodological.","[""S7""]",secondary,true,false,false,"[""A2""]","No empirical, causal, calibrated-PD, universal-generalization or substantive financing-optimum extension.",No prior numerical claim imported.,,not applicable,true,true
HET-003,Template 004 optimized base,Template 004 optimized base (n=48): median annualized sponsor return 2.58%; broad failure 0/48 (0.0%); payment default 0/48 (0.0%); insolvency 0/48 (0.0%); covenant breach 0/48 (0.0%); total equity loss 0/48 (0.0%).,DESCRIPTIVE_DIAGNOSTIC,frozen artifact audit,"[""results/v3/post_optimization_diagnostics/template004_regime_breakdown.csv""]","[{""artifact"": ""results/v3/post_optimization_diagnostics/template004_regime_breakdown.csv"", ""where"": {""evaluation_policy"": ""optimized"", ""scenario_type"": ""base""}}]","[[{""evaluation_policy"": ""optimized"", ""scenario_type"": ""base"", ""scenario_count"": ""48"", ""denominator_scenarios"": ""100"", ""actual_frequency"": ""0.48"", ""intended_probability"": ""0.5"", ""median_annualized_return"": ""0.02578274158595855"", ""mean_annualized_return"": ""0.0225740353070852"", ""p10_annualized_return"": ""-0.0371121068169848"", ""broad_failure_rate"": ""0.0"", ""payment_default_rate"": ""0.0"", ""insolvency_rate"": ""0.0"", ""covenant_breach_rate"": ""0.0"", ""total_equity_loss_rate"": ""0.0""}]]",return/risk fractions and counts,"{""n"": 48, ""counts"": {""broad_failure"": 0, ""payment_default"": 0, ""insolvency"": 0, ""covenant_breach"": 0, ""total_equity_loss"": 0}}",Descriptive frozen realization; no new interval or significance test. Mechanical checks are conditional on tested paths.,"B/methodological financing evidence; descriptive small cell, no manufactured confidence interval.","[""S12""]",supporting,true,false,false,"[""A2""]","No empirical, causal, calibrated-PD, universal-generalization or substantive financing-optimum extension.",No prior numerical claim imported.,,not applicable,true,true
HET-004,Template 004 optimized downside,Template 004 optimized downside (n=31): median annualized sponsor return -7.84%; broad failure 0/31 (0.0%); payment default 0/31 (0.0%); insolvency 0/31 (0.0%); covenant breach 0/31 (0.0%); total equity loss 0/31 (0.0%).,DESCRIPTIVE_DIAGNOSTIC,frozen artifact audit,"[""results/v3/post_optimization_diagnostics/template004_regime_breakdown.csv""]","[{""artifact"": ""results/v3/post_optimization_diagnostics/template004_regime_breakdown.csv"", ""where"": {""evaluation_policy"": ""optimized"", ""scenario_type"": ""downside""}}]","[[{""evaluation_policy"": ""optimized"", ""scenario_type"": ""downside"", ""scenario_count"": ""31"", ""denominator_scenarios"": ""100"", ""actual_frequency"": ""0.31"", ""intended_probability"": ""0.3"", ""median_annualized_return"": ""-0.078420276352107"", ""mean_annualized_return"": ""-0.08464200119906615"", ""p10_annualized_return"": ""-0.1658413755567044"", ""broad_failure_rate"": ""0.0"", ""payment_default_rate"": ""0.0"", ""insolvency_rate"": ""0.0"", ""covenant_breach_rate"": ""0.0"", ""total_equity_loss_rate"": ""0.0""}]]",return/risk fractions and counts,"{""n"": 31, ""counts"": {""broad_failure"": 0, ""payment_default"": 0, ""insolvency"": 0, ""covenant_breach"": 0, ""total_equity_loss"": 0}}",Descriptive frozen realization; no new interval or significance test. Mechanical checks are conditional on tested paths.,"B/methodological financing evidence; descriptive small cell, no manufactured confidence interval.","[""S12""]",supporting,true,false,false,"[""A2""]","No empirical, causal, calibrated-PD, universal-generalization or substantive financing-optimum extension.",No prior numerical claim imported.,,not applicable,true,true
HET-005,Template 004 optimized distressed,Template 004 optimized distressed (n=21): median annualized sponsor return -18.85%; broad failure 7/21 (33.3%); payment default 3/21 (14.3%); insolvency 6/21 (28.6%); covenant breach 7/21 (33.3%); total equity loss 1/21 (4.8%).,DESCRIPTIVE_DIAGNOSTIC,frozen artifact audit,"[""results/v3/post_optimization_diagnostics/template004_regime_breakdown.csv""]","[{""artifact"": ""results/v3/post_optimization_diagnostics/template004_regime_breakdown.csv"", ""where"": {""evaluation_policy"": ""optimized"", ""scenario_type"": ""distressed""}}]","[[{""evaluation_policy"": ""optimized"", ""scenario_type"": ""distressed"", ""scenario_count"": ""21"", ""denominator_scenarios"": ""100"", ""actual_frequency"": ""0.21"", ""intended_probability"": ""0.2"", ""median_annualized_return"": ""-0.188466940569059"", ""mean_annualized_return"": ""-0.25345499083309203"", ""p10_annualized_return"": ""-0.367976026095454"", ""broad_failure_rate"": ""0.3333333333333333"", ""payment_default_rate"": ""0.14285714285714285"", ""insolvency_rate"": ""0.2857142857142857"", ""covenant_breach_rate"": ""0.3333333333333333"", ""total_equity_loss_rate"": ""0.047619047619047616""}]]",return/risk fractions and counts,"{""n"": 21, ""counts"": {""broad_failure"": 7, ""payment_default"": 3, ""insolvency"": 6, ""covenant_breach"": 7, ""total_equity_loss"": 1}}",Descriptive frozen realization; no new interval or significance test. Mechanical checks are conditional on tested paths.,"B/methodological financing evidence; descriptive small cell, no manufactured confidence interval.","[""S12""]",supporting,true,false,false,"[""A2""]","No empirical, causal, calibrated-PD, universal-generalization or substantive financing-optimum extension.",No prior numerical claim imported.,,not applicable,true,true
HET-006,Template 004 reference base,Template 004 reference base (n=48): median annualized sponsor return 2.16%; broad failure 1/48 (2.1%); payment default 1/48 (2.1%); insolvency 1/48 (2.1%); covenant breach 1/48 (2.1%); total equity loss 0/48 (0.0%).,DESCRIPTIVE_DIAGNOSTIC,frozen artifact audit,"[""results/v3/post_optimization_diagnostics/template004_regime_breakdown.csv""]","[{""artifact"": ""results/v3/post_optimization_diagnostics/template004_regime_breakdown.csv"", ""where"": {""evaluation_policy"": ""reference"", ""scenario_type"": ""base""}}]","[[{""evaluation_policy"": ""reference"", ""scenario_type"": ""base"", ""scenario_count"": ""48"", ""denominator_scenarios"": ""100"", ""actual_frequency"": ""0.48"", ""intended_probability"": ""0.5"", ""median_annualized_return"": ""0.0216248177891823"", ""mean_annualized_return"": ""0.013629794431142815"", ""p10_annualized_return"": ""-0.05812913109605373"", ""broad_failure_rate"": ""0.020833333333333332"", ""payment_default_rate"": ""0.020833333333333332"", ""insolvency_rate"": ""0.020833333333333332"", ""covenant_breach_rate"": ""0.020833333333333332"", ""total_equity_loss_rate"": ""0.0""}]]",return/risk fractions and counts,"{""n"": 48, ""counts"": {""broad_failure"": 1, ""payment_default"": 1, ""insolvency"": 1, ""covenant_breach"": 1, ""total_equity_loss"": 0}}",Descriptive frozen realization; no new interval or significance test. Mechanical checks are conditional on tested paths.,"B/methodological financing evidence; descriptive small cell, no manufactured confidence interval.","[""S12""]",supporting,true,false,false,"[""A2""]","No empirical, causal, calibrated-PD, universal-generalization or substantive financing-optimum extension.",No prior numerical claim imported.,,not applicable,true,true
HET-007,Template 004 reference downside,Template 004 reference downside (n=31): median annualized sponsor return -11.44%; broad failure 9/31 (29.0%); payment default 7/31 (22.6%); insolvency 9/31 (29.0%); covenant breach 3/31 (9.7%); total equity loss 1/31 (3.2%).,DESCRIPTIVE_DIAGNOSTIC,frozen artifact audit,"[""results/v3/post_optimization_diagnostics/template004_regime_breakdown.csv""]","[{""artifact"": ""results/v3/post_optimization_diagnostics/template004_regime_breakdown.csv"", ""where"": {""evaluation_policy"": ""reference"", ""scenario_type"": ""downside""}}]","[[{""evaluation_policy"": ""reference"", ""scenario_type"": ""downside"", ""scenario_count"": ""31"", ""denominator_scenarios"": ""100"", ""actual_frequency"": ""0.31"", ""intended_probability"": ""0.3"", ""median_annualized_return"": ""-0.1144276392347374"", ""mean_annualized_return"": ""-0.15028242423964527"", ""p10_annualized_return"": ""-0.2547574614063957"", ""broad_failure_rate"": ""0.2903225806451613"", ""payment_default_rate"": ""0.22580645161290322"", ""insolvency_rate"": ""0.2903225806451613"", ""covenant_breach_rate"": ""0.0967741935483871"", ""total_equity_loss_rate"": ""0.03225806451612903""}]]",return/risk fractions and counts,"{""n"": 31, ""counts"": {""broad_failure"": 9, ""payment_default"": 7, ""insolvency"": 9, ""covenant_breach"": 3, ""total_equity_loss"": 1}}",Descriptive frozen realization; no new interval or significance test. Mechanical checks are conditional on tested paths.,"B/methodological financing evidence; descriptive small cell, no manufactured confidence interval.","[""S12""]",supporting,true,false,false,"[""A2""]","No empirical, causal, calibrated-PD, universal-generalization or substantive financing-optimum extension.",No prior numerical claim imported.,,not applicable,true,true
HET-008,Template 004 reference distressed,Template 004 reference distressed (n=21): median annualized sponsor return -30.00%; broad failure 18/21 (85.7%); payment default 16/21 (76.2%); insolvency 18/21 (85.7%); covenant breach 14/21 (66.7%); total equity loss 7/21 (33.3%).,DESCRIPTIVE_DIAGNOSTIC,frozen artifact audit,"[""results/v3/post_optimization_diagnostics/template004_regime_breakdown.csv""]","[{""artifact"": ""results/v3/post_optimization_diagnostics/template004_regime_breakdown.csv"", ""where"": {""evaluation_policy"": ""reference"", ""scenario_type"": ""distressed""}}]","[[{""evaluation_policy"": ""reference"", ""scenario_type"": ""distressed"", ""scenario_count"": ""21"", ""denominator_scenarios"": ""100"", ""actual_frequency"": ""0.21"", ""intended_probability"": ""0.2"", ""median_annualized_return"": ""-0.2999582683675197"", ""mean_annualized_return"": ""-0.4979107099207226"", ""p10_annualized_return"": ""-1.0"", ""broad_failure_rate"": ""0.8571428571428571"", ""payment_default_rate"": ""0.7619047619047619"", ""insolvency_rate"": ""0.8571428571428571"", ""covenant_breach_rate"": ""0.6666666666666666"", ""total_equity_loss_rate"": ""0.3333333333333333""}]]",return/risk fractions and counts,"{""n"": 21, ""counts"": {""broad_failure"": 18, ""payment_default"": 16, ""insolvency"": 18, ""covenant_breach"": 14, ""total_equity_loss"": 7}}",Descriptive frozen realization; no new interval or significance test. Mechanical checks are conditional on tested paths.,"B/methodological financing evidence; descriptive small cell, no manufactured confidence interval.","[""S12""]",supporting,true,false,false,"[""A2""]","No empirical, causal, calibrated-PD, universal-generalization or substantive financing-optimum extension.",No prior numerical claim imported.,,not applicable,true,true
HET-009,Within-regime comparison,"Under selected policies, Template 004 has the lowest median annualized sponsor return among the five templates in each realized regime; base/downside broad-failure rates tie at zero, so weakness is not strict dominance on every risk metric.",DESCRIPTIVE_DIAGNOSTIC,frozen artifact audit,"[""results/v3/post_optimization_diagnostics/regime_conditioned_template_comparison.csv""]","[{""artifact"": ""results/v3/post_optimization_diagnostics/regime_conditioned_template_comparison.csv"", ""where"": {""evaluation_policy"": ""optimized""}}]","[[{""held_out_template"": ""SYN_HOTEL_001"", ""evaluation_policy"": ""optimized"", ""scenario_type"": ""base"", ""scenario_count"": ""41"", ""median_annualized_return"": ""0.0783767946327729"", ""mean_annualized_return"": ""0.06596816584305175"", ""p10_annualized_return"": ""-0.0015612537433726"", ""broad_failure_rate"": ""0.0"", ""payment_default_rate"": ""0.0"", ""insolvency_rate"": ""0.0"", ""covenant_breach_rate"": ""0.0""}, {""held_out_template"": ""SYN_HOTEL_002"", ""evaluation_policy"": ""optimized"", ""scenario_type"": ""base"", ""scenario_count"": ""62"", ""median_annualized_return"": ""0.037594542632262"", ""mean_annualized_return"": ""0.0349786790929251"", ""p10_annualized_return"": ""-0.03769276776376281"", ""broad_failure_rate"": ""0.0"", ""payment_default_rate"": ""0.0"", ""insolvency_rate"": ""0.0"", ""covenant_breach_rate"": ""0.0""}, {""held_out_template"": ""SYN_HOTEL_003"", ""evaluation_policy"": ""optimized"", ""scenario_type"": ""base"", ""scenario_count"": ""55"", ""median_annualized_return"": ""0.0768112438261343"", ""mean_annualized_return"": ""0.07126659401258172"", ""p10_annualized_return"": ""0.012711963942302262"", ""broad_failure_rate"": ""0.0"", ""payment_default_rate"": ""0.0"", ""insolvency_rate"": ""0.0"", ""covenant_breach_rate"": ""0.0""}, {""held_out_template"": ""SYN_HOTEL_004"", ""evaluation_policy"": ""optimized"", ""scenario_type"": ""base"", ""scenario_count"": ""48"", ""median_annualized_return"": ""0.02578274158595855"", ""mean_annualized_return"": ""0.0225740353070852"", ""p10_annualized_return"": ""-0.0371121068169848"", ""broad_failure_rate"": ""0.0"", ""payment_default_rate"": ""0.0"", ""insolvency_rate"": ""0.0"", ""covenant_breach_rate"": ""0.0""}, {""held_out_template"": ""SYN_HOTEL_005"", ""evaluation_policy"": ""optimized"", ""scenario_type"": ""base"", ""scenario_count"": ""42"", ""median_annualized_return"": ""0.08707777554787349"", ""mean_annualized_return"": ""0.08685562914852442"", ""p10_annualized_return"": ""0.03911981788620835"", ""broad_failure_rate"": ""0.0"", ""payment_default_rate"": ""0.0"", ""insolvency_rate"": ""0.0"", ""covenant_breach_rate"": ""0.0""}, {""held_out_template"": ""SYN_HOTEL_001"", ""evaluation_policy"": ""optimized"", ""scenario_type"": ""distressed"", ""scenario_count"": ""18"", ""median_annualized_return"": ""-0.1603398897020295"", ""mean_annualized_return"": ""-0.15877441613844467"", ""p10_annualized_return"": ""-0.2599511986208657"", ""broad_failure_rate"": ""0.0"", ""payment_default_rate"": ""0.0"", ""insolvency_rate"": ""0.0"", ""covenant_breach_rate"": ""0.0""}, {""held_out_template"": ""SYN_HOTEL_002"", ""evaluation_policy"": ""optimized"", ""scenario_type"": ""distressed"", ""scenario_count"": ""14"", ""median_annualized_return"": ""-0.1528624803392161"", ""mean_annualized_return"": ""-0.11382658663335334"", ""p10_annualized_return"": ""-0.21596289739802638"", ""broad_failure_rate"": ""0.0"", ""payment_default_rate"": ""0.0"", ""insolvency_rate"": ""0.0"", ""covenant_breach_rate"": ""0.0""}, {""held_out_template"": ""SYN_HOTEL_003"", ""evaluation_policy"": ""optimized"", ""scenario_type"": ""distressed"", ""scenario_count"": ""16"", ""median_annualized_return"": ""-0.1400310455320775"", ""mean_annualized_return"": ""-0.14126263817607285"", ""p10_annualized_return"": ""-0.203799337016495"", ""broad_failure_rate"": ""0.0"", ""payment_default_rate"": ""0.0"", ""insolvency_rate"": ""0.0"", ""covenant_breach_rate"": ""0.0""}, {""held_out_template"": ""SYN_HOTEL_004"", ""evaluation_policy"": ""optimized"", ""scenario_type"": ""distressed"", ""scenario_count"": ""21"", ""median_annualized_return"": ""-0.188466940569059"", ""mean_annualized_return"": ""-0.25345499083309203"", ""p10_annualized_return"": ""-0.367976026095454"", ""broad_failure_rate"": ""0.3333333333333333"", ""payment_default_rate"": ""0.14285714285714285"", ""insolvency_rate"": ""0.2857142857142857"", ""covenant_breach_rate"": ""0.3333333333333333""}, {""held_out_template"": ""SYN_HOTEL_005"", ""evaluation_policy"": ""optimized"", ""scenario_type"": ""distressed"", ""scenario_count"": ""16"", ""median_annualized_return"": ""-0.10444610603543969"", ""mean_annualized_return"": ""-0.11441847338766573"", ""p10_annualized_return"": ""-0.17704109048482214"", ""broad_failure_rate"": ""0.0"", ""payment_default_rate"": ""0.0"", ""insolvency_rate"": ""0.0"", ""covenant_breach_rate"": ""0.0""}, {""held_out_template"": ""SYN_HOTEL_001"", ""evaluation_policy"": ""optimized"", ""scenario_type"": ""downside"", ""scenario_count"": ""41"", ""median_annualized_return"": ""-0.0423982206895269"", ""mean_annualized_return"": ""-0.02681715189709197"", ""p10_annualized_return"": ""-0.1070924432586758"", ""broad_failure_rate"": ""0.0"", ""payment_default_rate"": ""0.0"", ""insolvency_rate"": ""0.0"", ""covenant_breach_rate"": ""0.0""}, {""held_out_template"": ""SYN_HOTEL_002"", ""evaluation_policy"": ""optimized"", ""scenario_type"": ""downside"", ""scenario_count"": ""24"", ""median_annualized_return"": ""-0.0508524154894475"", ""mean_annualized_return"": ""-0.035208442745551426"", ""p10_annualized_return"": ""-0.0979406498407384"", ""broad_failure_rate"": ""0.0"", ""payment_default_rate"": ""0.0"", ""insolvency_rate"": ""0.0"", ""covenant_breach_rate"": ""0.0""}, {""held_out_template"": ""SYN_HOTEL_003"", ""evaluation_policy"": ""optimized"", ""scenario_type"": ""downside"", ""scenario_count"": ""29"", ""median_annualized_return"": ""-0.0179051085138538"", ""mean_annualized_return"": ""-0.023936463021671694"", ""p10_annualized_return"": ""-0.07964136488265712"", ""broad_failure_rate"": ""0.0"", ""payment_default_rate"": ""0.0"", ""insolvency_rate"": ""0.0"", ""covenant_breach_rate"": ""0.0""}, {""held_out_template"": ""SYN_HOTEL_004"", ""evaluation_policy"": ""optimized"", ""scenario_type"": ""downside"", ""scenario_count"": ""31"", ""median_annualized_return"": ""-0.078420276352107"", ""mean_annualized_return"": ""-0.08464200119906615"", ""p10_annualized_return"": ""-0.1658413755567044"", ""broad_failure_rate"": ""0.0"", ""payment_default_rate"": ""0.0"", ""insolvency_rate"": ""0.0"", ""covenant_breach_rate"": ""0.0""}, {""held_out_template"": ""SYN_HOTEL_005"", ""evaluation_policy"": ""optimized"", ""scenario_type"": ""downside"", ""scenario_count"": ""42"", ""median_annualized_return"": ""0.013391311059710548"", ""mean_annualized_return"": ""0.0010847071839643586"", ""p10_annualized_return"": ""-0.07096613083555599"", ""broad_failure_rate"": ""0.0"", ""payment_default_rate"": ""0.0"", ""insolvency_rate"": ""0.0"", ""covenant_breach_rate"": ""0.0""}]]",return/risk fractions,"{""by_template_base_downside_distressed"": {""001"": [41, 41, 18], ""002"": [62, 24, 14], ""003"": [55, 29, 16], ""004"": [48, 31, 21], ""005"": [42, 42, 16]}}",Descriptive frozen realization; no new interval or significance test. Mechanical checks are conditional on tested paths.,B/methodological; descriptive within-system comparison with small unequal cells. Not a causal attribution.,"[""S7"", ""S12""]",secondary,true,false,false,"[""A2"", ""A-F3""]","No empirical, causal, calibrated-PD, universal-generalization or substantive financing-optimum extension.",No prior numerical claim imported.,,not applicable,true,true
HET-010,Structural input profile,Template 004 has the highest opening debt/EBITDA and the lowest absolute opening cash among these stipulated archetypes; its cash/EBITDA ratio is not the lowest.,DESCRIPTIVE_DIAGNOSTIC,frozen artifact audit,"[""data/synthetic/operators.csv"", ""results/v3/post_optimization_diagnostics/template004_structural_profile.json""]","[{""artifact"": ""results/v3/post_optimization_diagnostics/template004_structural_profile.json"", ""keys"": [""all_templates""]}, {""artifact"": ""data/synthetic/operators.csv"", ""fields"": [""operator_id"", ""cash_0"", ""ebitda_0"", ""financial_debt_0""]}]","[[{""template"": ""SYN_HOTEL_001"", ""revenue_growth_mean"": 0.03, ""revenue_growth_std"": 0.04, ""ebitda_margin_mean"": 0.22, ""debt_0"": 520, ""lease_0"": 390, ""debt_to_ebitda"": 2.0, ""lease_to_ebitda"": 1.5, ""debt_plus_lease_to_ebitda"": 3.5, ""cash_to_ebitda"": 0.17307692307692307, ""cash_sweep"": 0.55, ""lease_principal_rate"": 0.11, ""lease_additions_rate"": 0.01}, {""template"": ""SYN_HOTEL_002"", ""revenue_growth_mean"": 0.025, ""revenue_growth_std"": 0.05, ""ebitda_margin_mean"": 0.21, ""debt_0"": 470, ""lease_0"": 360, ""debt_to_ebitda"": 2.292682926829268, ""lease_to_ebitda"": 1.7560975609756098, ""debt_plus_lease_to_ebitda"": 4.048780487804878, ""cash_to_ebitda"": 0.17073170731707318, ""cash_sweep"": 0.5, ""lease_principal_rate"": 0.12, ""lease_additions_rate"": 0.012}, {""template"": ""SYN_HOTEL_003"", ""revenue_growth_mean"": 0.035, ""revenue_growth_std"": 0.03, ""ebitda_margin_mean"": 0.23, ""debt_0"": 610, ""lease_0"": 470, ""debt_to_ebitda"": 1.8484848484848484, ""lease_to_ebitda"": 1.4242424242424243, ""debt_plus_lease_to_ebitda"": 3.272727272727273, ""cash_to_ebitda"": 0.16666666666666666, ""cash_sweep"": 0.58, ""lease_principal_rate"": 0.1, ""lease_additions_rate"": 0.009}, {""template"": ""SYN_HOTEL_004"", ""revenue_growth_mean"": 0.02, ""revenue_growth_std"": 0.05, ""ebitda_margin_mean"": 0.2, ""debt_0"": 390, ""lease_0"": 300, ""debt_to_ebitda"": 2.6, ""lease_to_ebitda"": 2.0, ""debt_plus_lease_to_ebitda"": 4.6, ""cash_to_ebitda"": 0.2, ""cash_sweep"": 0.48, ""lease_principal_rate"": 0.13, ""lease_additions_rate"": 0.013}, {""template"": ""SYN_HOTEL_005"", ""revenue_growth_mean"": 0.04, ""revenue_growth_std"": 0.035, ""ebitda_margin_mean"": 0.24, ""debt_0"": 650, ""lease_0"": 500, ""debt_to_ebitda"": 1.6666666666666667, ""lease_to_ebitda"": 1.2820512820512822, ""debt_plus_lease_to_ebitda"": 2.948717948717949, ""cash_to_ebitda"": 0.15384615384615385, ""cash_sweep"": 0.6, ""lease_principal_rate"": 0.1, ""lease_additions_rate"": 0.008}], [{""operator_id"": ""SYN_HOTEL_001"", ""cash_0"": ""45"", ""ebitda_0"": ""260"", ""financial_debt_0"": ""520""}, {""operator_id"": ""SYN_HOTEL_002"", ""cash_0"": ""35"", ""ebitda_0"": ""205"", ""financial_debt_0"": ""470""}, {""operator_id"": ""SYN_HOTEL_003"", ""cash_0"": ""55"", ""ebitda_0"": ""330"", ""financial_debt_0"": ""610""}, {""operator_id"": ""SYN_HOTEL_004"", ""cash_0"": ""30"", ""ebitda_0"": ""150"", ""financial_debt_0"": ""390""}, {""operator_id"": ""SYN_HOTEL_005"", ""cash_0"": ""60"", ""ebitda_0"": ""390"", ""financial_debt_0"": ""650""}]]",currency units and ratios,"{""templates"": 5}",Descriptive frozen realization; no new interval or significance test. Mechanical checks are conditional on tested paths.,Absolute cash and cash scaled by EBITDA must not be conflated; no causal identification.,"[""S7""]",supporting,true,false,false,"[""T1""]","No empirical, causal, calibrated-PD, universal-generalization or substantive financing-optimum extension.",No prior numerical claim imported.,,not applicable,true,false
LIM-001,Limited liability,"Sponsor exit proceeds equal max(0, raw exit equity); MOIC divides those proceeds by positive initial sponsor equity. Zero recovery gives MOIC 0 and annualized sponsor return -1.0 (-100%) under the predeclared convention.",VERIFIED_MECHANICAL,frozen artifact audit,"[""results/v3/optimization_validation/frozen_protocol.json""]","[{""artifact"": ""results/v3/optimization_validation/frozen_protocol.json"", ""keys"": [""limited_liability""]}, {""artifact"": ""results/v3/optimization_validation/frozen_protocol.json"", ""keys"": [""years""]}]","[""proceeds=max(0,raw_exit_equity); zero proceeds return=-100%"", 5]",return fraction and multiple,null,Descriptive frozen realization; no new interval or significance test. Mechanical checks are conditional on tested paths.,"Analysis-layer limited-liability sponsor return, not unconstrained financial IRR. Raw engine equity remains unfloored; no solver-failure interpretation.","[""S8""]",supporting,true,false,false,[],"No empirical, causal, calibrated-PD, universal-generalization or substantive financing-optimum extension.",No prior numerical claim imported.,,not applicable,true,false
LIM-002,Distressed P10 floor,"Template 004 reference distressed P10 annualized sponsor return is -100% (n=21): 7/21 scenarios (33.3%) have zero recovery, placing the 10th percentile on the zero-recovery mass, consistently with the predeclared convention.",VERIFIED_MECHANICAL,frozen artifact audit,"[""results/v3/optimization_validation/heldout_results.csv"", ""results/v3/post_optimization_diagnostics/template004_regime_breakdown.csv""]","[{""artifact"": ""results/v3/post_optimization_diagnostics/template004_regime_breakdown.csv"", ""where"": {""evaluation_policy"": ""reference"", ""scenario_type"": ""distressed""}, ""fields"": [""scenario_count"", ""p10_annualized_return"", ""total_equity_loss_rate""]}, {""artifact"": ""results/v3/optimization_validation/heldout_results.csv"", ""where"": {""held_out_template"": ""SYN_HOTEL_004"", ""evaluation_policy"": ""reference"", ""scenario_type"": ""distressed""}, ""fields"": [""scenario_id"", ""raw_exit_equity"", ""sponsor_exit_proceeds"", ""sponsor_moic"", ""sponsor_annualized_return"", ""total_equity_loss""]}]","[[{""scenario_count"": ""21"", ""p10_annualized_return"": ""-1.0"", ""total_equity_loss_rate"": ""0.3333333333333333""}], [{""scenario_id"": ""SYN_HOTEL_004:004"", ""raw_exit_equity"": ""205.82283373426642"", ""sponsor_exit_proceeds"": ""205.82283373426642"", ""sponsor_moic"": ""0.25768116899438676"", ""sponsor_annualized_return"": ""-0.23754092759176482"", ""total_equity_loss"": ""0""}, {""scenario_id"": ""SYN_HOTEL_004:005"", ""raw_exit_equity"": ""318.3528679428569"", ""sponsor_exit_proceeds"": ""318.3528679428569"", ""sponsor_moic"": ""0.3985638409300243"", ""sponsor_annualized_return"": ""-0.1680454924649305"", ""total_equity_loss"": ""0""}, {""scenario_id"": ""SYN_HOTEL_004:011"", ""raw_exit_equity"": ""-91.52342938925398"", ""sponsor_exit_proceeds"": ""0.0"", ""sponsor_moic"": ""0.0"", ""sponsor_annualized_return"": ""-1.0"", ""total_equity_loss"": ""1""}, {""scenario_id"": ""SYN_HOTEL_004:016"", ""raw_exit_equity"": ""-84.7608551636032"", ""sponsor_exit_proceeds"": ""0.0"", ""sponsor_moic"": ""0.0"", ""sponsor_annualized_return"": ""-1.0"", ""total_equity_loss"": ""1""}, {""scenario_id"": ""SYN_HOTEL_004:022"", ""raw_exit_equity"": ""294.60382851369513"", ""sponsor_exit_proceeds"": ""294.60382851369513"", ""sponsor_moic"": ""0.3688310842111989"", ""sponsor_annualized_return"": ""-0.18084610043281324"", ""total_equity_loss"": ""0""}, {""scenario_id"": ""SYN_HOTEL_004:032"", ""raw_exit_equity"": ""347.9679196290276"", ""sponsor_exit_proceeds"": ""347.9679196290276"", ""sponsor_moic"": ""0.43564058795496413"", ""sponsor_annualized_return"": ""-0.1531126085309341"", ""total_equity_loss"": ""0""}, {""scenario_id"": ""SYN_HOTEL_004:037"", ""raw_exit_equity"": ""336.73457851755654"", ""sponsor_exit_proceeds"": ""336.73457851755654"", ""sponsor_moic"": ""0.4215769371111819"", ""sponsor_annualized_return"": ""-0.15865257700055113"", ""total_equity_loss"": ""0""}, {""scenario_id"": ""SYN_HOTEL_004:043"", ""raw_exit_equity"": ""-332.14812751178846"", ""sponsor_exit_proceeds"": ""0.0"", ""sponsor_moic"": ""0.0"", ""sponsor_annualized_return"": ""-1.0"", ""total_equity_loss"": ""1""}, {""scenario_id"": ""SYN_HOTEL_004:045"", ""raw_exit_equity"": ""-120.33233780316381"", ""sponsor_exit_proceeds"": ""0.0"", ""sponsor_moic"": ""0.0"", ""sponsor_annualized_return"": ""-1.0"", ""total_equity_loss"": ""1""}, {""scenario_id"": ""SYN_HOTEL_004:049"", ""raw_exit_equity"": ""57.330700664872445"", ""sponsor_exit_proceeds"": ""57.330700664872445"", ""sponsor_moic"": ""0.07177552508904218"", ""sponsor_annualized_return"": ""-0.4095334828232743"", ""total_equity_loss"": ""0""}, {""scenario_id"": ""SYN_HOTEL_004:050"", ""raw_exit_equity"": ""159.41402700523352"", ""sponsor_exit_proceeds"": ""159.41402700523352"", ""sponsor_moic"": ""0.19957937653237373"", ""sponsor_annualized_return"": ""-0.2755254524437861"", ""total_equity_loss"": ""0""}, {""scenario_id"": ""SYN_HOTEL_004:058"", ""raw_exit_equity"": ""185.96293814368386"", ""sponsor_exit_proceeds"": ""185.96293814368386"", ""sponsor_moic"": ""0.2328174499451441"", ""sponsor_annualized_return"": ""-0.2528580774175905"", ""total_equity_loss"": ""0""}, {""scenario_id"": ""SYN_HOTEL_004:063"", ""raw_exit_equity"": ""-105.71177847568055"", ""sponsor_exit_proceeds"": ""0.0"", ""sponsor_moic"": ""0.0"", ""sponsor_annualized_return"": ""-1.0"", ""total_equity_loss"": ""1""}, {""scenario_id"": ""SYN_HOTEL_004:065"", ""raw_exit_equity"": ""125.75703049184453"", ""sponsor_exit_proceeds"": ""125.75703049184453"", ""sponsor_moic"": ""0.15744229169558"", ""sponsor_annualized_return"": ""-0.3090855424005994"", ""total_equity_loss"": ""0""}, {""scenario_id"": ""SYN_HOTEL_004:070"", ""raw_exit_equity"": ""-89.57007793878863"", ""sponsor_exit_proceeds"": ""0.0"", ""sponsor_moic"": ""0.0"", ""sponsor_annualized_return"": ""-1.0"", ""total_equity_loss"": ""1""}, {""scenario_id"": ""SYN_HOTEL_004:078"", ""raw_exit_equity"": ""208.62195318971015"", ""sponsor_exit_proceeds"": ""208.62195318971015"", ""sponsor_moic"": ""0.2611855438994806"", ""sponsor_annualized_return"": ""-0.2354782817747113"", ""total_equity_loss"": ""0""}, {""scenario_id"": ""SYN_HOTEL_004:083"", ""raw_exit_equity"": ""260.3556304810966"", ""sponsor_exit_proceeds"": ""260.3556304810966"", ""sponsor_moic"": ""0.32595384097789876"", ""sponsor_annualized_return"": ""-0.20084463271404351"", ""total_equity_loss"": ""0""}, {""scenario_id"": ""SYN_HOTEL_004:090"", ""raw_exit_equity"": ""49.66178248004303"", ""sponsor_exit_proceeds"": ""49.66178248004303"", ""sponsor_moic"": ""0.06217437556186921"", ""sponsor_annualized_return"": ""-0.42625054443583366"", ""total_equity_loss"": ""0""}, {""scenario_id"": ""SYN_HOTEL_004:091"", ""raw_exit_equity"": ""-84.00212846165121"", ""sponsor_exit_proceeds"": ""0.0"", ""sponsor_moic"": ""0.0"", ""sponsor_annualized_return"": ""-1.0"", ""total_equity_loss"": ""1""}, {""scenario_id"": ""SYN_HOTEL_004:095"", ""raw_exit_equity"": ""134.28593370787672"", ""sponsor_exit_proceeds"": ""134.28593370787672"", ""sponsor_moic"": ""0.1681201047985937"", ""sponsor_annualized_return"": ""-0.2999582683675197"", ""total_equity_loss"": ""0""}, {""scenario_id"": ""SYN_HOTEL_004:099"", ""raw_exit_equity"": ""357.77269153241997"", ""sponsor_exit_proceeds"": ""357.77269153241997"", ""sponsor_moic"": ""0.4479157327479436"", ""sponsor_annualized_return"": ""-0.14839291993682513"", ""total_equity_loss"": ""0""}]]",return fraction,"{""n"": 21, ""zero_recovery"": 7}",Descriptive frozen realization; no new interval or significance test. Mechanical checks are conditional on tested paths.,"Methods/table note only; B/methodological financing convention, not an empirical recovery estimate.","[""S12""]",supporting,true,false,false,"[""A2""]","No empirical, causal, calibrated-PD, universal-generalization or substantive financing-optimum extension.",No prior numerical claim imported.,,not applicable,true,true
REP-002,Small-n rule,"Every subgroup/regime/fold percentage must carry n or numerator/denominator in the same sentence, table row, table note or immediately adjacent text; no new confidence intervals may be manufactured.",LIMITATION,frozen artifact audit,[],[],null,not applicable,null,Descriptive frozen realization; no new interval or significance test. Mechanical checks are conditional on tested paths.,"Mandatory manuscript reporting rule, especially Template 004 distressed n=21; distinguish policy parameters from sample rates.","[""S10""]",supporting,true,false,false,[],"No empirical, causal, calibrated-PD, universal-generalization or substantive financing-optimum extension.",No prior numerical claim imported.,,not applicable,false,false
NEG-001,Historical scope,"The v2 Accor reconstruction, cross-model RMSE comparisons and conditional mathematical discussion are not promoted into the v3 results; the central study concerns synthetic ranking and threshold transfer.",LIMITATION,frozen artifact audit,[],[],null,not applicable,null,Descriptive frozen realization; no new interval or significance test. Mechanical checks are conditional on tested paths.,Conditional on the frozen synthetic system; no borrower-population inference.,"[""S10""]",supporting,true,false,false,[],"No empirical, causal, calibrated-PD, universal-generalization or substantive financing-optimum extension.","V2 sections on Accor, cross-model discrepancy, timing and conditional theory are omitted from the final results architecture.","Audited paper/ifrs16_lbo_ssrn_v2.tex and paper/REVISION_AUDIT.md. Conditional theory is not disproved, but no benchmark error-bound validation is admitted.",not applicable,false,false
OPT-010,Financing protocol and fold outcomes,"The financing demonstration uses a frozen common policy grid and training-only selection, evaluated on the same held-out operating paths under selected and reference policies; all fold results remain methodological.",CONDITIONAL_SYNTHETIC_RESULT,frozen artifact audit,"[""results/v3/optimization_validation/fold_selection.csv"", ""results/v3/optimization_validation/frozen_protocol.json""]","[{""artifact"": ""results/v3/optimization_validation/frozen_protocol.json""}, {""artifact"": ""results/v3/optimization_validation/fold_selection.csv""}]","[{""seed"": 314159, ""scenarios_per_template"": 100, ""entry_multiple_on_ebitda"": 7.5, ""exit_multiple_on_ebitda"": 8.0, ""years"": 5, ""primary_term_rate"": 0.06, ""higher_term_rate"": 0.075, ""grid"": [{""policy_id"": ""debt_1.50x__amort_0.050__sweep_0.40"", ""debt_multiple"": 1.5, ""amortisation_rate"": 0.05, ""cash_sweep"": 0.4}, {""policy_id"": ""debt_1.50x__amort_0.050__sweep_0.50"", ""debt_multiple"": 1.5, ""amortisation_rate"": 0.05, ""cash_sweep"": 0.5}, {""policy_id"": ""debt_1.50x__amort_0.050__sweep_0.60"", ""debt_multiple"": 1.5, ""amortisation_rate"": 0.05, ""cash_sweep"": 0.6}, {""policy_id"": ""debt_1.50x__amort_0.050__sweep_0.70"", ""debt_multiple"": 1.5, ""amortisation_rate"": 0.05, ""cash_sweep"": 0.7}, {""policy_id"": ""debt_1.50x__amort_0.075__sweep_0.40"", ""debt_multiple"": 1.5, ""amortisation_rate"": 0.075, ""cash_sweep"": 0.4}, {""policy_id"": ""debt_1.50x__amort_0.075__sweep_0.50"", ""debt_multiple"": 1.5, ""amortisation_rate"": 0.075, ""cash_sweep"": 0.5}, {""policy_id"": ""debt_1.50x__amort_0.075__sweep_0.60"", ""debt_multiple"": 1.5, ""amortisation_rate"": 0.075, ""cash_sweep"": 0.6}, {""policy_id"": ""debt_1.50x__amort_0.075__sweep_0.70"", ""debt_multiple"": 1.5, ""amortisation_rate"": 0.075, ""cash_sweep"": 0.7}, {""policy_id"": ""debt_1.50x__amort_0.100__sweep_0.40"", ""debt_multiple"": 1.5, ""amortisation_rate"": 0.1, ""cash_sweep"": 0.4}, {""policy_id"": ""debt_1.50x__amort_0.100__sweep_0.50"", ""debt_multiple"": 1.5, ""amortisation_rate"": 0.1, ""cash_sweep"": 0.5}, {""policy_id"": ""debt_1.50x__amort_0.100__sweep_0.60"", ""debt_multiple"": 1.5, ""amortisation_rate"": 0.1, ""cash_sweep"": 0.6}, {""policy_id"": ""debt_1.50x__amort_0.100__sweep_0.70"", ""debt_multiple"": 1.5, ""amortisation_rate"": 0.1, ""cash_sweep"": 0.7}, {""policy_id"": ""debt_1.50x__amort_0.125__sweep_0.40"", ""debt_multiple"": 1.5, ""amortisation_rate"": 0.125, ""cash_sweep"": 0.4}, {""policy_id"": ""debt_1.50x__amort_0.125__sweep_0.50"", ""debt_multiple"": 1.5, ""amortisation_rate"": 0.125, ""cash_sweep"": 0.5}, {""policy_id"": ""debt_1.50x__amort_0.125__sweep_0.60"", ""debt_multiple"": 1.5, ""amortisation_rate"": 0.125, ""cash_sweep"": 0.6}, {""policy_id"": ""debt_1.50x__amort_0.125__sweep_0.70"", ""debt_multiple"": 1.5, ""amortisation_rate"": 0.125, ""cash_sweep"": 0.7}, {""policy_id"": ""debt_1.75x__amort_0.050__sweep_0.40"", ""debt_multiple"": 1.75, ""amortisation_rate"": 0.05, ""cash_sweep"": 0.4}, {""policy_id"": ""debt_1.75x__amort_0.050__sweep_0.50"", ""debt_multiple"": 1.75, ""amortisation_rate"": 0.05, ""cash_sweep"": 0.5}, {""policy_id"": ""debt_1.75x__amort_0.050__sweep_0.60"", ""debt_multiple"": 1.75, ""amortisation_rate"": 0.05, ""cash_sweep"": 0.6}, {""policy_id"": ""debt_1.75x__amort_0.050__sweep_0.70"", ""debt_multiple"": 1.75, ""amortisation_rate"": 0.05, ""cash_sweep"": 0.7}, {""policy_id"": ""debt_1.75x__amort_0.075__sweep_0.40"", ""debt_multiple"": 1.75, ""amortisation_rate"": 0.075, ""cash_sweep"": 0.4}, {""policy_id"": ""debt_1.75x__amort_0.075__sweep_0.50"", ""debt_multiple"": 1.75, ""amortisation_rate"": 0.075, ""cash_sweep"": 0.5}, {""policy_id"": ""debt_1.75x__amort_0.075__sweep_0.60"", ""debt_multiple"": 1.75, ""amortisation_rate"": 0.075, ""cash_sweep"": 0.6}, {""policy_id"": ""debt_1.75x__amort_0.075__sweep_0.70"", ""debt_multiple"": 1.75, ""amortisation_rate"": 0.075, ""cash_sweep"": 0.7}, {""policy_id"": ""debt_1.75x__amort_0.100__sweep_0.40"", ""debt_multiple"": 1.75, ""amortisation_rate"": 0.1, ""cash_sweep"": 0.4}, {""policy_id"": ""debt_1.75x__amort_0.100__sweep_0.50"", ""debt_multiple"": 1.75, ""amortisation_rate"": 0.1, ""cash_sweep"": 0.5}, {""policy_id"": ""debt_1.75x__amort_0.100__sweep_0.60"", ""debt_multiple"": 1.75, ""amortisation_rate"": 0.1, ""cash_sweep"": 0.6}, {""policy_id"": ""debt_1.75x__amort_0.100__sweep_0.70"", ""debt_multiple"": 1.75, ""amortisation_rate"": 0.1, ""cash_sweep"": 0.7}, {""policy_id"": ""debt_1.75x__amort_0.125__sweep_0.40"", ""debt_multiple"": 1.75, ""amortisation_rate"": 0.125, ""cash_sweep"": 0.4}, {""policy_id"": ""debt_1.75x__amort_0.125__sweep_0.50"", ""debt_multiple"": 1.75, ""amortisation_rate"": 0.125, ""cash_sweep"": 0.5}, {""policy_id"": ""debt_1.75x__amort_0.125__sweep_0.60"", ""debt_multiple"": 1.75, ""amortisation_rate"": 0.125, ""cash_sweep"": 0.6}, {""policy_id"": ""debt_1.75x__amort_0.125__sweep_0.70"", ""debt_multiple"": 1.75, ""amortisation_rate"": 0.125, ""cash_sweep"": 0.7}, {""policy_id"": ""debt_2.00x__amort_0.050__sweep_0.40"", ""debt_multiple"": 2.0, ""amortisation_rate"": 0.05, ""cash_sweep"": 0.4}, {""policy_id"": ""debt_2.00x__amort_0.050__sweep_0.50"", ""debt_multiple"": 2.0, ""amortisation_rate"": 0.05, ""cash_sweep"": 0.5}, {""policy_id"": ""debt_2.00x__amort_0.050__sweep_0.60"", ""debt_multiple"": 2.0, ""amortisation_rate"": 0.05, ""cash_sweep"": 0.6}, {""policy_id"": ""debt_2.00x__amort_0.050__sweep_0.70"", ""debt_multiple"": 2.0, ""amortisation_rate"": 0.05, ""cash_sweep"": 0.7}, {""policy_id"": ""debt_2.00x__amort_0.075__sweep_0.40"", ""debt_multiple"": 2.0, ""amortisation_rate"": 0.075, ""cash_sweep"": 0.4}, {""policy_id"": ""debt_2.00x__amort_0.075__sweep_0.50"", ""debt_multiple"": 2.0, ""amortisation_rate"": 0.075, ""cash_sweep"": 0.5}, {""policy_id"": ""debt_2.00x__amort_0.075__sweep_0.60"", ""debt_multiple"": 2.0, ""amortisation_rate"": 0.075, ""cash_sweep"": 0.6}, {""policy_id"": ""debt_2.00x__amort_0.075__sweep_0.70"", ""debt_multiple"": 2.0, ""amortisation_rate"": 0.075, ""cash_sweep"": 0.7}, {""policy_id"": ""debt_2.00x__amort_0.100__sweep_0.40"", ""debt_multiple"": 2.0, ""amortisation_rate"": 0.1, ""cash_sweep"": 0.4}, {""policy_id"": ""debt_2.00x__amort_0.100__sweep_0.50"", ""debt_multiple"": 2.0, ""amortisation_rate"": 0.1, ""cash_sweep"": 0.5}, {""policy_id"": ""debt_2.00x__amort_0.100__sweep_0.60"", ""debt_multiple"": 2.0, ""amortisation_rate"": 0.1, ""cash_sweep"": 0.6}, {""policy_id"": ""debt_2.00x__amort_0.100__sweep_0.70"", ""debt_multiple"": 2.0, ""amortisation_rate"": 0.1, ""cash_sweep"": 0.7}, {""policy_id"": ""debt_2.00x__amort_0.125__sweep_0.40"", ""debt_multiple"": 2.0, ""amortisation_rate"": 0.125, ""cash_sweep"": 0.4}, {""policy_id"": ""debt_2.00x__amort_0.125__sweep_0.50"", ""debt_multiple"": 2.0, ""amortisation_rate"": 0.125, ""cash_sweep"": 0.5}, {""policy_id"": ""debt_2.00x__amort_0.125__sweep_0.60"", ""debt_multiple"": 2.0, ""amortisation_rate"": 0.125, ""cash_sweep"": 0.6}, {""policy_id"": ""debt_2.00x__amort_0.125__sweep_0.70"", ""debt_multiple"": 2.0, ""amortisation_rate"": 0.125, ""cash_sweep"": 0.7}, {""policy_id"": ""debt_2.25x__amort_0.050__sweep_0.40"", ""debt_multiple"": 2.25, ""amortisation_rate"": 0.05, ""cash_sweep"": 0.4}, {""policy_id"": ""debt_2.25x__amort_0.050__sweep_0.50"", ""debt_multiple"": 2.25, ""amortisation_rate"": 0.05, ""cash_sweep"": 0.5}, {""policy_id"": ""debt_2.25x__amort_0.050__sweep_0.60"", ""debt_multiple"": 2.25, ""amortisation_rate"": 0.05, ""cash_sweep"": 0.6}, {""policy_id"": ""debt_2.25x__amort_0.050__sweep_0.70"", ""debt_multiple"": 2.25, ""amortisation_rate"": 0.05, ""cash_sweep"": 0.7}, {""policy_id"": ""debt_2.25x__amort_0.075__sweep_0.40"", ""debt_multiple"": 2.25, ""amortisation_rate"": 0.075, ""cash_sweep"": 0.4}, {""policy_id"": ""debt_2.25x__amort_0.075__sweep_0.50"", ""debt_multiple"": 2.25, ""amortisation_rate"": 0.075, ""cash_sweep"": 0.5}, {""policy_id"": ""debt_2.25x__amort_0.075__sweep_0.60"", ""debt_multiple"": 2.25, ""amortisation_rate"": 0.075, ""cash_sweep"": 0.6}, {""policy_id"": ""debt_2.25x__amort_0.075__sweep_0.70"", ""debt_multiple"": 2.25, ""amortisation_rate"": 0.075, ""cash_sweep"": 0.7}, {""policy_id"": ""debt_2.25x__amort_0.100__sweep_0.40"", ""debt_multiple"": 2.25, ""amortisation_rate"": 0.1, ""cash_sweep"": 0.4}, {""policy_id"": ""debt_2.25x__amort_0.100__sweep_0.50"", ""debt_multiple"": 2.25, ""amortisation_rate"": 0.1, ""cash_sweep"": 0.5}, {""policy_id"": ""debt_2.25x__amort_0.100__sweep_0.60"", ""debt_multiple"": 2.25, ""amortisation_rate"": 0.1, ""cash_sweep"": 0.6}, {""policy_id"": ""debt_2.25x__amort_0.100__sweep_0.70"", ""debt_multiple"": 2.25, ""amortisation_rate"": 0.1, ""cash_sweep"": 0.7}, {""policy_id"": ""debt_2.25x__amort_0.125__sweep_0.40"", ""debt_multiple"": 2.25, ""amortisation_rate"": 0.125, ""cash_sweep"": 0.4}, {""policy_id"": ""debt_2.25x__amort_0.125__sweep_0.50"", ""debt_multiple"": 2.25, ""amortisation_rate"": 0.125, ""cash_sweep"": 0.5}, {""policy_id"": ""debt_2.25x__amort_0.125__sweep_0.60"", ""debt_multiple"": 2.25, ""amortisation_rate"": 0.125, ""cash_sweep"": 0.6}, {""policy_id"": ""debt_2.25x__amort_0.125__sweep_0.70"", ""debt_multiple"": 2.25, ""amortisation_rate"": 0.125, ""cash_sweep"": 0.7}, {""policy_id"": ""debt_2.50x__amort_0.050__sweep_0.40"", ""debt_multiple"": 2.5, ""amortisation_rate"": 0.05, ""cash_sweep"": 0.4}, {""policy_id"": ""debt_2.50x__amort_0.050__sweep_0.50"", ""debt_multiple"": 2.5, ""amortisation_rate"": 0.05, ""cash_sweep"": 0.5}, {""policy_id"": ""debt_2.50x__amort_0.050__sweep_0.60"", ""debt_multiple"": 2.5, ""amortisation_rate"": 0.05, ""cash_sweep"": 0.6}, {""policy_id"": ""debt_2.50x__amort_0.050__sweep_0.70"", ""debt_multiple"": 2.5, ""amortisation_rate"": 0.05, ""cash_sweep"": 0.7}, {""policy_id"": ""debt_2.50x__amort_0.075__sweep_0.40"", ""debt_multiple"": 2.5, ""amortisation_rate"": 0.075, ""cash_sweep"": 0.4}, {""policy_id"": ""debt_2.50x__amort_0.075__sweep_0.50"", ""debt_multiple"": 2.5, ""amortisation_rate"": 0.075, ""cash_sweep"": 0.5}, {""policy_id"": ""debt_2.50x__amort_0.075__sweep_0.60"", ""debt_multiple"": 2.5, ""amortisation_rate"": 0.075, ""cash_sweep"": 0.6}, {""policy_id"": ""debt_2.50x__amort_0.075__sweep_0.70"", ""debt_multiple"": 2.5, ""amortisation_rate"": 0.075, ""cash_sweep"": 0.7}, {""policy_id"": ""debt_2.50x__amort_0.100__sweep_0.40"", ""debt_multiple"": 2.5, ""amortisation_rate"": 0.1, ""cash_sweep"": 0.4}, {""policy_id"": ""debt_2.50x__amort_0.100__sweep_0.50"", ""debt_multiple"": 2.5, ""amortisation_rate"": 0.1, ""cash_sweep"": 0.5}, {""policy_id"": ""debt_2.50x__amort_0.100__sweep_0.60"", ""debt_multiple"": 2.5, ""amortisation_rate"": 0.1, ""cash_sweep"": 0.6}, {""policy_id"": ""debt_2.50x__amort_0.100__sweep_0.70"", ""debt_multiple"": 2.5, ""amortisation_rate"": 0.1, ""cash_sweep"": 0.7}, {""policy_id"": ""debt_2.50x__amort_0.125__sweep_0.40"", ""debt_multiple"": 2.5, ""amortisation_rate"": 0.125, ""cash_sweep"": 0.4}, {""policy_id"": ""debt_2.50x__amort_0.125__sweep_0.50"", ""debt_multiple"": 2.5, ""amortisation_rate"": 0.125, ""cash_sweep"": 0.5}, {""policy_id"": ""debt_2.50x__amort_0.125__sweep_0.60"", ""debt_multiple"": 2.5, ""amortisation_rate"": 0.125, ""cash_sweep"": 0.6}, {""policy_id"": ""debt_2.50x__amort_0.125__sweep_0.70"", ""debt_multiple"": 2.5, ""amortisation_rate"": 0.125, ""cash_sweep"": 0.7}, {""policy_id"": ""debt_2.75x__amort_0.050__sweep_0.40"", ""debt_multiple"": 2.75, ""amortisation_rate"": 0.05, ""cash_sweep"": 0.4}, {""policy_id"": ""debt_2.75x__amort_0.050__sweep_0.50"", ""debt_multiple"": 2.75, ""amortisation_rate"": 0.05, ""cash_sweep"": 0.5}, {""policy_id"": ""debt_2.75x__amort_0.050__sweep_0.60"", ""debt_multiple"": 2.75, ""amortisation_rate"": 0.05, ""cash_sweep"": 0.6}, {""policy_id"": ""debt_2.75x__amort_0.050__sweep_0.70"", ""debt_multiple"": 2.75, ""amortisation_rate"": 0.05, ""cash_sweep"": 0.7}, {""policy_id"": ""debt_2.75x__amort_0.075__sweep_0.40"", ""debt_multiple"": 2.75, ""amortisation_rate"": 0.075, ""cash_sweep"": 0.4}, {""policy_id"": ""debt_2.75x__amort_0.075__sweep_0.50"", ""debt_multiple"": 2.75, ""amortisation_rate"": 0.075, ""cash_sweep"": 0.5}, {""policy_id"": ""debt_2.75x__amort_0.075__sweep_0.60"", ""debt_multiple"": 2.75, ""amortisation_rate"": 0.075, ""cash_sweep"": 0.6}, {""policy_id"": ""debt_2.75x__amort_0.075__sweep_0.70"", ""debt_multiple"": 2.75, ""amortisation_rate"": 0.075, ""cash_sweep"": 0.7}, {""policy_id"": ""debt_2.75x__amort_0.100__sweep_0.40"", ""debt_multiple"": 2.75, ""amortisation_rate"": 0.1, ""cash_sweep"": 0.4}, {""policy_id"": ""debt_2.75x__amort_0.100__sweep_0.50"", ""debt_multiple"": 2.75, ""amortisation_rate"": 0.1, ""cash_sweep"": 0.5}, {""policy_id"": ""debt_2.75x__amort_0.100__sweep_0.60"", ""debt_multiple"": 2.75, ""amortisation_rate"": 0.1, ""cash_sweep"": 0.6}, {""policy_id"": ""debt_2.75x__amort_0.100__sweep_0.70"", ""debt_multiple"": 2.75, ""amortisation_rate"": 0.1, ""cash_sweep"": 0.7}, {""policy_id"": ""debt_2.75x__amort_0.125__sweep_0.40"", ""debt_multiple"": 2.75, ""amortisation_rate"": 0.125, ""cash_sweep"": 0.4}, {""policy_id"": ""debt_2.75x__amort_0.125__sweep_0.50"", ""debt_multiple"": 2.75, ""amortisation_rate"": 0.125, ""cash_sweep"": 0.5}, {""policy_id"": ""debt_2.75x__amort_0.125__sweep_0.60"", ""debt_multiple"": 2.75, ""amortisation_rate"": 0.125, ""cash_sweep"": 0.6}, {""policy_id"": ""debt_2.75x__amort_0.125__sweep_0.70"", ""debt_multiple"": 2.75, ""amortisation_rate"": 0.125, ""cash_sweep"": 0.7}, {""policy_id"": ""debt_3.00x__amort_0.050__sweep_0.40"", ""debt_multiple"": 3.0, ""amortisation_rate"": 0.05, ""cash_sweep"": 0.4}, {""policy_id"": ""debt_3.00x__amort_0.050__sweep_0.50"", ""debt_multiple"": 3.0, ""amortisation_rate"": 0.05, ""cash_sweep"": 0.5}, {""policy_id"": ""debt_3.00x__amort_0.050__sweep_0.60"", ""debt_multiple"": 3.0, ""amortisation_rate"": 0.05, ""cash_sweep"": 0.6}, {""policy_id"": ""debt_3.00x__amort_0.050__sweep_0.70"", ""debt_multiple"": 3.0, ""amortisation_rate"": 0.05, ""cash_sweep"": 0.7}, {""policy_id"": ""debt_3.00x__amort_0.075__sweep_0.40"", ""debt_multiple"": 3.0, ""amortisation_rate"": 0.075, ""cash_sweep"": 0.4}, {""policy_id"": ""debt_3.00x__amort_0.075__sweep_0.50"", ""debt_multiple"": 3.0, ""amortisation_rate"": 0.075, ""cash_sweep"": 0.5}, {""policy_id"": ""debt_3.00x__amort_0.075__sweep_0.60"", ""debt_multiple"": 3.0, ""amortisation_rate"": 0.075, ""cash_sweep"": 0.6}, {""policy_id"": ""debt_3.00x__amort_0.075__sweep_0.70"", ""debt_multiple"": 3.0, ""amortisation_rate"": 0.075, ""cash_sweep"": 0.7}, {""policy_id"": ""debt_3.00x__amort_0.100__sweep_0.40"", ""debt_multiple"": 3.0, ""amortisation_rate"": 0.1, ""cash_sweep"": 0.4}, {""policy_id"": ""debt_3.00x__amort_0.100__sweep_0.50"", ""debt_multiple"": 3.0, ""amortisation_rate"": 0.1, ""cash_sweep"": 0.5}, {""policy_id"": ""debt_3.00x__amort_0.100__sweep_0.60"", ""debt_multiple"": 3.0, ""amortisation_rate"": 0.1, ""cash_sweep"": 0.6}, {""policy_id"": ""debt_3.00x__amort_0.100__sweep_0.70"", ""debt_multiple"": 3.0, ""amortisation_rate"": 0.1, ""cash_sweep"": 0.7}, {""policy_id"": ""debt_3.00x__amort_0.125__sweep_0.40"", ""debt_multiple"": 3.0, ""amortisation_rate"": 0.125, ""cash_sweep"": 0.4}, {""policy_id"": ""debt_3.00x__amort_0.125__sweep_0.50"", ""debt_multiple"": 3.0, ""amortisation_rate"": 0.125, ""cash_sweep"": 0.5}, {""policy_id"": ""debt_3.00x__amort_0.125__sweep_0.60"", ""debt_multiple"": 3.0, ""amortisation_rate"": 0.125, ""cash_sweep"": 0.6}, {""policy_id"": ""debt_3.00x__amort_0.125__sweep_0.70"", ""debt_multiple"": 3.0, ""amortisation_rate"": 0.125, ""cash_sweep"": 0.7}], ""objective"": ""maximize training median limited-liability annualized sponsor return"", ""constraints"": [""candidate training broad failure rate <= same-path reference rate"", ""candidate training payment-default rate <= same-path reference rate""], ""tie_rule"": [""lower broad failure"", ""lower payment default"", ""lower debt multiple"", ""lower cash sweep"", ""higher amortisation""], ""limited_liability"": ""proceeds=max(0,raw_exit_equity); zero proceeds return=-100%""}, [{""held_out_template"": ""SYN_HOTEL_001"", ""feasible"": ""True"", ""selected_policy_id"": ""debt_1.50x__amort_0.050__sweep_0.70"", ""selected_debt_multiple"": ""1.5"", ""selected_amortisation_rate"": ""0.05"", ""selected_cash_sweep"": ""0.7"", ""train_objective"": ""0.012471071449145832"", ""train_reference_n_scenarios"": ""400"", ""train_reference_median_annualized_return"": ""0.009826987211959848"", ""train_reference_mean_annualized_return"": ""-0.035388334322088454"", ""train_reference_median_moic"": ""1.0501119504774388"", ""train_reference_annualized_return_q10"": ""-0.18237290465796208"", ""train_reference_total_equity_loss_rate"": ""0.0225"", ""train_reference_broad_failure_rate"": ""0.0775"", ""train_reference_payment_default_rate"": ""0.0625"", ""train_reference_insolvency_rate"": ""0.0725"", ""train_reference_covenant_breach_rate"": ""0.0525"", ""train_reference_median_initial_sponsor_equity"": ""1571.4375"", ""train_reference_median_opening_debt"": ""540.0"", ""train_reference_median_ending_term_debt"": ""146.15663216358445"", ""train_reference_mean_max_revolver"": ""17.507956704037515"", ""test_optimized_n_scenarios"": ""100"", ""test_optimized_median_annualized_return"": ""0.0011125175451175418"", ""test_optimized_mean_annualized_return"": ""-0.012527479187076536"", ""test_optimized_median_moic"": ""1.005593283085698"", ""test_optimized_annualized_return_q10"": ""-0.14776972765218294"", ""test_optimized_total_equity_loss_rate"": ""0.0"", ""test_optimized_broad_failure_rate"": ""0.0"", ""test_optimized_payment_default_rate"": ""0.0"", ""test_optimized_insolvency_rate"": ""0.0"", ""test_optimized_covenant_breach_rate"": ""0.0"", ""test_optimized_median_initial_sponsor_equity"": ""1663.5"", ""test_optimized_median_opening_debt"": ""390.0"", ""test_optimized_median_ending_term_debt"": ""0.0"", ""test_optimized_mean_max_revolver"": ""1.8672140547637743"", ""test_reference_n_scenarios"": ""100"", ""test_reference_median_annualized_return"": ""-0.0029825824922316557"", ""test_reference_mean_annualized_return"": ""-0.021479557015033082"", ""test_reference_median_moic"": ""0.9851977662329001"", ""test_reference_annualized_return_q10"": ""-0.17508246436212024"", ""test_reference_total_equity_loss_rate"": ""0.0"", ""test_reference_broad_failure_rate"": ""0.03"", ""test_reference_payment_default_rate"": ""0.0"", ""test_reference_insolvency_rate"": ""0.0"", ""test_reference_covenant_breach_rate"": ""0.03"", ""test_reference_median_initial_sponsor_equity"": ""1533.5"", ""test_reference_median_opening_debt"": ""520.0"", ""test_reference_median_ending_term_debt"": ""133.63663795106993"", ""test_reference_mean_max_revolver"": ""7.350826178629559""}, {""held_out_template"": ""SYN_HOTEL_002"", ""feasible"": ""True"", ""selected_policy_id"": ""debt_1.50x__amort_0.075__sweep_0.70"", ""selected_debt_multiple"": ""1.5"", ""selected_amortisation_rate"": ""0.075"", ""selected_cash_sweep"": ""0.7"", ""train_objective"": ""0.011169108972052255"", ""train_reference_n_scenarios"": ""400"", ""train_reference_median_annualized_return"": ""0.006181728166812395"", ""train_reference_mean_annualized_return"": ""-0.03571644332007644"", ""train_reference_median_moic"": ""1.0312935914948804"", ""train_reference_annualized_return_q10"": ""-0.19072498075358751"", ""train_reference_total_equity_loss_rate"": ""0.02"", ""train_reference_broad_failure_rate"": ""0.08"", ""train_reference_payment_default_rate"": ""0.06"", ""train_reference_insolvency_rate"": ""0.07"", ""train_reference_covenant_breach_rate"": ""0.055"", ""train_reference_median_initial_sponsor_equity"": ""1763.875"", ""train_reference_median_opening_debt"": ""565.0"", ""train_reference_median_ending_term_debt"": ""105.75339563505284"", ""train_reference_mean_max_revolver"": ""15.930673353521051"", ""test_optimized_n_scenarios"": ""100"", ""test_optimized_median_annualized_return"": ""0.008612865603467967"", ""test_optimized_mean_annualized_return"": ""-0.002698967349988243"", ""test_optimized_median_moic"": ""1.043892445604264"", ""test_optimized_annualized_return_q10"": ""-0.11327997326136875"", ""test_optimized_total_equity_loss_rate"": ""0.0"", ""test_optimized_broad_failure_rate"": ""0.0"", ""test_optimized_payment_default_rate"": ""0.0"", ""test_optimized_insolvency_rate"": ""0.0"", ""test_optimized_covenant_breach_rate"": ""0.0"", ""test_optimized_median_initial_sponsor_equity"": ""1311.125"", ""test_optimized_median_opening_debt"": ""307.5"", ""test_optimized_median_ending_term_debt"": ""0.0"", ""test_optimized_mean_max_revolver"": ""4.5171568277687655"", ""test_reference_n_scenarios"": ""100"", ""test_reference_median_annualized_return"": ""0.0030151267278456517"", ""test_reference_mean_annualized_return"": ""-0.02016712102308114"", ""test_reference_median_moic"": ""1.0152738429637678"", ""test_reference_annualized_return_q10"": ""-0.14782644512456314"", ""test_reference_total_equity_loss_rate"": ""0.01"", ""test_reference_broad_failure_rate"": ""0.02"", ""test_reference_payment_default_rate"": ""0.01"", ""test_reference_insolvency_rate"": ""0.01"", ""test_reference_covenant_breach_rate"": ""0.02"", ""test_reference_median_initial_sponsor_equity"": ""1148.625"", ""test_reference_median_opening_debt"": ""470.0"", ""test_reference_median_ending_term_debt"": ""196.50598944752554"", ""test_reference_mean_max_revolver"": ""13.659959580695418""}, {""held_out_template"": ""SYN_HOTEL_003"", ""feasible"": ""True"", ""selected_policy_id"": ""debt_1.50x__amort_0.050__sweep_0.60"", ""selected_debt_multiple"": ""1.5"", ""selected_amortisation_rate"": ""0.05"", ""selected_cash_sweep"": ""0.6"", ""train_objective"": ""0.0035382132685414236"", ""train_reference_n_scenarios"": ""400"", ""train_reference_median_annualized_return"": ""0.00031681098189362267"", ""train_reference_mean_annualized_return"": ""-0.04227248028513731"", ""train_reference_median_moic"": ""1.0015881800086466"", ""train_reference_annualized_return_q10"": ""-0.2012743787506329"", ""train_reference_total_equity_loss_rate"": ""0.0225"", ""train_reference_broad_failure_rate"": ""0.085"", ""train_reference_payment_default_rate"": ""0.0625"", ""train_reference_insolvency_rate"": ""0.0725"", ""train_reference_covenant_breach_rate"": ""0.06"", ""train_reference_median_initial_sponsor_equity"": ""1341.0625"", ""train_reference_median_opening_debt"": ""495.0"", ""train_reference_median_ending_term_debt"": ""174.31315857497646"", ""train_reference_mean_max_revolver"": ""18.797477091954487"", ""test_optimized_n_scenarios"": ""100"", ""test_optimized_median_annualized_return"": ""0.018190091498279104"", ""test_optimized_mean_annualized_return"": ""0.009653030322463518"", ""test_optimized_median_moic"": ""1.0943798044316715"", ""test_optimized_annualized_return_q10"": ""-0.11605708878892582"", ""test_optimized_total_equity_loss_rate"": ""0.0"", ""test_optimized_broad_failure_rate"": ""0.0"", ""test_optimized_payment_default_rate"": ""0.0"", ""test_optimized_insolvency_rate"": ""0.0"", ""test_optimized_covenant_breach_rate"": ""0.0"", ""test_optimized_median_initial_sponsor_equity"": ""2109.25"", ""test_optimized_median_opening_debt"": ""495.0"", ""test_optimized_median_ending_term_debt"": ""0.0"", ""test_optimized_mean_max_revolver"": ""0.721218780734995"", ""test_reference_n_scenarios"": ""100"", ""test_reference_median_annualized_return"": ""0.016664861837090705"", ""test_reference_mean_annualized_return"": ""0.006057026837162352"", ""test_reference_median_moic"": ""1.086215601954188"", ""test_reference_annualized_return_q10"": ""-0.12982620613855905"", ""test_reference_total_equity_loss_rate"": ""0.0"", ""test_reference_broad_failure_rate"": ""0.0"", ""test_reference_payment_default_rate"": ""0.0"", ""test_reference_insolvency_rate"": ""0.0"", ""test_reference_covenant_breach_rate"": ""0.0"", ""test_reference_median_initial_sponsor_equity"": ""1994.25"", ""test_reference_median_opening_debt"": ""610.0"", ""test_reference_median_ending_term_debt"": ""0.0"", ""test_reference_mean_max_revolver"": ""2.192744626961663""}, {""held_out_template"": ""SYN_HOTEL_004"", ""feasible"": ""True"", ""selected_policy_id"": ""debt_1.50x__amort_0.075__sweep_0.70"", ""selected_debt_multiple"": ""1.5"", ""selected_amortisation_rate"": ""0.075"", ""selected_cash_sweep"": ""0.7"", ""train_objective"": ""0.017985384211161137"", ""train_reference_n_scenarios"": ""400"", ""train_reference_median_annualized_return"": ""0.01637278319965263"", ""train_reference_mean_annualized_return"": ""-0.004606598758173409"", ""train_reference_median_moic"": ""1.084588876183425"", ""train_reference_annualized_return_q10"": ""-0.13817338221019096"", ""train_reference_total_equity_loss_rate"": ""0.0025"", ""train_reference_broad_failure_rate"": ""0.015"", ""train_reference_payment_default_rate"": ""0.0025"", ""train_reference_insolvency_rate"": ""0.0025"", ""train_reference_covenant_breach_rate"": ""0.015"", ""train_reference_median_initial_sponsor_equity"": ""1763.875"", ""train_reference_median_opening_debt"": ""565.0"", ""train_reference_median_ending_term_debt"": ""83.0537944657963"", ""train_reference_mean_max_revolver"": ""6.102341100366987"", ""test_optimized_n_scenarios"": ""100"", ""test_optimized_median_annualized_return"": ""-0.031809747918627895"", ""test_optimized_mean_annualized_return"": ""-0.06862903149925893"", ""test_optimized_median_moic"": ""0.8507552092549893"", ""test_optimized_annualized_return_q10"": ""-0.23035339167964267"", ""test_optimized_total_equity_loss_rate"": ""0.01"", ""test_optimized_broad_failure_rate"": ""0.07"", ""test_optimized_payment_default_rate"": ""0.03"", ""test_optimized_insolvency_rate"": ""0.06"", ""test_optimized_covenant_breach_rate"": ""0.07"", ""test_optimized_median_initial_sponsor_equity"": ""963.75"", ""test_optimized_median_opening_debt"": ""225.0"", ""test_optimized_median_ending_term_debt"": ""69.9292342506823"", ""test_optimized_mean_max_revolver"": ""18.95017373110296"", ""test_reference_n_scenarios"": ""100"", ""test_reference_median_annualized_return"": ""-0.05116023249154278"", ""test_reference_mean_annualized_return"": ""-0.14460649927069327"", ""test_reference_median_moic"": ""0.7690708146563134"", ""test_reference_annualized_return_q10"": ""-0.41120518898453023"", ""test_reference_total_equity_loss_rate"": ""0.08"", ""test_reference_broad_failure_rate"": ""0.28"", ""test_reference_payment_default_rate"": ""0.24"", ""test_reference_insolvency_rate"": ""0.28"", ""test_reference_covenant_breach_rate"": ""0.18"", ""test_reference_median_initial_sponsor_equity"": ""798.75"", ""test_reference_median_opening_debt"": ""390.0"", ""test_reference_median_ending_term_debt"": ""240.0"", ""test_reference_mean_max_revolver"": ""52.97328859331167""}, {""held_out_template"": ""SYN_HOTEL_005"", ""feasible"": ""True"", ""selected_policy_id"": ""debt_1.50x__amort_0.050__sweep_0.70"", ""selected_debt_multiple"": ""1.5"", ""selected_amortisation_rate"": ""0.05"", ""selected_cash_sweep"": ""0.7"", ""train_objective"": ""-0.00024212867072426203"", ""train_reference_n_scenarios"": ""400"", ""train_reference_median_annualized_return"": ""-0.006108508884752395"", ""train_reference_mean_annualized_return"": ""-0.045049037617911285"", ""train_reference_median_moic"": ""0.9698288187100423"", ""train_reference_annualized_return_q10"": ""-0.2033795197408882"", ""train_reference_total_equity_loss_rate"": ""0.0225"", ""train_reference_broad_failure_rate"": ""0.0825"", ""train_reference_payment_default_rate"": ""0.0625"", ""train_reference_insolvency_rate"": ""0.0725"", ""train_reference_covenant_breach_rate"": ""0.0575"", ""train_reference_median_initial_sponsor_equity"": ""1341.0625"", ""train_reference_median_opening_debt"": ""495.0"", ""train_reference_median_ending_term_debt"": ""176.4355621895915"", ""train_reference_mean_max_revolver"": ""19.04420474489958"", ""test_optimized_n_scenarios"": ""100"", ""test_optimized_median_annualized_return"": ""0.02744572347455898"", ""test_optimized_mean_annualized_return"": ""0.018627985517618784"", ""test_optimized_median_moic"": ""1.1449745877069903"", ""test_optimized_annualized_return_q10"": ""-0.10282718875982429"", ""test_optimized_total_equity_loss_rate"": ""0.0"", ""test_optimized_broad_failure_rate"": ""0.0"", ""test_optimized_payment_default_rate"": ""0.0"", ""test_optimized_insolvency_rate"": ""0.0"", ""test_optimized_covenant_breach_rate"": ""0.0"", ""test_optimized_median_initial_sponsor_equity"": ""2487.75"", ""test_optimized_median_opening_debt"": ""585.0"", ""test_optimized_median_ending_term_debt"": ""0.0"", ""test_optimized_mean_max_revolver"": ""1.0450657557067746"", ""test_reference_n_scenarios"": ""100"", ""test_reference_median_annualized_return"": ""0.026821062221977776"", ""test_reference_mean_annualized_return"": ""0.017163256168258235"", ""test_reference_median_moic"": ""1.1414988160029997"", ""test_reference_annualized_return_q10"": ""-0.10842035459534836"", ""test_reference_total_equity_loss_rate"": ""0.0"", ""test_reference_broad_failure_rate"": ""0.01"", ""test_reference_payment_default_rate"": ""0.0"", ""test_reference_insolvency_rate"": ""0.0"", ""test_reference_covenant_breach_rate"": ""0.01"", ""test_reference_median_initial_sponsor_equity"": ""2422.75"", ""test_reference_median_opening_debt"": ""650.0"", ""test_reference_median_ending_term_debt"": ""0.0"", ""test_reference_mean_max_revolver"": ""1.2058340151813065""}]]","protocol-specific multiples, fractions, counts and currency units","{""templates"": 5, ""heldout_scenarios_per_policy_per_fold"": 100, ""training_scenarios_per_fold"": 400}",Descriptive frozen realization; no new interval or significance test. Mechanical checks are conditional on tested paths.,"B/methodological only; no substantive financing optimum, independent replication or empirical uplift.","[""S8""]",supporting,true,false,false,"[""T5""]","No empirical, causal, calibrated-PD, universal-generalization or substantive financing-optimum extension.",No prior numerical claim imported.,,B / methodological demonstration only,true,true
SCR-018,Score and failure convention,"Over five annual observations, broad financial failure is the union of nonpositive EBITDA, payment default, reserve funding deficit, leverage above 6.0 or ICR below 1.8. The score is 1/(1+exp(2H)), where H is minimum analytic headroom against those ratio thresholds. Simulated covenant breach is strict; score classification uses score >= threshold.",VERIFIED_MECHANICAL,frozen artifact audit,"[""analysis/run_benchmark.py"", ""results/v3/baseline/reproduced_manifest.json""]","[{""artifact"": ""analysis/run_benchmark.py"", ""lines"": [340, 368]}, {""artifact"": ""results/v3/baseline/reproduced_manifest.json"", ""keys"": [""horizon_years""]}]","[[""        try:"", ""            sim_rows = FullSimulationModel(scenario.simulation).simulate()"", ""            analytic = AnalyticLBOModel(scenario.analytic).solve_paths()"", ""            sim_df = pd.DataFrame(sim_rows)"", """", ""            negative_ebitda = bool((sim_df[\""ebitda\""] <= 0).any())"", ""            insolvency = bool(sim_df[\""insolvency_flag\""].any())"", ""            payment_default = bool(sim_df[\""payment_default_flag\""].any())"", ""            sim_lev = ("", ""                sim_df[\""debt_balance\""]"", ""                + sim_df[\""revolver_balance\""]"", ""                + sim_df[\""lease_liability\""]"", ""                - sim_df[\""ending_cash\""]"", ""            ) / sim_df[\""ebitda\""]"", ""            sim_icr = sim_df[\""ebitda\""] / np.maximum("", ""                1e-6, sim_df[\""cash_interest\""] + sim_df[\""lease_interest\""]"", ""            )"", """", ""            simulated_max_leverage = float(np.nanmax(sim_lev.to_numpy()))"", ""            simulated_min_icr = float(np.nanmin(sim_icr.to_numpy()))"", ""            analytic_max_leverage = float(np.nanmax(analytic.leverage_ratio[1:]))"", ""            analytic_min_icr = float(np.nanmin(analytic.icr_ratio[1:]))"", """", ""            headroom_s = float(min(6.0 - simulated_max_leverage, simulated_min_icr - 1.8))"", ""            headroom_a = float(min(6.0 - analytic_max_leverage, analytic_min_icr - 1.8))"", """", ""            breach = bool(simulated_max_leverage > 6.0 or simulated_min_icr < 1.8)"", ""            true_failure = int(negative_ebitda or payment_default or insolvency or breach)"", ""            analytic_risk_score = float(1.0 / (1.0 + np.exp(2.0 * headroom_a)))""], 5]","years, ratio thresholds and score formula","{""observations_per_scenario"": 5}",Descriptive frozen realization; no new interval or significance test. Mechanical checks are conditional on tested paths.,"Stipulated benchmark conventions, not actual loan terms or calibrated default probabilities.","[""S3""]",supporting,true,false,false,[],"No empirical, causal, calibrated-PD, universal-generalization or substantive financing-optimum extension.",No prior numerical claim imported.,,not applicable,true,false
SCR-019,Different model families,"The analytic screening path and financial simulation differ in timing, cash, financing and input conventions; engine validation does not establish that the screening path approximates the simulator within proved error bounds.",LIMITATION,frozen artifact audit,"[""analysis/run_benchmark.py""]","[{""artifact"": ""analysis/run_benchmark.py"", ""lines"": [220, 310]}]",null,not applicable,null,Descriptive frozen realization; no new interval or significance test. Mechanical checks are conditional on tested paths.,No attribution of all cross-model discrepancy to approximation error; no benchmark-wide theoretical guarantee.,"[""S3""]",supporting,true,false,false,[],"No empirical, causal, calibrated-PD, universal-generalization or substantive financing-optimum extension.",No prior numerical claim imported.,,not applicable,false,false
PROH-001,V1 AUC,"Prohibited as a current substantive result: AUC 0.76 [0.71, 0.81].",PROHIBITED_CLAIM,frozen artifact audit,[],[],null,not applicable,null,Descriptive frozen realization; no new interval or significance test. Mechanical checks are conditional on tested paths.,Must not appear as an affirmative current result.,[],supporting,false,false,false,[],"No empirical, causal, calibrated-PD, universal-generalization or substantive financing-optimum extension.",Historical or overextended claim explicitly barred.,Replacement: Use SCR-004; no protocol-equivalence claim.,not applicable,false,false
PROH-002,V1 comparator RMSE,Prohibited as a current substantive result: RMSE 0.28 versus 0.52.,PROHIBITED_CLAIM,frozen artifact audit,[],[],null,not applicable,null,Descriptive frozen realization; no new interval or significance test. Mechanical checks are conditional on tested paths.,Must not appear as an affirmative current result.,[],supporting,false,false,false,[],"No empirical, causal, calibrated-PD, universal-generalization or substantive financing-optimum extension.",Historical or overextended claim explicitly barred.,Replacement: No admitted comparator improvement.,not applicable,false,false
PROH-003,V1 RMSE reduction,Prohibited as a current substantive result: 46% RMSE reduction.,PROHIBITED_CLAIM,frozen artifact audit,[],[],null,not applicable,null,Descriptive frozen realization; no new interval or significance test. Mechanical checks are conditional on tested paths.,Must not appear as an affirmative current result.,[],supporting,false,false,false,[],"No empirical, causal, calibrated-PD, universal-generalization or substantive financing-optimum extension.",Historical or overextended claim explicitly barred.,Replacement: No current paired comparator.,not applicable,false,false
PROH-004,Historical return uplift,Prohibited as a current substantive result: +3.4 percentage-point IRR uplift.,PROHIBITED_CLAIM,frozen artifact audit,[],[],null,not applicable,null,Descriptive frozen realization; no new interval or significance test. Mechanical checks are conditional on tested paths.,Must not appear as an affirmative current result.,[],supporting,false,false,false,[],"No empirical, causal, calibrated-PD, universal-generalization or substantive financing-optimum extension.",Historical or overextended claim explicitly barred.,Replacement: OPT-003 only as B/methodological.,not applicable,false,false
PROH-005,Validated Bayesian calibration,Prohibited as a current substantive result: Bayesian inputs are empirically validated.,PROHIBITED_CLAIM,frozen artifact audit,[],[],null,not applicable,null,Descriptive frozen realization; no new interval or significance test. Mechanical checks are conditional on tested paths.,Must not appear as an affirmative current result.,[],supporting,false,false,false,[],"No empirical, causal, calibrated-PD, universal-generalization or substantive financing-optimum extension.",Historical or overextended claim explicitly barred.,Replacement: BAY-001 through BAY-003.,not applicable,false,false
PROH-006,Posterior LBO integration,Prohibited as a current substantive result: Posterior-driven LBO results.,PROHIBITED_CLAIM,frozen artifact audit,[],[],null,not applicable,null,Descriptive frozen realization; no new interval or significance test. Mechanical checks are conditional on tested paths.,Must not appear as an affirmative current result.,[],supporting,false,false,false,[],"No empirical, causal, calibrated-PD, universal-generalization or substantive financing-optimum extension.",Historical or overextended claim explicitly barred.,Replacement: No posterior integration was performed.,not applicable,false,false
PROH-007,Calibrated score,Prohibited as a current substantive result: Screening score is calibrated PD.,PROHIBITED_CLAIM,frozen artifact audit,[],[],null,not applicable,null,Descriptive frozen realization; no new interval or significance test. Mechanical checks are conditional on tested paths.,Must not appear as an affirmative current result.,[],supporting,false,false,false,[],"No empirical, causal, calibrated-PD, universal-generalization or substantive financing-optimum extension.",Historical or overextended claim explicitly barred.,Replacement: SCR-015.,not applicable,false,false
PROH-008,Independent AUC generalization,Prohibited as a current substantive result: Pooled/held-out AUC equality independently validates generalization.,PROHIBITED_CLAIM,frozen artifact audit,[],[],null,not applicable,null,Descriptive frozen realization; no new interval or significance test. Mechanical checks are conditional on tested paths.,Must not appear as an affirmative current result.,[],supporting,false,false,false,[],"No empirical, causal, calibrated-PD, universal-generalization or substantive financing-optimum extension.",Historical or overextended claim explicitly barred.,Replacement: SCR-005.,not applicable,false,false
PROH-009,Real hotel breaches,Prohibited as a current substantive result: Synthetic scenarios establish real hotel covenant breaches.,PROHIBITED_CLAIM,frozen artifact audit,[],[],null,not applicable,null,Descriptive frozen realization; no new interval or significance test. Mechanical checks are conditional on tested paths.,Must not appear as an affirmative current result.,[],supporting,false,false,false,[],"No empirical, causal, calibrated-PD, universal-generalization or substantive financing-optimum extension.",Historical or overextended claim explicitly barred.,Replacement: Synthetic broad failure only.,not applicable,false,false
PROH-010,Audited Accor transaction,Prohibited as a current substantive result: Accor reconstruction is audited transaction evidence.,PROHIBITED_CLAIM,frozen artifact audit,[],[],null,not applicable,null,Descriptive frozen realization; no new interval or significance test. Mechanical checks are conditional on tested paths.,Must not appear as an affirmative current result.,[],supporting,false,false,false,[],"No empirical, causal, calibrated-PD, universal-generalization or substantive financing-optimum extension.",Historical or overextended claim explicitly barred.,Replacement: Accor reconstruction is omitted; no such provenance.,not applicable,false,false
PROH-011,Substantive leverage optimum,Prohibited as a current substantive result: 1.50x debt is economically optimal.,PROHIBITED_CLAIM,frozen artifact audit,[],[],null,not applicable,null,Descriptive frozen realization; no new interval or significance test. Mechanical checks are conditional on tested paths.,Must not appear as an affirmative current result.,[],supporting,false,false,false,[],"No empirical, causal, calibrated-PD, universal-generalization or substantive financing-optimum extension.",Historical or overextended claim explicitly barred.,Replacement: OPT-004 and OPT-005.,not applicable,false,false
PROH-012,Empirical optimization,Prohibited as a current substantive result: Financing experiment is empirically calibrated.,PROHIBITED_CLAIM,frozen artifact audit,[],[],null,not applicable,null,Descriptive frozen realization; no new interval or significance test. Mechanical checks are conditional on tested paths.,Must not appear as an affirmative current result.,[],supporting,false,false,false,[],"No empirical, causal, calibrated-PD, universal-generalization or substantive financing-optimum extension.",Historical or overextended claim explicitly barred.,Replacement: OPT-001 and OPT-007.,not applicable,false,false
PROH-013,External replication,Prohibited as a current substantive result: Template 004 provides external validation or independent replication.,PROHIBITED_CLAIM,frozen artifact audit,[],[],null,not applicable,null,Descriptive frozen realization; no new interval or significance test. Mechanical checks are conditional on tested paths.,Must not appear as an affirmative current result.,[],supporting,false,false,false,[],"No empirical, causal, calibrated-PD, universal-generalization or substantive financing-optimum extension.",Historical or overextended claim explicitly barred.,Replacement: HET-001 within-system convergence only.,not applicable,false,false
PROH-014,Causal heterogeneity,Prohibited as a current substantive result: Structural heterogeneity is causally identified.,PROHIBITED_CLAIM,frozen artifact audit,[],[],null,not applicable,null,Descriptive frozen realization; no new interval or significance test. Mechanical checks are conditional on tested paths.,Must not appear as an affirmative current result.,[],supporting,false,false,false,[],"No empirical, causal, calibrated-PD, universal-generalization or substantive financing-optimum extension.",Historical or overextended claim explicitly barred.,Replacement: HET-001 descriptive consistency only.,not applicable,false,false
PROH-015,Real borrower transfer,Prohibited as a current substantive result: Threshold instability is established for real borrowers.,PROHIBITED_CLAIM,frozen artifact audit,[],[],null,not applicable,null,Descriptive frozen realization; no new interval or significance test. Mechanical checks are conditional on tested paths.,Must not appear as an affirmative current result.,[],supporting,false,false,false,[],"No empirical, causal, calibrated-PD, universal-generalization or substantive financing-optimum extension.",Historical or overextended claim explicitly barred.,Replacement: SCR-001 conditional synthetic thesis.,not applicable,false,false
PROH-016,Missing subgroup n,Prohibited as a current substantive result: Subgroup/regime/fold percentages without n.,PROHIBITED_CLAIM,frozen artifact audit,[],[],null,not applicable,null,Descriptive frozen realization; no new interval or significance test. Mechanical checks are conditional on tested paths.,Must not appear as an affirmative current result.,[],supporting,false,false,false,[],"No empirical, causal, calibrated-PD, universal-generalization or substantive financing-optimum extension.",Historical or overextended claim explicitly barred.,Replacement: REP-002.,not applicable,false,false
PROH-017,Misinterpreted floor,"Prohibited as a current substantive result: -100% sponsor return is a bound on raw equity, unconstrained IRR, or solver failure.",PROHIBITED_CLAIM,frozen artifact audit,[],[],null,not applicable,null,Descriptive frozen realization; no new interval or significance test. Mechanical checks are conditional on tested paths.,Must not appear as an affirmative current result.,[],supporting,false,false,false,[],"No empirical, causal, calibrated-PD, universal-generalization or substantive financing-optimum extension.",Historical or overextended claim explicitly barred.,Replacement: LIM-001 and LIM-002.,not applicable,false,false
PROH-018,Stale kernel coverage,Prohibited as a current substantive result: 84% statement coverage for financing_policy.,PROHIBITED_CLAIM,frozen artifact audit,[],[],null,not applicable,null,Descriptive frozen realization; no new interval or significance test. Mechanical checks are conditional on tested paths.,Must not appear as an affirmative current result.,[],supporting,false,false,false,[],"No empirical, causal, calibrated-PD, universal-generalization or substantive financing-optimum extension.",Historical or overextended claim explicitly barred.,Replacement: 88.68% = 47/53; OPT-009.,not applicable,false,false
PROH-019,Stale runner statements,Prohibited as a current substantive result: 59% statement coverage for runner.,PROHIBITED_CLAIM,frozen artifact audit,[],[],null,not applicable,null,Descriptive frozen realization; no new interval or significance test. Mechanical checks are conditional on tested paths.,Must not appear as an affirmative current result.,[],supporting,false,false,false,[],"No empirical, causal, calibrated-PD, universal-generalization or substantive financing-optimum extension.",Historical or overextended claim explicitly barred.,Replacement: 59.89% = 109/182; OPT-009.,not applicable,false,false
PROH-020,Stale runner branches,Prohibited as a current substantive result: 85% branch coverage for runner.,PROHIBITED_CLAIM,frozen artifact audit,[],[],null,not applicable,null,Descriptive frozen realization; no new interval or significance test. Mechanical checks are conditional on tested paths.,Must not appear as an affirmative current result.,[],supporting,false,false,false,[],"No empirical, causal, calibrated-PD, universal-generalization or substantive financing-optimum extension.",Historical or overextended claim explicitly barred.,Replacement: 55.0% = 22/40; OPT-009.,not applicable,false,false
PROH-021,Bayes universally invalid,Prohibited as a current substantive result: Exclusion proves Bayes intrinsically invalid.,PROHIBITED_CLAIM,frozen artifact audit,[],[],null,not applicable,null,Descriptive frozen realization; no new interval or significance test. Mechanical checks are conditional on tested paths.,Must not appear as an affirmative current result.,[],supporting,false,false,false,[],"No empirical, causal, calibrated-PD, universal-generalization or substantive financing-optimum extension.",Historical or overextended claim explicitly barred.,Replacement: Only this experiment fails admission.,not applicable,false,false
PROH-022,Unsupported theoretical guarantee,Prohibited as a current substantive result: Theoretical model or deterministic error bounds validated by current benchmark.,PROHIBITED_CLAIM,frozen artifact audit,[],[],null,not applicable,null,Descriptive frozen realization; no new interval or significance test. Mechanical checks are conditional on tested paths.,Must not appear as an affirmative current result.,[],supporting,false,false,false,[],"No empirical, causal, calibrated-PD, universal-generalization or substantive financing-optimum extension.",Historical or overextended claim explicitly barred.,Replacement: No benchmark error-budget certification admitted; conditional mathematical discussion is omitted.,not applicable,false,false
PROH-023,Historical AUC improvement,"Prohibited as a current substantive result: +0.18 AUC and [0.12,0.24] interval.",PROHIBITED_CLAIM,frozen artifact audit,[],[],null,not applicable,null,Descriptive frozen realization; no new interval or significance test. Mechanical checks are conditional on tested paths.,Must not appear as an affirmative current result.,[],supporting,false,false,false,[],"No empirical, causal, calibrated-PD, universal-generalization or substantive financing-optimum extension.",Historical or overextended claim explicitly barred.,Replacement: No current comparator.,not applicable,false,false
PROH-024,Historical paired error change,"Prohibited as a current substantive result: Delta RMSE -0.24 and [-0.31,-0.17] interval.",PROHIBITED_CLAIM,frozen artifact audit,[],[],null,not applicable,null,Descriptive frozen realization; no new interval or significance test. Mechanical checks are conditional on tested paths.,Must not appear as an affirmative current result.,[],supporting,false,false,false,[],"No empirical, causal, calibrated-PD, universal-generalization or substantive financing-optimum extension.",Historical or overextended claim explicitly barred.,Replacement: No current paired comparator.,not applicable,false,false
PROH-025,Historical expected return,"Prohibited as a current substantive result: 19.6% expected IRR and [18.2,21.1] interval.",PROHIBITED_CLAIM,frozen artifact audit,[],[],null,not applicable,null,Descriptive frozen realization; no new interval or significance test. Mechanical checks are conditional on tested paths.,Must not appear as an affirmative current result.,[],supporting,false,false,false,[],"No empirical, causal, calibrated-PD, universal-generalization or substantive financing-optimum extension.",Historical or overextended claim explicitly barred.,Replacement: No historical return estimate admitted.,not applicable,false,false
PROH-026,Historical traditional comparator,"Prohibited as a current substantive result: Traditional AUC .58, RMSE .52, IRR 16.2% or intervals.",PROHIBITED_CLAIM,frozen artifact audit,[],[],null,not applicable,null,Descriptive frozen realization; no new interval or significance test. Mechanical checks are conditional on tested paths.,Must not appear as an affirmative current result.,[],supporting,false,false,false,[],"No empirical, causal, calibrated-PD, universal-generalization or substantive financing-optimum extension.",Historical or overextended claim explicitly barred.,Replacement: No executed current comparator.,not applicable,false,false
PROH-027,Historical naive comparator,"Prohibited as a current substantive result: Naive AUC .64, RMSE .45, IRR 17.1% or intervals.",PROHIBITED_CLAIM,frozen artifact audit,[],[],null,not applicable,null,Descriptive frozen realization; no new interval or significance test. Mechanical checks are conditional on tested paths.,Must not appear as an affirmative current result.,[],supporting,false,false,false,[],"No empirical, causal, calibrated-PD, universal-generalization or substantive financing-optimum extension.",Historical or overextended claim explicitly barred.,Replacement: No executed current comparator.,not applicable,false,false
PROH-028,Historical Bayesian comparator,"Prohibited as a current substantive result: Bayesian AUC .72, RMSE .34, IRR 18.4% or intervals.",PROHIBITED_CLAIM,frozen artifact audit,[],[],null,not applicable,null,Descriptive frozen realization; no new interval or significance test. Mechanical checks are conditional on tested paths.,Must not appear as an affirmative current result.,[],supporting,false,false,false,[],"No empirical, causal, calibrated-PD, universal-generalization or substantive financing-optimum extension.",Historical or overextended claim explicitly barred.,Replacement: Bayesian experiment excluded.,not applicable,false,false
PROH-029,Historical screening sample,Prohibited as a current substantive result: Ten operators with fifty scenarios each for screening.,PROHIBITED_CLAIM,frozen artifact audit,[],[],null,not applicable,null,Descriptive frozen realization; no new interval or significance test. Mechanical checks are conditional on tested paths.,Must not appear as an affirmative current result.,[],supporting,false,false,false,[],"No empirical, causal, calibrated-PD, universal-generalization or substantive financing-optimum extension.",Historical or overextended claim explicitly barred.,Replacement: SCR-003; separate financing sample must not be conflated.,not applicable,false,false
PROH-030,Quarterly evaluation,Prohibited as a current substantive result: Twenty quarterly observations in current benchmark.,PROHIBITED_CLAIM,frozen artifact audit,[],[],null,not applicable,null,Descriptive frozen realization; no new interval or significance test. Mechanical checks are conditional on tested paths.,Must not appear as an affirmative current result.,[],supporting,false,false,false,[],"No empirical, causal, calibrated-PD, universal-generalization or substantive financing-optimum extension.",Historical or overextended claim explicitly barred.,Replacement: Five annual observations per screening scenario.,not applicable,false,false
PROH-031,Borrower geography and scale,Prohibited as a current substantive result: Historical geographic borrower sample and $1.2-4.8B scale.,PROHIBITED_CLAIM,frozen artifact audit,[],[],null,not applicable,null,Descriptive frozen realization; no new interval or significance test. Mechanical checks are conditional on tested paths.,Must not appear as an affirmative current result.,[],supporting,false,false,false,[],"No empirical, causal, calibrated-PD, universal-generalization or substantive financing-optimum extension.",Historical or overextended claim explicitly barred.,Replacement: Stipulated synthetic archetypes only.,not applicable,false,false
PROH-032,Cluster bootstrap,"Prohibited as a current substantive result: 2,000 stratified operator-clustered bootstrap samples.",PROHIBITED_CLAIM,frozen artifact audit,[],[],null,not applicable,null,Descriptive frozen realization; no new interval or significance test. Mechanical checks are conditional on tested paths.,Must not appear as an affirmative current result.,[],supporting,false,false,false,[],"No empirical, causal, calibrated-PD, universal-generalization or substantive financing-optimum extension.",Historical or overextended claim explicitly barred.,Replacement: SCR-014 descriptive fold dispersion.,not applicable,false,false
PROH-033,BCa agreement,Prohibited as a current substantive result: BCa checks agree within 0.01 AUC.,PROHIBITED_CLAIM,frozen artifact audit,[],[],null,not applicable,null,Descriptive frozen realization; no new interval or significance test. Mechanical checks are conditional on tested paths.,Must not appear as an affirmative current result.,[],supporting,false,false,false,[],"No empirical, causal, calibrated-PD, universal-generalization or substantive financing-optimum extension.",Historical or overextended claim explicitly barred.,Replacement: No such current verification.,not applicable,false,false
PROH-034,RMSE intervals,Prohibited as a current substantive result: Clustered RMSE confidence intervals.,PROHIBITED_CLAIM,frozen artifact audit,[],[],null,not applicable,null,Descriptive frozen realization; no new interval or significance test. Mechanical checks are conditional on tested paths.,Must not appear as an affirmative current result.,[],supporting,false,false,false,[],"No empirical, causal, calibrated-PD, universal-generalization or substantive financing-optimum extension.",Historical or overextended claim explicitly barred.,Replacement: No admitted current intervals.,not applicable,false,false
PROH-035,Historical split,Prohibited as a current substantive result: 70/30 split or held-out quarterly evaluation.,PROHIBITED_CLAIM,frozen artifact audit,[],[],null,not applicable,null,Descriptive frozen realization; no new interval or significance test. Mechanical checks are conditional on tested paths.,Must not appear as an affirmative current result.,[],supporting,false,false,false,[],"No empirical, causal, calibrated-PD, universal-generalization or substantive financing-optimum extension.",Historical or overextended claim explicitly barred.,Replacement: Training-only leave-one-template-out thresholds.,not applicable,false,false
PROH-036,Within-operator CV,Prohibited as a current substantive result: Five-fold within-operator cross-validation.,PROHIBITED_CLAIM,frozen artifact audit,[],[],null,not applicable,null,Descriptive frozen realization; no new interval or significance test. Mechanical checks are conditional on tested paths.,Must not appear as an affirmative current result.,[],supporting,false,false,false,[],"No empirical, causal, calibrated-PD, universal-generalization or substantive financing-optimum extension.",Historical or overextended claim explicitly barred.,"Replacement: Leave-one-template-out evaluation, not historical CV.",not applicable,false,false
PROH-037,Equal template weighting,Prohibited as a current substantive result: Aggregate screening metrics equally weight templates.,PROHIBITED_CLAIM,frozen artifact audit,[],[],null,not applicable,null,Descriptive frozen realization; no new interval or significance test. Mechanical checks are conditional on tested paths.,Must not appear as an affirmative current result.,[],supporting,false,false,false,[],"No empirical, causal, calibrated-PD, universal-generalization or substantive financing-optimum extension.",Historical or overextended claim explicitly barred.,Replacement: Rows weighted equally; template counts differ.,not applicable,false,false
PROH-038,Significance test,Prohibited as a current substantive result: p < 0.001 clustered permutation result.,PROHIBITED_CLAIM,frozen artifact audit,[],[],null,not applicable,null,Descriptive frozen realization; no new interval or significance test. Mechanical checks are conditional on tested paths.,Must not appear as an affirmative current result.,[],supporting,false,false,false,[],"No empirical, causal, calibrated-PD, universal-generalization or substantive financing-optimum extension.",Historical or overextended claim explicitly barred.,Replacement: No significance claim.,not applicable,false,false
PROH-039,Certification percentages,"Prohibited as a current substantive result: Historical time-point/scenario certification, false non-certification, bound utilization or excess-conservatism percentages.",PROHIBITED_CLAIM,frozen artifact audit,[],[],null,not applicable,null,Descriptive frozen realization; no new interval or significance test. Mechanical checks are conditional on tested paths.,Must not appear as an affirmative current result.,[],supporting,false,false,false,[],"No empirical, causal, calibrated-PD, universal-generalization or substantive financing-optimum extension.",Historical or overextended claim explicitly barred.,Replacement: No current certification experiment.,not applicable,false,false
PROH-040,Validated discrepancy bounds,Prohibited as a current substantive result: Historical ICR .089/.120 or leverage .112/.143 as proved benchmark bounds.,PROHIBITED_CLAIM,frozen artifact audit,[],[],null,not applicable,null,Descriptive frozen realization; no new interval or significance test. Mechanical checks are conditional on tested paths.,Must not appear as an affirmative current result.,[],supporting,false,false,false,[],"No empirical, causal, calibrated-PD, universal-generalization or substantive financing-optimum extension.",Historical or overextended claim explicitly barred.,Replacement: No validated matched-model error budget.,not applicable,false,false
PROH-041,Small relative error,Prohibited as a current substantive result: Median less than 3% relative error.,PROHIBITED_CLAIM,frozen artifact audit,[],[],null,not applicable,null,Descriptive frozen realization; no new interval or significance test. Mechanical checks are conditional on tested paths.,Must not appear as an affirmative current result.,[],supporting,false,false,false,[],"No empirical, causal, calibrated-PD, universal-generalization or substantive financing-optimum extension.",Historical or overextended claim explicitly barred.,Replacement: No retained result.,not applicable,false,false
PROH-042,Posterior frontiers,Prohibited as a current substantive result: Posterior frontiers or 80%/95% credible financing bands.,PROHIBITED_CLAIM,frozen artifact audit,[],[],null,not applicable,null,Descriptive frozen realization; no new interval or significance test. Mechanical checks are conditional on tested paths.,Must not appear as an affirmative current result.,[],supporting,false,false,false,[],"No empirical, causal, calibrated-PD, universal-generalization or substantive financing-optimum extension.",Historical or overextended claim explicitly barred.,Replacement: No posterior integration.,not applicable,false,false
PROH-043,Historical intervention sensitivities,"Prohibited as a current substantive result: Quarterly/annual, cure, hedge or floor sensitivity return/breach/RMSE tables.",PROHIBITED_CLAIM,frozen artifact audit,[],[],null,not applicable,null,Descriptive frozen realization; no new interval or significance test. Mechanical checks are conditional on tested paths.,Must not appear as an affirmative current result.,[],supporting,false,false,false,[],"No empirical, causal, calibrated-PD, universal-generalization or substantive financing-optimum extension.",Historical or overextended claim explicitly barred.,Replacement: Not current experiments; OPT-006 is fixed-term-rate sensitivity only.,not applicable,false,false
PROH-044,Historical optimized breach plot,Prohibited as a current substantive result: V2 breach composition measures optimized versus baseline financing.,PROHIBITED_CLAIM,frozen artifact audit,[],[],null,not applicable,null,Descriptive frozen realization; no new interval or significance test. Mechanical checks are conditional on tested paths.,Must not appear as an affirmative current result.,[],supporting,false,false,false,[],"No empirical, causal, calibrated-PD, universal-generalization or substantive financing-optimum extension.",Historical or overextended claim explicitly barred.,Replacement: V2 flags describe synthetic failure composition.,not applicable,false,false
PROH-045,Causal stress thresholds,Prohibited as a current substantive result: Failure caused above historical volatility/leverage/lease thresholds.,PROHIBITED_CLAIM,frozen artifact audit,[],[],null,not applicable,null,Descriptive frozen realization; no new interval or significance test. Mechanical checks are conditional on tested paths.,Must not appear as an affirmative current result.,[],supporting,false,false,false,[],"No empirical, causal, calibrated-PD, universal-generalization or substantive financing-optimum extension.",Historical or overextended claim explicitly barred.,Replacement: No causal threshold experiment.,not applicable,false,false
PROH-046,Bayesian benchmark generator,Prohibited as a current substantive result: Bayesian data-informed priors generated screening benchmark.,PROHIBITED_CLAIM,frozen artifact audit,[],[],null,not applicable,null,Descriptive frozen realization; no new interval or significance test. Mechanical checks are conditional on tested paths.,Must not appear as an affirmative current result.,[],supporting,false,false,false,[],"No empirical, causal, calibrated-PD, universal-generalization or substantive financing-optimum extension.",Historical or overextended claim explicitly barred.,Replacement: Fixed synthetic generator; no Bayesian integration.,not applicable,false,false
PROH-047,Pure approximation error,Prohibited as a current substantive result: Cross-model differences measure only analytic approximation error.,PROHIBITED_CLAIM,frozen artifact audit,[],[],null,not applicable,null,Descriptive frozen realization; no new interval or significance test. Mechanical checks are conditional on tested paths.,Must not appear as an affirmative current result.,[],supporting,false,false,false,[],"No empirical, causal, calibrated-PD, universal-generalization or substantive financing-optimum extension.",Historical or overextended claim explicitly barred.,"Replacement: Structural, timing and input/convention differences also contribute; omitted from v3 results.",not applicable,false,false
PROH-048,V2 precise AUC interval,Prohibited as a current substantive result: V2 scenario-bootstrap interval is v3 template-transfer uncertainty.,PROHIBITED_CLAIM,frozen artifact audit,[],[],null,not applicable,null,Descriptive frozen realization; no new interval or significance test. Mechanical checks are conditional on tested paths.,Must not appear as an affirmative current result.,[],supporting,false,false,false,[],"No empirical, causal, calibrated-PD, universal-generalization or substantive financing-optimum extension.",Historical or overextended claim explicitly barred.,Replacement: Descriptive fold dispersion; no manufactured interval.,not applicable,false,false
PROH-049,Unobserved leverage curve,Prohibited as a current substantive result: Debt objective decreases below 1.50x or across infeasible levels.,PROHIBITED_CLAIM,frozen artifact audit,[],[],null,not applicable,null,Descriptive frozen realization; no new interval or significance test. Mechanical checks are conditional on tested paths.,Must not appear as an affirmative current result.,[],supporting,false,false,false,[],"No empirical, causal, calibrated-PD, universal-generalization or substantive financing-optimum extension.",Historical or overextended claim explicitly barred.,Replacement: Feasible observed levels only; OPT-005.,not applicable,false,false
PROH-050,Coverage proves validity,Prohibited as a current substantive result: Coverage alone validates the optimizer.,PROHIBITED_CLAIM,frozen artifact audit,[],[],null,not applicable,null,Descriptive frozen realization; no new interval or significance test. Mechanical checks are conditional on tested paths.,Must not appear as an affirmative current result.,[],supporting,false,false,false,[],"No empirical, causal, calibrated-PD, universal-generalization or substantive financing-optimum extension.",Historical or overextended claim explicitly barred.,"Replacement: Independent toy, targeted checks and runtime evidence; OPT-008/009.",not applicable,false,false
